"","ENSG00000012817.10","ENSG00000047457.9","ENSG00000064886.8","ENSG00000067048.11","ENSG00000090104.7","ENSG00000105697.2","ENSG00000108342.8","ENSG00000108379.5","ENSG00000108691.4","ENSG00000114374.8","ENSG00000115602.12","ENSG00000128016.3","ENSG00000128564.5","ENSG00000129824.9","ENSG00000131002.7","ENSG00000133048.8","ENSG00000134184.7","ENSG00000134201.5","ENSG00000135245.9","ENSG00000141469.11","ENSG00000143546.5","ENSG00000152726.14","ENSG00000157005.3","ENSG00000159189.7","ENSG00000163220.10","ENSG00000163682.11","ENSG00000163739.4","ENSG00000164326.4","ENSG00000165507.8","ENSG00000167772.6","ENSG00000170345.4","ENSG00000173369.11","ENSG00000173372.12","ENSG00000176728.3","ENSG00000179344.11","ENSG00000180229.8","ENSG00000184557.3","ENSG00000184674.8","ENSG00000187534.4","ENSG00000188536.8","ENSG00000189343.6","ENSG00000196126.6","ENSG00000196136.10","ENSG00000196436.6","ENSG00000198417.5","ENSG00000198502.5","ENSG00000198618.4","ENSG00000198692.5","ENSG00000198744.5","ENSG00000204389.6","ENSG00000204525.8","ENSG00000205246.4","ENSG00000205358.3","ENSG00000205362.6","ENSG00000205571.7","ENSG00000206172.4","ENSG00000206585.1","ENSG00000207418.1","ENSG00000209804.1","ENSG00000215030.4","ENSG00000215559.4","ENSG00000224201.3","ENSG00000224911.1","ENSG00000225630.1","ENSG00000225972.1","ENSG00000227077.2","ENSG00000227097.4","ENSG00000229807.3","ENSG00000230903.3","ENSG00000233927.2","ENSG00000234665.2","ENSG00000236650.1","ENSG00000237550.3","ENSG00000238103.2","ENSG00000239368.1","ENSG00000243509.4","ENSG00000244734.1","ENSG00000247081.2","ENSG00000251349.3","ENSG00000254275.2","ENSG00000254681.2","ENSG00000255690.1","ENSG00000255813.1","ENSG00000258486.1","ENSG00000263503.1","ENSG00000263620.1","y_class","y_reg"
"1",-0.120966782632839,2.22798738807397,0.583459307741462,-0.128310661493685,0.477688521797302,3.47611928348996,1.94464813033661,0.897490153192488,1.55707851266665,-0.117151311019169,1.44859628474064,3.01218001940474,2.4666712545217,-0.214568955155677,-0.0955339274883289,3.53888241005705,3.49992055890527,2.95997687338775,2.74312626267716,3.16024515645816,3.12921066429498,1.56248300975285,2.91519624663551,3.52670163661777,3.13048805810109,6.34865200935777,1.11793170389544,3.60063957252989,3.19435649800597,3.95512529695379,3.023098618645,4.18456190295033,4.07619226814618,-0.0988353430950836,2.12655512137868,5.14800655545604,2.5847051166838,4.17117765303408,0.518612487047022,4.47088199752161,2.88181300021803,1.36133891877445,2.63500581701482,1.74321694395618,5.21770180346258,-0.0434774050337835,1.929036359533,-0.123685071760345,0.385970580691297,5.27320288433727,4.20657222736329,0.557519675705336,2.09675833978269,2.31674854185804,0.155609829376467,4.38529231851217,0.95127071604033,0.95127071604033,1.64443349831112,0.111831444713346,0.927362690119672,0.627439001963473,1.98515832995614,6.42937964101329,-0.277381660339091,2.42895303469567,6.26127727715702,5.12691499411882,-0.323448979210794,6.4213469029603,0.126657613158638,3.06358488660532,-0.342107375714426,0.952431433942172,2.15455310223967,3.93261324561071,2.94423687641802,2.20209676908384,0.020232089335759,1.51017350683049,3.3830940423397,2.0813785824254,1.39275773023899,0.257093743159205,-0.0200532207278665,1.92525077475916,"NCI",-0.232234527
"2",-0.0490994235414306,1.24223820873391,0.183407273338429,-0.0462178153210226,0.743545050428443,1.10575214441084,0.174811539681021,2.4458303434297,1.50711202320064,-0.0381276337355674,0.845762503407764,2.27310295248093,2.40023032545001,-0.047063423793307,-0.0287945430077509,3.93427537944387,3.1062090243838,3.27465851755072,2.16425991450081,2.74117353199099,2.32850476281311,0.122034473804756,2.24696864719615,2.53631006550871,2.58258466079994,4.32185683995245,0.748088517589213,3.28375300678962,2.59251765426473,2.59428462006287,2.45623037000886,3.06945644008352,2.93502747416078,-0.0359860259618263,2.60268791358754,5.23644543658267,1.74555555418441,3.60450151721617,1.73480574915739,3.99845510262287,2.69736833678677,1.08444209860279,1.800839996153,1.91530887500007,5.52215644048741,-0.0636885562415199,1.71639594766211,-0.0361625672150933,0.699395597792477,5.74565533195294,4.03904012090668,1.87094171134377,1.87580707840651,1.41526831117455,2.67739131049091,3.79455669009682,-0.11550705811332,-0.11550705811332,1.26996442360199,0.162200660660364,2.04805371682619,0.661103046270607,1.1250212196491,6.56418682805709,1.14046670541337,0.125659580137142,6.9059630638473,4.99790934299458,4.41449092231304,1.68523038548481,1.52185496499912,3.6391614237365,5.36379298292996,5.46635375703407,0.740986937811976,2.65550896920728,2.07913159507254,1.33527574484128,-0.0511718859849966,1.36736727132644,2.57935246320554,2.50576246390211,0.322031251268873,4.70837372332412,0.110137189887887,1.79921843123403,"AD",-1.425530168
"3",0.00898920488742849,2.39807298013527,1.88898950089002,0.0504397002739786,1.28662605649757,3.20346243157236,0.0849513664965023,2.55245751991146,1.5579404695781,0.0221838711751468,0.66594492121928,2.21482502599871,2.90169368336853,0.0875247918504474,0.0197908944207905,3.44359038140025,0.45087026630604,3.14750667216782,2.22585739464827,3.77916958675353,2.16835294540398,0.0898985707205637,3.52399547374097,3.87131313566446,2.76987532268654,6.50205875185267,0.0872735780499042,3.14277534885324,3.684603326249,2.80844266805964,2.39787429928559,4.41529671511766,4.3705469696789,0.0140640428378962,0.510790773280329,4.54298122482539,1.51971789420646,0.13340786120633,0.275887906105191,5.21387131707244,2.65890810798836,2.92982124135322,4.91077288067632,1.55391703224586,4.58107654744109,0.582545187311797,1.81997510966611,0.00293723436174465,0.464933006171647,4.4206167781252,4.4831981698714,2.05424921728682,1.5160483555495,0.893542809609621,3.12444456267126,4.78281194259053,0.0807648950355021,0.0807648950355021,-0.15068716424307,0.0378514542139733,1.01252282074433,0.0353379834935418,2.56294031489371,4.71288969816405,0.0528522384872054,-0.0405539112645785,6.95973268931054,4.55359176697233,4.04389182774147,1.98672781431928,0.0724369802797747,3.84424590850343,4.75550653115075,3.36657989507175,2.72691827471277,1.54146757840504,4.28416228821982,2.11688787976048,2.21645690699514,0.436396685450647,0.83995490167383,2.10604453237214,-0.387062891434848,3.04063776329424,-0.152362408345642,0.8979200971621,"NCI",0.392515233
"4",2.27299852098342,2.4858491565702,0.045508742407727,2.25359197449429,0.398612295623362,3.34408214946251,0.694839653139709,1.34332509150237,2.91007941229487,2.21154217084728,1.38505512467413,4.53997605859718,2.83874866939824,3.81102979745561,1.86756390255704,4.53313398581533,0.042004128591413,3.23829418041885,3.79980558649135,2.67093437871778,1.46556596224682,0.547909398582626,2.36415652556059,2.67209086982744,1.72389680721137,5.74076842504142,0.625813137874748,2.87274089529968,4.52449530005981,3.95745378699254,4.07029198548342,3.11456729529224,2.95720164390423,1.76425589003349,0.788823137896718,4.51306534012518,3.66326899491195,3.84445505600507,0.710205339344126,6.86660413656982,2.75361012453608,2.39134895658384,4.01295881723103,1.54615398159215,4.93689816298768,0.442930101682542,1.14885680655437,2.20727510779223,0.448566717188812,6.82222603516388,3.39291966185692,0.161931813731712,1.72470486091587,3.01311009969513,2.48421524212311,6.62598888042119,1.45542478174243,1.45542478174243,1.08923407176627,2.05358030478793,0.297471147413345,0.0285915896026019,2.60262943267425,6.07104387842872,0.873656141244738,2.24953813444802,0.153748808660346,0.615643736741898,3.92300516347869,6.34738440830634,0.261420693625969,3.75192283004459,4.6971236062432,3.73696100112899,0.878154096259846,2.95061771043469,6.29003895314672,2.75512858286208,1.71600106156644,1.12826006892113,1.30308529714896,2.69828926305369,-0.244801928597416,2.4319344337034,0.0422677023346252,0.986879193656174,"MCI",-0.066681891
"5",2.55104481429588,2.22036379019002,0.980917281843308,2.39364452611997,4.10334047849686,4.1212479900924,1.33638611636261,2.40893757213428,2.64734089425451,2.28144694506633,1.28820319288884,3.83722595404269,2.61800620003692,3.78430844757656,2.0584943591363,4.41365601539944,0.0847883216826217,3.07828817833765,4.92797374810503,2.74281727762164,3.55619886162376,2.3046828418516,2.35188382511355,4.1165615553143,3.61346225201032,5.94989718987206,1.0210172760643,4.24034478660225,4.68186172020924,4.5975076607819,3.65946362862584,4.54321067311215,4.19565451418789,1.64086841789852,3.05234388599349,4.35333702393531,2.93852004097453,3.33303366292831,1.35553207515791,5.5145616076618,2.15080724206074,3.33746957555837,3.68233271905916,0.130287608409735,6.07246664104598,3.19300447137049,2.04338624522113,2.08700021768205,0.372638179354087,4.52222913799946,4.12739371562883,0.401171769883803,3.34855644332726,2.90884388368481,1.63583295794279,5.25804158629348,0.994204846122286,0.994204846122286,0.145245168001175,2.58264204499477,1.01950144618054,-0.14290083243943,1.93997911458473,6.14666542235721,0.326302100899901,0.37027077436071,6.76245650353668,0.797051168637341,3.87479853099396,2.42777862858599,1.65520933341956,3.5269343249276,4.60610556222452,3.66841991638825,1.50166365133191,3.84748354070822,4.89455045362056,1.78136091059078,0.946069564899748,0.109620797988157,1.86059834772075,1.83982922166375,0.204611212244276,4.01683883604397,0.0690464114129052,0.143035419945015,"MCI",-0.165163859
"6",0.12041948256187,2.70016909352275,2.22426244397925,0.0962364692275152,2.58254098400529,3.21770163187364,0.606596243164415,1.23909351302123,1.16883645810625,0.099985182419848,2.47163052677124,3.81069039464728,1.5069618878832,0.197048575061927,0.0850666771768579,3.96453945895859,3.75051646809506,3.40680816778562,3.41670230827532,4.66913886743534,2.68935202342529,-0.023609269260163,2.34657167029941,3.25822125166197,2.65225691525096,6.09447336695581,2.03286568014653,2.47651517278719,4.90158322268145,4.70780114556758,3.32416277579912,4.30417930952527,4.09224307572678,0.0779587903969914,1.82998258235547,4.21866946645586,2.52287936955165,2.94191711397653,0.161261307882934,6.43736735086017,3.29456609262238,1.60122243136469,4.97325483474657,0.366869656847713,4.39044973490606,0.422494191544735,2.09439867066915,0.110974741163184,0.655893006540745,4.73119047330973,3.12652587121538,1.52851785809946,2.21256646360721,2.31547100616199,2.16252310344786,5.95144826006827,1.83042361707044,1.83042361707044,1.39192325027326,0.225440119549566,0.425859783064054,0.0272012746204602,2.80805403673015,6.69173334759214,1.15771677931565,2.58579757915965,6.118554778463,5.10537208395832,4.05486859145805,6.17945888156648,2.15725636008592,3.42592244231962,4.74251451111037,3.73470785931637,0.573106668506186,5.05716495322553,5.34205054400672,2.90133620421118,0.0364254568867398,1.7150045708354,0.64578051228323,2.80229902115236,0.159702361319696,0.43376154676776,0.120892425511755,0.70709128997824,"AD",-0.636914251
"7",0.112522602844409,1.69234100645593,0.8290437810175,0.0986406641807056,0.162321814539509,3.72833580715381,0.964339241877832,1.11229724837098,3.2713575345566,0.095920641904939,0.738875528998387,3.94563349602194,2.93857479913908,0.188703896915839,0.133169549362246,3.96174974911802,0.00604503583386373,3.66586602713393,2.71042365476572,2.50485487623268,2.14477142373137,0.112462269383736,2.82126459992676,2.6225535086477,2.68387760898679,4.07983801217893,1.16317066965495,2.770155457533,3.97426754512573,4.1253239265326,2.9009817290588,3.42950373536313,3.33465969724609,0.078920211081418,1.58267201476871,3.67735139640521,3.56795991002845,3.73928655906686,0.365150501873724,6.19119042343123,1.95982217913229,1.19363865855614,3.24951228217883,2.08041475153686,4.37174482135376,0.238903365191316,0.874492633442609,0.100560076896173,1.47606572404576,4.48721430830098,3.95448651266883,1.82579444940796,1.15808628187378,2.86335177379871,2.06382181884566,5.81107309108557,1.18530577932384,1.18530577932384,0.6075627858549,0.290377896380683,1.41483781420235,0.836775945927089,1.28314942273293,6.59333088360295,0.159260460094836,3.00120689389669,0.460252728696152,4.93732327063718,4.54672861447832,6.73954380001681,0.162744761605115,2.80191184619115,5.34688843855598,4.86389386366322,1.84493889484456,3.05245782308605,5.13698908206127,2.50950119797853,0.0300909269523079,1.27524165834835,0.5368745263861,1.99739088020295,0.134576158231387,0.425111751120541,3.9404387987795,0.608218984740984,"MCI",-0.49990601
"8",0.105243880779742,0.733700780167925,0.512523421113293,0.0910100656650217,0.128724059344638,2.60921151876838,-0.00398474337961008,1.46764655296181,1.24676217332558,0.095920641904939,1.79802269940446,2.77362927750905,2.61076328601264,0.188703896915839,0.0823870215553205,2.9746306117005,0.0581692821623956,3.34151510423185,2.74216195226771,2.94218025184364,2.14402382972618,1.52724142544515,1.29793880204338,1.52055539239695,1.92872956735354,4.74894374422011,0.581351737788533,4.61544651499125,2.69819465941248,3.00378393193519,2.08088009492849,2.07332580040243,1.81271947982334,0.078920211081418,1.60836883578573,3.83273318793149,2.02270522228959,3.04655126440716,0.366303134684155,6.12940785956948,2.94263792369115,0.821434166012701,2.8096435054992,0.657759864074542,3.83329967942166,0.0686725367624911,0.928210754167327,0.100560076896173,0.793311281842939,5.39727372528496,3.65227797759342,2.58293762514918,0.656364753663745,2.23298082734442,2.05265011095501,5.63073962665814,1.32981694243512,1.32981694243512,2.35291842856358,2.75804049818539,1.9747079887141,0.0179858935825005,1.7073699613448,6.7499310373042,1.07983342241281,0.244222780367186,6.75759730379679,5.25610708149438,4.49366739124343,2.30697931130831,2.25300747922655,3.17505244895613,5.23008051521414,5.56191971719194,0.824642821358903,2.77312732259467,4.99361441048196,1.6438569419095,0.0300909269523079,1.90987033053549,1.85856443509637,2.4294482085881,0.134576158231387,3.24323920835429,0.128852903926513,0.608218984740984,"MCI",-0.947618308
"9",0.1822086093842,0.964323042765488,0.846932188870735,0.172123406681206,0.241021187658917,1.32713826297691,0.0992575688235516,1.1042038929567,1.46928851853071,0.170773823119903,0.645182561186811,1.92381300522042,2.93553842472669,0.45724587269336,0.14077519271356,3.50952814332539,0.113690546065759,1.26502926089194,1.75784825506851,2.62953555061776,1.85549563893897,0.00694019622088715,2.93724121538217,2.07316412165323,2.11950282155179,3.78365326465472,0.659836691696689,3.66742066463162,2.43743603259074,2.23701139912357,1.76533073449463,2.75297880996874,2.83302842935139,0.1327433349301,0.151368315808027,4.63559219939813,1.09587920432919,3.80713478604343,0.413201606663466,4.97917902747294,1.52310005791578,0.862349273206765,3.19546958060738,2.29454281613442,4.91854678703314,-0.0254530304563354,1.23795593652703,0.159156707886327,0.99978887804693,4.20647911072361,3.85609273314033,2.1245265913417,2.63319546177296,1.54357670819625,3.34842722491575,4.72157638415273,1.59845201057195,1.59845201057195,0.199848726090439,2.33527668677294,0.571107231568958,0.0739550651343546,1.80314986152222,6.92423574650559,0.699343171070657,2.07311855305977,5.87441385487766,4.42113037222188,4.60915535768323,6.24152108853868,1.97428429343024,0.365421465738224,5.51670268848096,5.51190125977356,1.77800553553815,2.51244017039336,4.23222578714609,1.58303335214183,2.16630601075764,0.452891780701428,1.77635953687623,2.02195474408664,0.227745403328056,2.85688351130662,0.0224610566867717,-0.00149988844388793,"AD",-3.486959831
"10",2.55471183024677,0.369370791624757,0.361043661694442,2.56728738546696,2.067645172586,0.806861706929985,0.000555629474413899,2.34203170088783,1.53872919774114,2.54518892326921,1.31804381430843,2.13658109744902,3.22637620757989,4.14142079602311,2.02500408468821,4.54938169672864,0.278127813421315,1.21359054288209,2.05868020885579,1.79406094319965,1.55831007464807,1.72401686281781,3.15333079743225,2.76191071352465,1.97899042737743,6.25599139907195,1.03808304401259,3.9281526561249,1.6430294407829,2.7160099689888,2.00310617190496,3.28563443023267,3.26381089103972,2.16328646514731,2.07656060516653,4.87860692821177,0.83913617175443,4.38433809753792,0.322741677011344,5.69874726244743,2.28184741036883,1.43086710611983,2.1309720997259,2.62945912300896,4.21021119447092,0.164915625825161,2.07228463107552,2.46358309025855,0.357163517432038,4.44031698710999,3.07043734662888,1.88189316389848,1.66775996645,1.37650997867792,3.06103067948984,4.98397618941167,1.54971434708047,1.54971434708047,1.31297906311903,0.346312043841243,2.54632182765994,0.0360374303149619,1.47134432633981,7.01706696952197,1.77053125662366,1.93829466854076,6.46331055164211,0.320842186458036,3.75992561262824,5.80808392730108,0.147617866843446,3.3765683711121,4.57215092221614,3.34972359263698,1.31897187549511,2.09053793252367,4.12929762813548,1.08423536926873,1.27483970615581,2.05459465499758,1.81231752677868,2.22971653619908,0.70629441765277,3.92633667512023,2.95286772916582,1.5500312959769,"AD",-2.210697461
"11",-0.0490994235414306,1.59089177691142,0.420948075704064,-0.0462178153210226,1.80794988724024,1.59811241164825,0.442714773938109,2.94067583932503,0.921804353954597,-0.0168649237800998,1.35435979685184,3.1027042579573,2.37361154025084,-0.0784291432093116,-0.034359764888804,3.13600376192018,0.0340309732933177,3.85100862540863,2.28255233753087,2.86041567969635,1.01542898921008,0.0592254472418763,2.21316450095242,3.15710975343527,1.25947089478047,6.3683807065403,0.569121404309235,3.48982287519334,2.27538876819508,2.95095904297932,3.26595367201812,3.66465888988183,3.73375650690102,-0.0359860259618263,1.36985301385722,4.9568343712995,1.95451678512751,3.48003751466902,1.93594422476231,5.94695767432794,2.76239905346676,1.34398984720232,2.13753832773599,2.29902053151001,5.72773364022339,0.383042050708301,1.31973475320164,-0.0361625672150933,0.605320664649518,5.09563196665769,2.75638592904314,0.146189955331833,3.4379596479817,1.83996251656783,2.7977375024254,5.5042029282957,2.24489490503891,2.24489490503891,2.3051654974965,2.32372735743727,2.71453452062387,0.0232009998631409,2.32342094795353,6.67081487765851,0.354516100710173,2.45026571815819,6.15221091354224,5.55770719658125,4.00392206563793,6.27948133997084,0.1235523878315,3.45607097602383,4.62923530922703,3.36012546455341,0.58740062673549,2.99883931293727,5.27754353676269,1.85352862694553,-0.0511718859849966,0.93942392642708,1.57436196499999,3.4491647662306,0.322031251268873,4.29901891181084,5.12440977371347,0.405365829998977,"AD",-1.104551303
"12",0.189505241542105,1.64917799463755,0.44726431882463,0.164974603093072,1.52849521997846,3.12501647279156,0.706840055665745,2.70739304359343,1.23873743246434,0.177262436438003,0.859382550945274,3.21667429305409,2.51849771287615,0.30589271505217,0.14077519271356,3.00675961733991,0.0736195641422364,3.14488573808302,2.54344672847781,3.40325849200722,2.50466816005976,0.0698842648101781,2.3743432044755,2.86621661816377,2.87558000629817,6.05893986606834,0.821336818876393,4.12477216541352,3.54657193755908,3.60869557785648,2.88095995084576,3.41371897369282,3.48631448033205,0.1327433349301,0.331539291467304,4.16641857989578,2.60877435099395,3.63195241299697,1.70446394992742,5.39283896237135,2.77618399613871,2.33435282083351,2.88069235795585,2.27239303174319,4.52744621422895,1.92338010015074,1.54703245843151,0.19986142084663,0.488295587921176,4.62893429190123,4.10926778463175,0.573266014408996,2.11442927095788,2.39318422055356,2.78007770663538,4.9891149331928,1.23072413684373,1.23072413684373,0.783910879848102,0.246786350090948,1.2297608092601,0.0545244280718868,1.67036598489834,6.40625616887041,0.403689562216077,2.20422556467888,5.88446214660411,4.79484049900885,0.703215084974696,6.24253125638298,0.156100612989019,3.92874258933728,0.849833586468748,1.72233068163897,0.67313520867167,2.79293396264577,4.77306102495753,2.21203829302562,-0.218446723263825,0.991794045445981,2.29276864314107,2.86814740773826,0.227745403328056,3.7428558563524,0.00940181057598133,2.27925852296167,"AD",-2.389289783
"13",2.11978107691428,1.56642998887196,2.4543071932903,1.7751930178486,1.63637638660371,3.57425703611995,1.14991462455463,1.45483293466577,0.566696007381533,1.77230672072702,0.452718869574536,2.99972061865666,3.67148668628432,3.65490310985947,1.69051426445383,5.29142278756438,0.0676254493165533,1.3394455194232,3.49069895916156,2.61112997571023,3.19937907390102,1.50930494993488,3.54715118864772,3.53693885180946,3.4894630943109,5.8997848758224,1.07739934580465,4.05980646794771,4.10202418642263,3.5983135849425,3.15966704011082,4.1474829959285,3.83440326490095,1.5062361243699,1.64154368385642,4.01632331463359,2.47216958120229,3.62800505402617,0.332069876620705,6.10437300634234,2.42389751491813,1.65065521310223,4.39919086300769,1.95377508418942,3.83200218828706,0.00534090074140736,2.3462895471818,1.8991493309334,0.203538042480299,4.13784137380793,4.20366954578152,1.73172661705613,0.697518407301164,2.90386057408263,2.85001348058596,5.6261340297391,0.932460089724248,0.932460089724248,1.27832528211813,0.350428992068572,1.11990382714036,0.0285915896026019,1.95729474949494,7.57397790157311,1.25163918520505,2.455367920742,-0.159362610010986,0.539925659442521,4.22436555169109,6.4000744989336,-0.00254241806602973,3.79151176477014,4.78368786929085,3.71975307118315,1.63605084394507,3.72614869010892,5.32895244672346,3.00372456999303,0.261569311756582,-0.181964950127262,1.81521523082496,2.82250396325613,0.513831946563908,3.59630973051474,0.0422677023346252,0.986879193656174,"MCI",-0.555568487
"14",-0.125665749084412,1.22395219910229,0.405124783022527,-0.128310661493685,0.0928957964545927,1.30476659798001,0.0884377765661546,1.16446222490242,1.14429440893265,-0.117151311019169,0.181332373173334,1.50727987729846,4.12672357372212,-0.181517234725558,-0.0955339274883289,3.76309158977476,3.89472735327137,3.42790806278289,2.1105809739271,3.27140654013634,1.8502632107407,1.72063904728568,3.43392050603636,2.02768939179786,1.8593468662032,4.14877124831399,0.469709170138351,3.48488465356939,2.31868033287467,2.4337545292232,1.61352075609896,2.45010911309691,2.31097270011079,-0.0988353430950836,1.84786058593776,3.58515836952754,0.804158646508453,3.53989468081082,1.64231122539056,6.08378569069215,2.24792514039122,0.891269030564744,2.22373770482373,1.86096854378887,4.53119686825529,0.0462162540335058,1.27909318570009,-0.123685071760345,0.78026353222127,4.20055329393122,2.58613123987214,0.429548073174887,2.35060122474334,1.56687473247839,2.35645142128282,5.81450006154085,1.25485299031547,1.25485299031547,1.15148676024289,0.181315360755155,1.22919677711019,0.992110341746833,0.584383900932623,6.41058386105639,0.369777380848666,2.6473626190824,-0.159097901934786,5.37418758556497,4.5523800729778,6.99957455463564,0.10758456465912,3.86857564023843,5.42244157792876,5.51776431552161,1.59198306164816,2.09013352380114,5.76010252955482,1.48881657326166,0.020232089335759,1.62776955427349,3.09655167559361,3.31476459601621,0.216119760495763,3.25953809696302,-0.0200532207278665,0.149953260232887,"NCI",-0.144476442
"15",-0.0666727580249752,1.74573487921654,3.25734743605564,-0.10729778888829,2.28678461046686,2.70088879362574,1.78589548253169,2.58986200835706,4.79244422585893,-0.12109560726291,2.1176160800164,4.30415868287444,3.36212778655822,-0.202566801476304,-0.108238819896417,6.68505458576433,3.62852475768093,3.3321959468421,3.08365183392572,2.54179474447815,2.4056377491348,1.38408026055476,2.14260535561839,2.91951165861524,2.35916590769024,5.81599898233397,1.57801472548943,3.31265915702976,3.6174806533194,3.76979784307107,3.35140037954679,3.46985555138526,3.32424992781311,-0.0944894737336466,0.0396722617605814,4.10672025832685,3.9116048904395,3.94819089265825,0.0959357287869128,5.56011704755609,2.4027456566883,0.720530537590432,6.01024827096371,2.69719722191716,3.7955383567064,0.117088235040213,0.70201278394832,-0.0152372270828709,-0.041262017063339,6.06544387322921,4.14081969151814,1.97105228849471,2.17557169166346,3.35809724269009,-0.121864923577955,5.24644763956085,1.12892602010978,1.12892602010978,1.28507621670094,0.343535694686644,0.0569647907994613,0.0285915896026019,1.89578142810731,6.23722292064166,0.889671112931348,2.46542647007202,0.830609219178181,4.94465431673985,4.48449221745525,6.62457682359597,0.0466894727125391,3.52470606610826,4.88037278743531,2.32264271568434,0.249101267146988,3.05576044050998,4.79584726658287,2.87312861316806,0.261569311756582,1.55872880907797,0.873847558769831,1.16495104680022,0.293566298903728,3.8284572044844,0.139418831567863,0.986879193656174,"MCI",-0.201767912
"16",-0.0148838452626265,2.25998040757214,0.511393603761266,-0.0172147517682962,2.07627379484177,2.53786491631746,0.532864715691883,1.42563183396093,0.936005732882248,-0.0453278589230303,1.548280421771,2.63596237585177,2.81351005064476,0.000383189213938984,0.00658988383851933,3.51743428287906,0.101762274797584,2.65681818987118,2.67031975946678,3.4241941455327,2.88185796687518,0.0885904665108675,2.96184559783329,3.54624604135641,3.4698718479787,6.22329148903188,1.63059574646051,3.3558384472922,3.1335546154443,3.33020782087847,3.60845977228086,4.25022499314525,3.89043235842312,-0.0359860259618263,1.47799444493659,4.55273527779561,2.10824232004116,3.83305955701275,0.44672118941167,4.30803703374375,2.76129815078359,2.01284288012147,3.56882551041725,1.64681803623025,4.67368977659143,0.193677917095734,0.268554647853461,-0.0361625672150933,0.676964797999769,4.88170713569892,4.11840646016633,2.52434428855396,3.86233145771464,2.65505700949901,2.20619941396265,3.87208699056577,0.517821920162424,0.517821920162424,0.197508359351341,0.0862326522557383,0.227525018734679,0.107597901571588,1.75059204924897,6.95506233320924,0.478025215836164,1.10686896495533,6.06664841771849,5.18494526086478,4.22824386169068,5.60534774185549,0.184451999197764,3.27647945494322,4.6165481124775,3.4338898301526,1.01433318435277,3.05155112958116,3.27176890222735,1.58489116268973,2.1140387986604,0.712516515766375,2.77309243339105,1.16052126548574,0.322031251268873,2.64940209866719,0.129515793968989,-1.19814049500937,"AD",-0.385115482
"17",2.51120490252431,2.26790337548017,1.78704118453561,2.33880816713178,2.26657308012741,1.88116720363619,1.0057196429675,2.62275100203297,1.46490505131079,2.16696286072301,0.419197739553537,3.09083201722659,2.02025076807665,3.80521332678015,1.68415286685114,3.75536009899558,0.0238772777402541,2.99933284635624,2.84049803774507,3.48667013232694,3.26778178469346,1.45465455415004,1.34131159101289,2.63887054510445,3.17940037546995,6.22672146003838,1.9507581327637,2.07194261543129,3.62580417655604,3.76909708949884,2.9058571941069,3.06878227027588,3.20233406868974,2.04703919152851,0.979516747706826,5.08540679745535,2.72895911103715,3.63211959259561,0.104123167947346,5.8357746465311,2.72998561454831,0.821466183776024,3.46439635874109,0.39933498645706,5.24478501484309,0.210003136122558,0.716618664579485,1.9652045132941,0.925697860850267,4.76494263996032,3.98295111720265,1.75755507072371,2.00391276477985,2.68532689545516,3.29718237106145,5.44516956299758,-0.0804838149291184,-0.0804838149291184,2.09360564906218,0.0230931393562233,1.42204302537076,0.184573369946652,1.96712996499688,8.13889982002872,0.553546911590333,1.94389830563277,6.11392080049901,0.747637981186418,0.469645006454052,5.78309789439954,-0.00267410916191257,3.23497880306393,0.593116028567896,1.99836516106344,1.08078856750166,3.23862333532266,4.81324987065401,1.07403053906968,0.250643883925508,2.6170034270286,0.869646657049996,2.04231388791176,3.08908709356684,4.03607383072286,0.0824695734666157,1.17641965699828,"AD",-3.892008216
"18",2.34908252254419,2.43940492054486,0.423462836001063,1.92888078864542,0.676992726144594,1.18578202539355,0.081860878430145,2.55837147869713,0.136627042474624,2.05729655626103,1.91787385951212,2.23077728983522,3.34819711650856,3.94870095343989,1.68015989093905,3.12124918090054,4.1086282473619,3.73404950752541,1.98017534405009,3.33332120390234,1.21701961704231,0.100005765677626,2.45242222971752,2.49231529027465,1.16901347578787,5.77020274389288,0.562658617322497,2.28630473995967,2.8643763340622,3.82776747787488,2.04323083865602,3.14135410078578,2.7977894397044,1.88976544768794,1.02783879170715,4.82935414028871,1.84809060016707,4.33773791189918,0.196171737929177,6.6430235367327,1.84175136747735,1.48373324229971,1.92287643244956,2.18902002894469,5.2482328960773,0.15407848241986,0.344639724149134,2.15899377614735,1.28681491574116,3.88145537289859,3.51263904394256,2.25744738961554,2.67409847969084,0.913252760806078,3.04141045006354,6.25417648193775,1.65835223356913,1.65835223356913,2.20726721281073,0.186468084889741,1.53961725804553,0.049343278789396,2.10975564671741,7.66752615801749,2.35395299617983,1.88688627815563,6.36869784851797,0.760911293506774,4.18012325379242,5.69044688703202,0.307594433930158,2.9280316638651,4.82425151544264,4.3298668965442,1.56894913188425,2.43842366895992,5.87376903524105,1.24172161163447,0.250643883925508,1.85468695243657,1.06098242987756,2.73247572683814,0.777842292873024,3.54440737742446,3.25323236590347,1.17641965699828,"AD",-1.547512863
"19",1.91733325977836,2.09014454344917,1.68750573624875,1.99623868451998,1.85262191631157,3.76267486785773,0.17598218615015,1.11811930748566,1.69224150619276,2.02925821688609,0.289013617930173,2.74047091493029,2.90454417202251,3.67921681023954,1.62047900435891,3.54144007950815,3.25572272811994,3.17233509162054,3.30252330337901,2.68047952199575,1.05486743172329,1.78031645773182,2.35507964191079,3.64417894208833,1.24019181252782,3.91453961857086,0.406118869236707,3.28142425034625,3.44916413605482,2.78197119308465,2.41315363076654,3.97945960525597,4.14016369077086,2.1472940808002,0.0168389281339762,3.73501929778886,2.01142211428047,2.79872328317885,0.405531396508143,5.12498400805773,2.83668225387718,1.3515054926774,4.71288739999576,0.43191193180567,5.98974317149258,-0.00221707530604665,1.90793299588326,1.83739767595349,0.466925807879455,5.01299572204409,2.8281849300902,1.67485565999472,3.85486123385147,2.223699001236,2.13462679798748,4.95771214000491,0.887914647586514,0.887914647586514,1.28467564091554,0.166093102593731,2.52607671080912,0.33642199702828,3.72294311197035,7.19189247028164,1.71176200816526,0.399405577625569,6.63963790515616,0.888897219154937,4.12834748816713,2.74909225669806,1.09077276481765,2.83021462303657,5.23219735981688,5.84248714413974,1.06614006084792,2.81274436489841,3.88910005712151,1.44956058073721,0.020232089335759,3.1917466083872,2.57681071134414,-0.322814679343354,2.86573473537139,0.257093743159205,0.0380864648620803,0.149953260232887,"NCI",0.59139044
"20",2.21509845921968,2.82275906400447,0.421563632998603,1.9871509051227,0.359190698555572,3.29535594487103,1.61983174129786,2.60843073542312,1.2485048759145,2.49967277670396,1.67392064040318,3.22178070794356,4.09888861274202,3.7679927632612,1.97224966481594,3.02965039759998,0.285251651794897,2.42168396414538,3.05185750084175,2.88926072104318,2.11799261449983,1.26750938393546,3.58549443861985,2.96665274483796,1.87345011003235,3.95797309214139,0.886754520080932,2.76575730687334,3.50863773047696,2.82455814793952,3.03453454665372,3.47741293080296,3.3691515770963,2.20435852257601,0.248454512513377,3.43766157174684,2.77087049659069,3.35108048439745,0.547287821986612,6.23140217150489,2.64199126017331,0.651694069351295,1.93608924480008,0.588669976938587,4.03437945890161,0.162088327491164,0.261597535867277,2.08590715414653,0.756559596841333,4.28877773309114,4.38911709643653,1.79999026645488,1.49665130943586,2.13823075960931,2.70067697326198,5.62585619082391,1.6474798626062,1.6474798626062,2.17287518327714,-0.0680442034971538,3.29540891231141,0.183273895313035,2.21815893508063,6.66099983007693,1.11521550765496,-0.179280451292103,6.91717002104439,0.772844666624307,4.25831385122755,2.44700780726192,0.55136154238283,0.527928657135206,5.31654780645341,5.80053794806877,0.513774084432716,3.25923722284321,3.79182248564285,1.82829694908357,-0.0168372390800081,2.62719693242464,2.83335408466284,0.965232735060501,0.557960029807099,-1.04253473170009,-0.152362408345642,0.8979200971621,"NCI",-0.307911424
"21",2.11023357177098,2.3839454064388,0.461715004355956,1.63494654932924,0.889985540851646,1.56381573033263,0.0775142945684322,3.26681552811206,0.692720206550358,1.74833055956777,0.264557192271059,2.08753489168489,3.57565906996566,3.5699591523958,1.58864329107104,2.49583588790289,4.60334590433884,3.64805611937973,2.12667422741988,3.73033564199342,1.06920092426843,1.67649086340377,3.05799252676252,2.22487543070027,1.22360542614273,4.06149311822119,0.394738305361395,3.062379462539,3.13690497610864,2.657378821444,1.56993608799178,2.66078959202136,2.80103634064941,1.47591910362105,2.21103451488265,3.39881842581787,1.33372052683801,3.9954091661902,1.81870045299044,6.93957213593892,2.35372401716115,1.1660402127694,3.11689357590248,1.91592916911319,4.55237210721093,0.025731531989681,1.01031166204603,1.95964500825096,0.568963852421939,4.29818327540825,2.63958617524418,1.60015548639714,3.00266548171487,1.01868911444951,2.78624025041243,6.55555895348177,-0.182427047253542,-0.182427047253542,1.5320882664635,-0.00530025089948483,0.522712182053203,1.32133024804754,0.978961468956894,1.83882540122348,-0.0970848558712979,0.240970801536949,6.48022034011736,0.835041925861862,4.57455346517047,2.20696809710328,0.343866251612909,3.21939437774961,5.44091495393603,5.57423758849862,2.07082396020219,2.47434894485646,6.11692658609763,1.55465626218509,0.020232089335759,1.90675074999213,2.22310045157034,1.61743994069202,0.454127717970865,2.60709960576733,-0.0200532207278665,0.149953260232887,"NCI",-0.562636655
"22",2.29608915092637,1.27347575063037,-0.0841097090186343,2.01298103250082,0.609141828308764,1.70325413175084,0.0214033578691262,3.52836720611342,0.569398580632676,2.56051600396953,0.162054727158039,1.67238580610792,2.99880413150282,4.20775477178873,2.09594574325994,2.41976100612439,0.234823948207344,3.79220815577763,2.13191377161517,3.21120598016723,1.23786491189757,1.67274682823488,2.2730822005705,1.76903742351464,1.28246460768248,6.10667209411719,0.42605794716691,4.42781099323107,3.02470775641113,2.59690677120441,1.53997584923451,2.56285415393068,2.80391034265173,2.17101867531586,1.69523726386064,3.32246315321522,0.9429982442701,2.95326542648205,1.97646689861354,6.02554973018081,2.47442502801957,0.451505280718768,0.648185701184491,2.35970178554691,5.20105212170708,0.124211695286889,1.03878444767689,1.96465673052371,0.707434957981269,4.59210467116159,2.1436608020663,0.327588752000529,2.46840308853298,1.12240546841562,2.9308756396455,5.77543966725958,0.0836219196425477,0.0836219196425477,1.16629624629799,3.16455059275229,1.58092823217108,0.0179858935825005,0.628198766586092,6.49907202799005,0.438043440076758,2.12846451947727,6.22251670808397,-0.0810136510365647,3.74741299988398,6.10845584509725,1.76184486268048,3.84596057101065,4.33436738166933,4.06331176478629,1.85403413526854,2.51540364193732,3.75495541799837,1.24241582578508,0.0300909269523079,2.0529255514267,1.34722121526365,0.437080346922291,1.12007972508693,2.84878448979547,3.71306410625124,0.608218984740984,"MCI",-0.04915956
"23",2.36950576090531,1.15643766714761,0.630634416299039,2.1048022133224,0.828040156757894,1.11080606060207,0.0590966883811206,2.41735782006726,0.960817797105979,2.28193473579617,0.187504822673859,1.58096969059828,3.70735974652696,3.71080738238959,1.63527306538033,3.69019220146313,3.32599366425055,3.35433951055365,2.15299947613971,2.77348494185115,1.4567600103191,0.0847870802915137,3.3612871306801,2.48059857131772,1.40554725576895,6.00892696430341,0.315933680210534,4.01741157118899,2.55023972931298,2.82529458626541,2.32405736006706,2.84755567998881,2.98214229873229,1.471471002723,1.40468698006889,3.8380598788062,0.751218697379787,2.9706608045844,1.50366886791468,5.55198536979652,3.07601098982808,2.60181033882018,2.39621380695603,1.91331988906569,4.72484800911551,1.75011490701291,1.9031917895358,1.97174161893157,0.316846788524493,4.26085584438674,3.92763333743022,0.16221000599716,3.03049302050841,1.19810965268958,3.1696514632661,4.87284951503097,0.483528863992788,0.483528863992788,1.10177926103364,0.074277289520341,1.85514612781159,1.87666673275449,0.957336937056441,6.27320894391412,0.157884434923673,0.240970801536949,6.37293845839137,0.937435495242327,4.08545213751762,2.63282910575662,0.0400082711158919,2.94830639986365,4.54047378138413,3.40305858535607,0.716801683780133,0.650814984220395,4.42764992730652,1.32421601668848,0.020232089335759,0.518277738849307,3.12302904476663,2.43102882745923,0.216119760495763,3.79583796571241,2.78689867927693,3.91478846762115,"NCI",-0.222295766
"24",2.11407190519434,0.371697417305551,1.49141543506133,1.88652039298857,0.77823697005041,1.50872208086971,0.054232939467017,1.18301999079756,1.3231240532244,2.03978578297456,0.183901688495578,1.69577557096374,2.80910794588757,3.84959332004411,1.84955963315705,3.14956054622179,3.52184071563316,3.15041882199584,1.85160983176838,2.13046296962375,0.650909455384072,1.62626688824356,3.46956896441965,2.3332202857408,0.696422235453335,6.5691905419211,0.138576418536377,3.65999103492182,2.09636364356935,2.0185472940259,2.24181617549297,2.88731277994588,2.75107120620432,1.54402302307302,1.93808077649262,3.87354554668488,0.547472038494229,3.49073804112361,0.169924634889781,4.88941093127728,3.1118260501638,2.71711287448216,3.00393069787153,1.81108661821139,4.25166820324473,2.06363488126904,1.16962526797156,2.22580572563689,0.304745391968157,4.12319295092128,4.44264792650955,1.78169794183811,2.14970937154208,0.963738465769368,2.37378307053963,4.23252449826694,0.547910258399007,0.547910258399007,0.111822540215927,2.05430867365279,0.399254013342104,-0.156863898412044,1.31071265608275,5.81510892677558,0.0636111298101198,0.245911795501695,6.50147510806241,0.501943656266598,-0.320385962773957,2.60419722758111,0.0928335238794095,3.25321751043156,-0.341195435954991,1.52758007673297,0.320336553506997,0.71429561498395,3.88077099195054,1.83341203634997,0.0188822491746854,0.96946993945909,2.92122439387931,2.3520326361597,0.140382183248494,3.17378264416771,3.22804825634876,3.22751948261933,"AD",-3.149241253
"25",2.09240102864492,1.40998574497142,2.28373353561381,2.14449629125473,1.16461196734738,1.32103864413132,0.429180576435138,1.85156730942521,1.83205098506889,2.26338017327168,1.11236460965144,2.20048264529825,3.42708906380982,3.52546755898428,2.04286380446774,3.7850330028604,2.55612477202042,2.05973488319958,2.26070325702443,1.35983304036544,1.1584760632695,-0.170569722172958,3.17673217728838,2.68987843851055,1.37626433938478,5.98569366410669,0.512695681828204,4.32891993730089,2.64853249879143,2.19156517046497,3.08338847305204,3.72625188342557,3.61876292519565,1.54601836825072,2.1359338767505,4.65997640224922,1.6695832296262,4.30069751519435,2.44856258799701,4.92772295907626,2.4474147754914,2.57733715125027,3.74990217153063,0.806480990515055,2.44713108220647,1.68687358165338,2.10679849577273,1.79711075699495,0.342521977907127,6.21428201535208,3.59836946644248,2.42223951020951,0.77792839338556,0.971813469195001,2.27353955292588,4.31195049502531,-0.0736884448619766,-0.0736884448619766,0.871343446133213,0.370700991686623,0.530751409784541,3.96340051176396,1.19469022219382,6.42206391010867,0.469962276289161,2.67267897203294,1.2944497007028,0.562707833584518,0.423791704461429,6.44544073469885,1.61352065796427,4.49282111158541,0.542267769549356,1.25520053515897,1.09390879174983,1.18372318380254,3.85264345067178,1.19231629976076,0.257362520708654,0.392728253948551,2.96692993103899,1.92842207532144,-0.101512582757792,4.00321323800996,0.0218836025148375,0.94594209902643,"NCI",0.432828498
"26",2.39373648194719,0.664840959136979,0.403005624655863,2.054872678732,0.459846508329394,1.1911732844903,-0.00480360967159477,1.51951763915106,0.849694278482267,2.30877623268715,0.157210737423276,1.52006614551331,3.99644132607897,3.55673147824753,1.7882852432322,3.58560153575793,3.83428384112104,3.55391098346339,1.41306715181822,2.38338778069914,0.25625549159701,-0.09161063209921,3.60703912302413,1.75539310583028,0.408811268472481,5.63352360444129,-0.251369059521388,3.78133724667016,1.45728557703488,2.07107330724397,2.05915212897443,2.03830965861396,1.96818359156953,1.23626049134804,0.0314247439609057,3.38946462246382,0.533540899770856,3.52803982856811,1.52588262027675,4.15400902845646,2.14033393874214,0.620308521177521,1.7942966365508,1.61940584345802,3.96336997567687,0.134356711250731,2.06588706254976,1.98518301521494,0.364265822829878,3.95053752282958,3.60438937128434,0.168939296481665,1.13276581711882,0.329844461512804,2.79849687325397,3.63047863133363,2.05801337507336,2.05801337507336,-0.331283783727046,0.0230931393562233,1.38279624593482,0.049343278789396,0.898928149927955,5.37396337327267,0.0566130591224848,1.51064829123609,5.84018699622609,0.699962917235555,4.50268159204161,5.58600652535293,2.01842532032875,3.14467708984096,4.76486221325638,2.0007640955055,1.84588748311243,0.0935659414784804,2.70096163185877,1.90899718189644,0.250643883925508,0.385754331781375,3.52128684345027,3.36109323683029,-0.211157503239858,-0.39310606588406,0.0132708750493539,1.17641965699828,"AD",-2.395695724
"27",2.36523017452839,2.48558067925931,0.613847396439154,2.28440688604106,0.719577808430595,3.74265921777926,3.12407405261609,1.33308295198804,1.59528549544665,2.30282715077641,2.14311417174234,3.43835682256655,2.69924326645306,3.81718827093647,1.98873669090327,3.31625582074176,2.82344071670701,2.45219124786494,2.64724101300259,2.2532335584826,1.69161971500867,0.533360540834284,2.32910486027184,2.64345460530004,1.94139678111075,5.85510671355585,2.78159368080786,2.70812201151552,3.7218131452175,2.46383072811778,2.3419267963146,3.14774132551847,2.9980726272196,1.50149298581233,1.54856142382276,4.05354962582093,2.72544946972782,3.64090830955945,1.75017244737419,6.77865183947722,3.34306868321566,0.861218261920851,2.498191699027,1.58384061542051,3.93986950117541,0.197919113112324,1.28629079375215,1.96941097956083,0.185225467873696,4.19602511843036,4.71038499367181,0.104297807286565,1.11548326127385,2.84487093152248,3.06805162629014,6.23537702937386,1.86117105350592,1.86117105350592,1.89116572034307,-0.00654960074765154,0.286134107986373,1.68043068168092,0.934423537596424,6.11542442341963,-0.290346092352816,0.392756828664834,6.64065036129419,0.725227361222579,3.96928795834143,1.91138268868328,1.62879402951217,3.75542099758653,4.69185748541668,3.33546204063394,0.458690445590719,3.78205876819511,5.85611235644665,1.18431810308294,1.86781086040579,0.455139885866909,3.28175754098975,2.49348066919422,0.204611212244276,4.12469097227893,0.0375153504619745,1.96359849694241,"MCI",-0.391841741
"28",2.35044776532138,2.95947967611219,0.887798033587841,2.41884007333984,2.09411364257786,4.89494834737974,1.4901435351337,2.91951807633159,3.44909651665075,2.44890504947162,0.61887372314402,3.53311052509674,3.08731766092406,4.16302057219454,1.86749072160596,5.0485323984904,0.184888570712127,2.20809902558601,3.40918199008431,2.78196232480372,3.06565490924199,1.6523175249741,2.64669933184358,4.38189757764199,2.88668952126796,6.05113730304034,0.785811263444996,1.93444667563586,3.54458952855022,4.28750695495148,3.13966189008115,4.53211374250409,4.41584404473398,2.02300959010528,2.67881461951973,4.66030075106267,2.9903407634422,3.68511764217266,0.380603085352933,6.56540195578307,3.3930930517865,1.69169422279341,3.79633671103559,1.80511416618586,4.6900092769915,0.403860171135154,0.170307702897225,2.61648275626326,0.888246893889753,5.26421722544271,2.68814792606701,0.321693597226172,2.28211998882464,2.96889936587294,2.80440566425491,5.85584125525517,1.30597922256277,1.30597922256277,0.933752842831809,0.642813498891881,1.21159163199501,0.0363795071645929,3.2555237511265,6.60686235631282,0.635736820237723,-0.232832891277683,6.79739962040174,0.665250144726732,4.37784906812364,1.83299736310886,-0.003603460756754,2.65319302219928,5.13967557055374,4.1388595466672,1.7461654014065,2.83671507866406,5.81269801516632,2.99890704309492,0.257362520708654,2.22498306609357,0.852339377613517,3.33389406948399,0.298507907413784,3.19896438421966,3.01599291850679,0.94594209902643,"NCI",-0.676755317
"29",3.04236971818586,1.41755434035619,0.314077125748547,3.07367268522492,2.3596836995768,1.11529031083197,0.562153902899476,1.44456045248849,1.07891754562444,3.44390402497943,1.01754855561788,3.15773695669171,3.2866647137341,5.2667455221008,2.73478130510484,3.18317752098855,0.219890754105425,3.52249698838859,2.24098755883827,2.53600756700122,0.863139137124557,0.0770720788241119,2.8968550833087,2.69491574720451,1.67216277921294,3.47486672998471,0.577146863952712,3.9167279207341,2.30318278825374,2.42657588967689,2.99088374627159,3.26112357130199,3.06029316495066,2.3210838769145,1.29707313210149,4.34689686664807,1.82884664892304,3.2086158106385,1.66744573768326,3.55171280436876,2.66746006404968,1.01876051073475,1.82517949584638,0.409097660737828,6.53320482431918,-0.0701983997110267,0.341971132449769,3.0494680283988,0.917669774928906,4.54271381673085,4.2427133271609,2.09375704652632,2.84884077692289,2.03096680908477,2.68822390856177,3.33547115363599,0.0411260605577115,0.0411260605577115,0.239477750754049,2.43015484230999,1.16602378677899,0.975739519934166,1.76232157225018,6.61262228042837,0.7075176626093,2.42355270834435,6.01687447948968,-0.731423747869223,4.67048686532293,6.35123446861835,2.29038571742133,3.50450291024053,5.59960347758916,5.6472427945637,1.60373194508307,2.75413881614048,2.42245080184746,1.34747287819138,1.26207072183191,0.493570788709791,1.97938076039317,1.83763835592015,0.42423393105824,0.381963657140826,-0.0102447246674167,2.03247830927929,"NCI",0.197884155
"30",2.65034022649041,1.92786136402873,1.16659980360455,2.21170754659996,0.395292136946724,0.734812592633435,0.176141957822434,1.35859289605868,0.959130753462366,2.34472768770358,0.8284097318598,1.50022780201576,4.08506289709321,3.84364418938898,1.83354082155209,3.03101830716136,0.724771870147601,2.95153642926694,1.98804025127557,2.38205042510918,1.52613337635163,-0.0365590814827713,2.74437374083408,2.48167747736131,1.8760500891831,6.12665717805302,0.356767028300506,2.58079969023654,2.69509722486105,2.32825113540182,1.10260685249815,2.94497804665306,2.57542136532316,1.67592219989866,1.56584401391425,3.85268254152416,0.99480410146305,3.85689825007564,1.79036785942205,5.20786840119307,2.85675776600571,2.86056445040713,2.52014854060179,0.36680252255324,4.30106150370569,2.48175724306244,1.49455904297553,2.17958432293231,0.549216489447861,3.97076933678935,4.02604101119399,2.65630298360413,1.87122860108838,0.876783212286822,3.37101464596404,4.67457025034313,1.54598116756824,1.54598116756824,1.01932360699997,0.256605491189871,0.427780287546181,0.0232009998631409,1.34393606713973,6.69195535897419,0.533191937760902,1.9715608340949,5.75895557649029,0.237119993972424,3.62638801180174,5.74325612003895,0.148118861263704,3.07349461869941,4.39610276312524,3.40549365816457,0.871543916291419,2.02781259521724,4.01467678785713,1.34419237246157,1.28603458901219,0.662447680713331,0.335499986799659,1.92305354367872,0.322031251268873,3.77024374976826,0.110137189887887,1.19051146002864,"AD",-1.774746439
"31",2.19732200195288,1.2344446017339,0.330602305640132,2.5930470927018,1.27125287792525,1.58524210358963,0.275094468617988,2.48115673449608,2.64314581837375,2.20414931921209,0.742452116066082,2.39350540282525,1.61973250508568,3.82521913914663,1.97005341565627,4.08467930932489,3.35147120900873,2.91915411327631,2.64217425026652,1.920178550983,1.91209997213964,1.6369527629302,1.06235667932285,3.31747973140333,1.70813514079888,4.29670361653444,2.41519539657864,3.80609903913927,2.7222722511028,3.64407963160387,3.01837594020579,3.60989347285455,3.61334236498347,1.61053029722696,1.76024285673511,5.33362082875778,1.65792414055655,3.8263879829997,0.261349419670749,3.70617438156213,2.20754091802371,2.64286758239414,2.32097638415494,1.79512178118738,3.94798641181111,1.89867395902094,0.00139034722361564,1.98620954002064,0.440740464771632,5.77741562120909,2.58085172830884,2.7227384416597,0.534833001215154,1.57054871079982,2.98907360331896,3.42811768585572,0.825178188347171,0.825178188347171,1.38557467223072,0.228473608598479,1.48043576020991,0.0232009998631409,0.429831959317266,7.01831928584231,0.129238250549686,2.3668842696901,0.663712011504621,0.561486111991062,4.77728586290778,6.68560314064649,1.69144262556372,3.16673536828748,5.33189681452603,5.49660269537337,2.36442279485654,1.51476348042041,2.41583573723492,1.18226333108518,1.65145636508267,0.864369431586083,1.15902277982112,2.0853849950059,0.322031251268873,4.00057381060646,0.110137189887887,-1.19814049500937,"AD",-2.58839172
"32",2.39703617298313,1.3346264976174,0.951416694187349,1.75396539239815,0.676253242770966,0.956204677219265,0.000524510026279068,2.82166591615621,0.593465998917844,2.24290320430604,0.489444128910761,1.83872554754771,3.98696906035195,4.02004122701219,1.88379711324919,2.96830001842973,3.74166262221241,3.75894606050222,1.94499481673965,3.26392877087696,0.545287035794471,-0.0319164357425128,4.0290578742191,2.41884188530797,0.530751165419741,4.09806211241856,0.115357374022951,2.06277231190164,2.33233504437757,2.62322858013092,1.85064409915656,2.92218603175855,2.96379096506014,2.06822650430722,1.43506715662893,2.81322940726543,0.611649393937055,3.84533638342668,2.5428117006428,5.23925689912404,2.64870457785214,2.75485707671066,2.291731221664,2.0997249539208,4.58061212259873,1.92613036785375,2.67188075317195,2.07455798682413,0.370362746381311,4.22918432927622,2.8825729926882,1.45793593151497,2.05647317846937,1.23005312328273,2.19305277750152,4.62472163883996,-0.139106466104553,-0.139106466104553,1.30732489888473,0.364826788330194,1.90613466094538,0.0722514351096438,0.568988466953493,6.0331848852377,0.90288205720884,2.79796549103684,0.531161762763744,0.662459171290642,4.29205466920524,6.60445923052416,0.0218911951798353,3.30676016031597,5.19987527183541,5.51140350908013,1.27845903714101,1.92176710155117,3.22622182466845,1.41342926884939,1.72812967872087,0.954382324589594,1.62632343077729,2.25511925179835,0.471970820348384,0.371457846508864,0.159907657392822,2.04975654571986,"NCI",0.214082879
"33",2.41476107721291,1.30158141523338,1.0790374398294,2.09476610923762,1.73890301541093,2.12198035811129,0.0277932972422708,2.71448976007766,1.40781288601177,2.22394691703206,0.367735121929257,2.40131671734806,3.35005684051392,3.85200915839355,1.81959984447923,3.28506888097686,0.125912177025896,3.59543612607985,2.05961249476984,3.09027423189801,1.17993817398335,1.6633353156707,3.80623572137352,2.97655500562612,1.50350878766956,4.05132341878818,0.288334114852186,3.65924337580415,2.13395214915829,1.97086861250294,2.96742208383379,3.49915432526949,3.31775852205408,1.64611853471517,1.58534679020574,4.01127841151097,1.12213325706033,4.28790711325767,0.179597617433584,5.08861720256624,2.60691465674565,1.47875705344889,2.93992891309383,1.77611858373709,4.3951561997532,-0.0434774050337835,1.7931882567781,2.23440270629184,0.359813823717298,4.18851054154412,4.18661410713322,2.03465456838246,1.6337395622987,1.6539665693222,0.379589648371109,4.67624307664033,0.24606951429163,0.24606951429163,0.158304108422398,0.129655808729845,1.17715934393928,1.69920945665791,1.75215460060589,5.42521844034341,0.225546947435944,1.55613174297392,5.82964777126923,0.70326735491779,4.46281413671645,6.00333868568455,0.11796663990023,3.19220859638181,5.42681570622591,5.55024539687596,1.28347313767964,1.62647012544629,3.73669810691215,1.47565766454706,0.020232089335759,0.676848160903013,2.63325153396087,2.28527507407585,0.216119760495763,0.257093743159205,0.00166001075149214,0.149953260232887,"NCI",-0.238703354
"34",2.65122943698153,0.478853842412456,0.176026363203484,2.33251533433344,0.473886248624843,1.04822804736079,0.257852810907583,2.44874550153419,0.76331467367034,2.32123574697148,0.083025483024691,2.51670524917257,3.36212411342118,3.90905840978006,1.73504250242985,2.99604433442815,3.93703414847695,1.30766713600651,1.94281064513854,2.47684762043483,0.677595233261006,1.53266756113467,3.19284346714316,2.1100676929144,0.600835289703433,6.60268827449614,0.842777384842424,3.47397923102766,2.34358942090567,2.44065229504467,2.59739486810231,2.62349997531375,2.82036049914061,1.60570080074098,1.23747104390987,3.90078379962625,0.834160673488124,0.949329496194504,0.476374708246219,5.37271884212374,2.92605799526147,1.34944795465834,0.94148442469527,1.76017378640569,4.6505971457747,-0.0972223745388462,0.469894199085872,2.14075231029957,0.321471171959834,5.23061164086715,2.67326435985381,1.94665091350032,2.29502920215611,0.748617208414874,1.92484600791805,4.72748464472791,0.348223430604874,0.348223430604874,1.18907069784296,0.0867555645415348,1.30318968242617,0.0312170662002285,1.67300092319383,5.52597082072894,0.720142537429372,1.92585616141181,5.85419408883814,0.343952730995457,-0.523655818892671,5.84240333295429,0.219468142786206,3.95660709636013,-0.693905374715279,0.826816286026999,2.18097545127943,2.30145641944397,4.36788849521973,1.19596365647588,1.14877054382485,1.43810534382376,1.89061547506103,2.75013190889988,0.449187060578447,2.64884680301973,2.67487459691508,1.58359104015004,"MCI",-0.601207317
"35",2.49843314791389,2.67715413351019,2.78447010175488,2.20294505938617,0.953478168936369,4.10269644337623,0.821677609890324,3.26050239887892,2.36529167239321,2.16461523241566,1.90421684899774,3.12196867305199,2.60067879726502,3.90533358211297,1.92722700198841,6.11089071950091,0.105731331017328,2.83990630681571,3.79864307343735,2.17860563049376,3.9694155000096,-0.0365590814827713,2.22114538798945,3.9509943220802,3.85654898834519,6.10930660081721,0.421336428866191,3.65583102415415,5.14087010366605,3.93485318840085,2.59869331842047,4.39108487743554,4.12069994617939,2.02448578093259,-0.290761043820476,4.06651877444447,3.06840442184834,3.8065442985446,0.59779975936752,6.07627196186487,3.22670761644945,1.42485294667576,5.31123104357532,0.353540649730022,2.87443652764322,0.241267976630354,1.98023201648983,2.35258251947162,0.637254857436773,5.41343381626682,4.3324425562778,1.83625521117082,0.342009666631698,3.42716266135957,1.64657680545578,5.56677324378479,-0.11550705811332,-0.11550705811332,2.40378447782788,2.60818599647218,2.92883382548272,0.05370087500649,2.54015418455957,5.80921248818788,0.65790703757502,2.22858267062962,6.06475916326587,0.460627301975149,3.75171090832924,6.00203161642613,0.296238355734473,3.08197080665166,4.22671033442586,3.72641886346023,0.95562748713115,3.90368683509655,4.83777910640007,3.89519511577597,-0.0511718859849966,1.77330598382988,2.03408858331956,1.81624072045243,0.322031251268873,2.77627489988178,0.110137189887887,0.191398530591542,"AD",-1.333321801
"36",3.18952309890924,1.24603360011295,0.421700433121665,2.82198227373873,1.94507651914072,1.94748275945462,0.627438228708214,1.17115881241442,1.08415934226571,2.88470468745938,1.57318621968341,3.09167222039063,2.43709143411611,4.87944453873016,2.46350084742885,3.14035871361445,4.80057233592903,2.96525609320067,1.86829176609541,2.76643278043629,1.71065164181851,2.01076997556223,1.88341390359611,2.63331076528042,1.87707340544421,5.7794052598062,1.55613037454035,2.25398690519194,3.10419567548486,3.3295274407683,2.85174451214022,2.95207849139096,2.83069106726404,1.94497105832042,1.10604189753708,4.84228201192718,1.97549749626185,3.61034332215588,1.64119603003785,6.40017588311223,2.76520565590552,0.913816956845257,1.38320133863954,1.54491221455551,5.25824204251541,-0.0701983997110267,1.90998940239072,2.85000490104917,0.860786517091659,4.83290382379205,4.8217383577582,1.86281222115593,2.14543045365672,2.12939670151954,1.53748037837636,5.82959539806543,1.67777864688602,1.67777864688602,1.24748409811897,2.3093452315078,3.02787880069743,0.056076882094054,1.02773661472817,6.12412444988701,0.400714058169724,0.108481655993099,6.58621820438143,-0.471935136291688,3.97226467867156,2.1359796095209,1.75160068027865,3.31876320124756,4.72268946222035,4.04832861239247,0.814819084155457,3.04260067360672,5.5436491313174,1.16178872483959,-0.225520022044273,0.743561678429765,0.437210215192273,2.91959201097124,0.42423393105824,3.53032235826041,-0.0102447246674167,1.41480758293812,"NCI",0.096076959
"37",2.66959231669002,1.48880329304673,0.978073566752702,2.35432649651871,0.41627672182357,1.60400017069131,-0.0122130568631189,1.17744932213576,1.1203107045944,2.42292883511719,2.99584982758907,2.52992305183644,2.56892785389346,4.01432489978317,1.98914548309205,4.65768523602302,4.25873186447793,3.72145281583905,2.3593781010135,3.44891653700165,2.75684383285586,1.3250395425871,2.53435321937964,3.06492627700205,3.00377151117738,6.458384036905,0.692371569522832,2.82105346697517,2.92068782502278,4.0867161421297,2.60414025788223,3.33560670174465,2.94647369436326,2.1373611955375,0.538944228229354,4.62042028994958,2.25388792855171,2.24582281776053,0.282756677144179,5.82116872876473,2.88883670861685,1.224197606622,2.95755983120067,1.75842647230533,4.65905308222607,0.000821019732305528,0.972161945522145,2.67538752877154,0.48996476839311,5.26860066192327,4.01477358409966,0.279280354277053,2.21378420247745,2.03589720153635,2.22663978279573,5.48298757934847,1.74318076844137,1.74318076844137,1.55451495529725,3.27897288345031,1.03754724011705,0.0983188555143819,1.93054701951995,6.03061388705,0.558297369805782,0.0925321128335641,6.63819161821467,0.721643389241855,0.423791704461429,1.5043374173098,0.271944779336956,3.48626270480142,0.543127324064166,1.4841510923182,2.89168348516194,2.44047069672654,4.94983971222764,1.96645882826104,2.09623551125993,1.31630016300112,0.989277837538861,3.32612855208361,0.184213795704656,1.16477468255566,0.0218836025148375,0.94594209902643,"NCI",0.47722614
"38",2.85985345839059,2.43364483900791,1.50190839638003,2.57095127484865,2.24187008826989,2.42877099757068,0.374113872415631,2.24917604739239,1.58639369860099,2.83710355526858,0.125982319447262,2.70837728755907,2.81224813621326,4.90725002502384,2.35070343157607,3.10183014215448,-0.116184292319599,3.11437413056457,2.26062928435937,3.96547857221218,3.44481528536738,2.16288444794837,2.9826888465443,3.84740998902969,3.62884985171387,5.91143506078642,0.554594560701143,3.9419148299633,3.77548854119258,2.42622624000869,2.42896294168173,4.36409723144881,3.78600415973625,2.54316698894068,2.32274850955114,2.90860882111109,1.89630827500171,3.45751775345313,1.44319136215975,6.08884720637589,3.53901775639707,3.10222841452634,4.58518092126526,0.298969561780117,5.09218981320597,2.29009342921767,0.561479145894038,3.05041600513413,0.0398404522489967,4.41572780356261,4.84788447159848,2.00124341997537,3.08149064161589,2.1339651278319,2.66196713830824,5.67176072385005,0.0753433138359709,0.0753433138359709,1.55758816290062,0.27685118256044,0.789315558955666,0.021444341093927,2.09359560784096,6.61801798715903,0.727047220774374,0.0470618505661695,6.85865169450677,-0.147536873308137,3.91607835784719,2.19872146487565,1.96790324179245,3.55873309615345,4.34019155195945,3.57752674353821,0.497147765857216,3.13795442753653,5.38438276962826,2.64865141150928,0.0325300116483972,0.759233592986706,0.316118541038542,3.03766590808647,0.130074048746944,3.43481677267174,0.192886728400198,0.586864468431435,"NCI",-0.393601031
"39",2.41343116161614,1.93680957520382,0.62001561960419,2.2198199693747,1.80490571582101,3.44237058169489,0.938102236622108,1.38519490125593,1.57592574376807,2.07743162189624,1.80482319121992,3.98181118410802,2.59084639982301,4.053637940685,1.98725029865744,4.58954444900249,4.15676036423325,1.73591041644231,3.85776044795373,3.61601430686019,3.52845630080655,0.161851635953742,1.50543613997235,3.39271942794183,3.74227944028721,4.17424269136404,0.601256831006777,4.13079633132241,4.6905360357301,3.83148981130349,3.52152950125358,3.72153032614115,3.58554232328424,1.73013012221734,0.658582759700956,5.01453756930242,3.25168635451326,3.64927602582841,1.57226947279146,4.97803317324513,1.91680405593592,2.47421297285815,4.29276316402882,1.67621887849122,5.05224122979993,0.422515905239796,2.03574075438938,2.30168764768956,0.543544343890152,4.95290840761207,2.35930409017712,0.600546006747153,1.7769577166454,2.71997113744022,2.3794319017534,4.61084686830684,1.59746612488339,1.59746612488339,0.91766673458769,0.256533607638686,1.27475257161737,2.9214821253527,2.85501753620561,6.26469515141048,1.23910062785333,2.20280236736488,6.34477153883417,0.228385393714505,4.80420513366367,6.03810775399883,2.08314602207449,3.90773288389777,5.67175420420111,5.66816175767793,0.0491983272390366,3.69346643081185,4.0461191348137,2.42568594269219,2.156366579718,1.22912055189744,3.54213184978351,3.18732334134718,-0.359103320245932,4.08363348987978,-0.162858164507083,1.5500312959769,"AD",-1.248195245
"40",2.66417047263889,1.08794373306921,1.17613600682962,2.7665535145197,1.7513891021382,1.66718182034563,0.185599702265983,2.87512367890132,1.51722499355523,2.53937760064358,1.48145270229174,2.54402672022241,4.23091922626761,3.74356682065468,1.96312309975241,4.31801750437691,0.518036632399489,3.254939362012,1.57044585406654,1.90419214052767,0.639776828109865,1.5463277386673,3.68907256453216,3.48181836885354,1.02279413314934,4.17379121106541,0.39916419064843,3.89156259669612,1.77491358671777,2.47819877508527,3.36265943748732,4.05082267353706,3.72092347861703,1.53231907538459,0.286779831592817,5.3018755472577,1.61034732346576,0.60683626003873,0.439976695866974,4.83586078251539,2.51645599018277,1.02639779154822,2.74558797413472,0.34607534122332,3.88087994803505,0.269845811575947,2.18006618341105,2.08951535344295,0.433283026950713,6.37422447094406,4.15627474235098,2.4673282077917,1.6552556268411,1.59953697204012,2.62379285361914,4.28928670433442,1.12288044108771,1.12288044108771,1.22812325527636,0.0540202065950318,0.266609582468798,0.0826183637607636,0.9935567429629,5.93476623968742,0.506555328072871,1.88863956259374,6.21430308987705,0.0222595707653488,4.35610855999485,5.84418086695159,0.165354080327474,4.07289823388127,5.08502088893568,5.12727541095147,1.17541152776603,1.36166549471416,3.93688662572199,1.53810586509084,-0.0168372390800081,0.422093759485611,2.49719813323717,2.87572073949772,-0.387062891434848,3.54597579338159,-0.152362408345642,2.63195264749737,"NCI",-0.24027545
"41",2.92475486546213,2.51690548819617,0.25187277270772,2.63506189984333,1.25173398022158,2.48144771703382,0.287598593452476,1.10444111375703,0.530404345419134,2.57410163711641,-0.138279758950506,2.52655398013449,3.43059338141619,4.48864053728108,2.27001218071825,2.95413188041593,3.17206287463186,1.68696580137435,2.82656247328916,3.22363205829875,2.75699601089674,1.3989113499822,1.88057376509042,3.26831695996433,3.03688709868907,5.9536187548925,0.812556575514242,2.6098070508923,3.35636979474411,2.48879544830293,2.62002246589654,3.75167618329889,3.73849939842566,2.04638805191368,1.36155589395439,4.34658136592765,1.74004315197211,3.65549935315314,1.9303568304592,6.65144828914666,2.11273050161729,1.16584223800895,2.14668784503127,1.77675438195539,5.11236208672065,0.0666045325409591,0.658515021343925,2.45497404953818,0.842880560058654,4.90443296658255,2.75397576158948,0.219105856871983,2.67577520152534,1.8082905965718,1.83148476298104,6.29700864714594,1.24019438038437,1.24019438038437,1.20487958572963,0.337950663504293,0.724069580415505,0.021444341093927,1.37655331667536,7.14634944674592,0.671493832133994,2.24447892217126,6.103563180472,-0.0511864565575149,3.90681775776946,6.12054159705657,0.0909760723511914,3.74426733235025,4.45035915496825,3.81096232507028,0.633788694617287,2.660041548499,6.01135949313169,1.39876534957602,1.36936209366362,1.50709527116235,2.72162666976923,2.57693593917311,0.130074048746944,2.97625659777821,0.147202615344756,0.669297156869503,"NCI",0.288055568
"42",2.41808937682299,2.10965006339751,0.559332704471251,2.23193578274413,0.29718505553778,3.4417089581417,0.848801506391199,1.46487532122883,2.03855852948448,2.43243659356673,1.79728994537759,3.61447997465392,3.16824794639746,4.25682921410764,1.98930857779278,5.00675418935238,4.16138226319157,4.19147729076253,3.05473538509008,3.30343196442428,3.23171728294144,2.06238799399959,3.27624958935756,3.18650892768803,3.25937940182915,4.20242529610699,0.372395035576598,4.49760509760218,4.52173145525299,3.83111544067339,3.18359230405745,3.72048135875032,3.58558957653333,1.77045205347792,0.531702960376504,3.85590288818359,2.93866087337321,4.27036040855997,0.238178256473891,5.18431780042902,2.47732343743893,1.15168996128091,4.250379381875,1.93305531685971,4.24489530588875,0.369535361719392,0.651468565034594,2.22499652809398,0.367216579462817,4.92850542477511,2.21459720619966,2.24942012073879,2.22484540760602,2.4052443641593,2.92073295328497,4.71197482478111,0.933746436228921,0.933746436228921,0.964981540987184,-0.0680442034971538,0.963369758060672,0.0543190336997079,2.3490757148971,5.80283570068395,0.488206376051997,2.09698870156733,6.17725093405688,0.348655592974282,4.2672780629702,5.98366601485456,2.1633592604421,3.28999092964388,5.1400701030634,5.31541997787935,0.846977189450962,3.39475458054882,4.27154931831622,2.58501518045956,2.1214245774897,0.611068212228899,1.05492023680738,2.51357378328041,1.38965503628093,3.17650080473533,-0.13633822327702,0.8979200971621,"NCI",-0.137600955
"43",2.7757616595234,1.94359215789372,1.7833624629506,2.63697672956926,2.4011570013805,4.93268369195542,2.35678474105916,2.69790374891655,1.02367756548031,2.67957859665912,2.8245896253769,3.94415881562654,2.11795508983343,4.17956438910216,2.37823590546254,4.42565247871041,3.7226375870172,2.53168712998761,2.73255486133171,4.29323115414839,3.63742806263284,1.88300415458583,2.76356714730992,4.49573113479472,3.51028702591781,3.87451868675157,1.26144718734668,4.23590247853254,4.85912875841048,2.40887798789834,3.38118207239097,5.1224777371067,4.69769599330151,2.44526468997531,0.647794016427822,4.75893076140202,3.0549086064365,4.1914135082684,1.34719197426952,4.65560131196947,3.19721850476045,3.33481763175514,4.917782631163,0.244098167809803,3.47081917636565,2.5892246098814,1.93493782528835,2.48755170850973,0.535720537417831,5.02015350816173,3.2684870029306,0.214362369781095,1.00700460369592,2.32905979703995,2.20774381626181,4.03583087174759,0.595896843980487,0.595896843980487,2.07988160066983,2.75183286109704,0.676918621230579,-0.12350459716154,2.97125619724901,6.48567040178063,-0.345965628308654,0.511928425359349,6.63614028765232,0.57734966840208,4.19074392410002,2.42571374258774,1.34075236087609,3.94739476943922,5.43124726819602,5.67659297129002,0.494157985970747,3.71662598580606,2.86276624391996,2.43224461029713,0.0188822491746854,0.469132040396637,2.59075232697388,1.86371304440011,0.140382183248494,4.16106648680884,-0.0202098216700136,0.111005529564437,"AD",-1.019297632
"44",2.27821527509865,2.15576091425643,0.700700198912685,2.06071284416253,1.60764428657948,1.90546937676263,0.178512559749708,1.20028223179355,0.682567071009374,2.16530393048096,1.1582485490172,2.57050537101359,3.84609201315289,3.89480258538265,1.7071422483253,3.12606856290428,0.505744173574698,3.45567636157971,2.79069641416138,3.49430805453387,1.36415906571319,0.0816047024563267,3.35935276129692,3.42632243921371,1.53572131206563,3.94492034025751,0.61406128070385,2.84085372167457,2.94920285551688,4.18134513270217,3.61424517930351,3.81308978579623,3.55166580923207,1.48458701739757,1.05702157529386,3.76315434392612,1.88776806313744,3.63610434590803,0.385878122316157,5.4853797347352,2.18379049604819,3.15613273717155,2.45110299034832,0.225604330240579,5.16867525262262,2.77802055580609,1.01587727484124,2.25830174245759,0.283200728253584,4.61131064522527,2.92836034883615,2.82816206287933,2.95965579507517,1.79416377094924,2.41799438910336,5.09396860928969,-0.175116063192892,-0.175116063192892,0.943157909874076,0.333704583267129,0.946776231866778,3.01284084410828,1.39630344129629,6.00148406963046,1.73250972227071,2.36705641774342,6.08169525163187,0.810716180067635,4.63427598411258,6.23589106143381,0.488822274390543,3.802342886278,5.36021366634214,5.62554503764401,1.80816248978213,2.90020365711668,4.42944297413296,1.29438760920004,0.867459620424628,0.674665796469296,2.21869672154164,2.73474487587132,0.140382183248494,2.75095250865624,0.0150788887094498,2.49757428331803,"AD",-2.201188147
"45",2.74978967440844,0.29669746665914,0.149184416972369,2.40955263472502,-0.0345918048254372,1.15309775854265,0.0776172818785206,1.33225954523094,1.13815172616712,2.79849827456695,0.126067874186122,1.71016642543692,3.71803366007024,5.10768548628672,2.47556492779943,3.01269529462596,0.29666156044223,1.14401324221044,1.60004192675961,2.31221484245862,0.845769667351617,1.63782665852017,3.45067913033996,2.12538613461659,0.576601943110883,5.82562330653072,0.112658104726916,3.76015227782689,1.61883307727142,1.69811180483706,2.1972921454834,2.65963481201762,2.54076693172294,2.06034109682189,1.53185345014264,3.02026013528231,0.675717795982183,3.47057964451558,0.421641217831343,6.44350069695715,2.94191529233789,0.758261531637451,0.741829454501621,0.0230989960053116,4.51522222393854,0.368921665203959,0.765196222754266,2.66551370547784,0.643971306174629,4.07539862935818,3.7332678575079,3.04280483774515,1.45148040821091,1.15727757696829,2.37784971415159,5.99904945642656,1.39435413329799,1.39435413329799,1.3353249052124,0.0591574098690429,1.34701632114675,0.0603941271734054,0.306014887883007,6.2272214614659,0.646223796793052,0.234632900729302,6.77585310827204,-0.658897215281869,4.24850196961364,2.08539303492863,0.179558862738641,3.36109795956453,4.94104670481216,3.95627842140724,0.949752962441096,0.786368277911802,5.72147637909678,1.61547694557074,0.960419558873056,0.918557633719904,2.9279022056676,2.6269673525741,0.227745403328056,4.27177392245902,-0.00270605849996386,1.67776138372842,"AD",-2.249623341
"46",2.45414039136175,0.205615077903625,0.571399993584283,1.9663185261815,0.295805355388431,0.804297481704549,-0.00398474337961008,2.36541571201842,0.593990510489407,2.27174120201817,0.216552667379964,1.18735326088667,4.57052631219141,4.26908061460222,1.6575533609032,3.29520405594485,-0.0297294319447321,3.14030306712386,1.80649986597344,2.7237544403946,0.684706656356576,1.59535646246106,4.17549169671631,1.85741862088435,0.491628539161112,4.21181917393479,0.223730394211826,2.89384115466699,1.6614289014601,2.1489628514865,1.53953685466538,2.16357825760793,2.01012086171548,1.76467065757362,1.71255727003017,2.87035442467089,0.155252741101349,3.4084366556594,0.233772311292514,5.39815456741825,0.212147620520328,0.540519815865558,1.61712453639703,1.62916440119028,3.81775674801015,0.094574833178413,2.40441454407312,2.42871869437681,0.367045063927758,3.98598350835904,3.82971440567538,0.0901583015861982,0.45369480865358,1.23960821624523,2.68111780491015,4.62331884016429,2.18110548079223,2.18110548079223,-0.0323667984825877,2.95548728533215,1.72461820774756,4.14042211479322,3.41538109180658,6.0580500898857,-0.129105373566766,1.80314715277273,6.17036281796969,-0.231845578853151,4.44808977449621,5.76037399395265,0.167513492282276,3.17991896532365,5.47277884262811,5.52273214645738,0.5242642127605,0.937472887846056,4.35200002970202,1.3672661944144,0.0300909269523079,1.58995794243151,3.51443726635805,3.39513350751187,0.134576158231387,3.72311769017655,0.0978342656747222,0.608218984740984,"MCI",-0.422646392
"47",2.08681150660586,2.32178183241837,0.410853751700347,1.83578672819227,1.53571793733662,2.48613697385824,0.497045663313253,1.56285214166549,1.31594718986498,2.02598650950613,0.853770180185143,2.86300305427099,3.57039232264571,3.75382655021998,1.63733846337967,2.77475579521157,4.43883243835372,2.20169988345218,2.22514907417802,3.76671313994391,1.25897266077202,0.240252485123473,3.81723330343032,2.60667135571304,0.708426327540932,4.3710339641874,0.692339424439676,3.97096703367737,3.40371617116067,2.75299666079778,3.20853015950065,3.23138755835341,3.21556968274558,1.24613351400863,2.1145626084702,3.67216774107582,1.9828371665844,4.01165952014412,1.75590646362432,4.91997308330063,2.62268636449665,0.99840074700729,1.58511752044792,2.7440127152472,5.57209857121788,-0.0853240045671387,1.34017378657842,1.82182318483261,0.775767673374288,4.72573063633078,4.21338287350562,0.181643420797384,3.04046224384286,1.40176323918922,0.58639696297251,4.96613007129157,1.22345341012392,1.22345341012392,0.197508359351341,2.60381318046082,1.92487207036744,0.0232009998631409,2.01961371765976,6.68794463177906,0.273241273120728,1.98833934220838,6.08832461369551,0.580230777095711,4.53020233428865,5.79935101068645,0.408642710825975,3.53428348790288,5.43109812477307,5.47340286419899,0.556270500134554,3.13971152992076,4.05867940285202,1.50936761652784,-0.0511718859849966,1.27901138775179,3.87346114963348,1.88406620952042,0.322031251268873,0.369850336380282,0.110137189887887,3.2444134601836,"AD",-2.435867144
"48",2.01952746785735,2.29829695713558,0.408765241633118,1.79988962663776,1.56630695593662,1.72026523422214,0.615766598869661,2.7568978901315,1.02954857860383,1.97733514503919,0.358040930322681,3.01108073061053,2.23664317979133,3.56827566212673,1.73220865171685,3.25751480760323,0.428422521455478,4.0524241496452,2.76921624163767,3.90165469534553,1.89700542066271,0.0822280773677126,1.61264190528978,2.57837888058387,1.59183470599538,3.72581822392669,1.60677903534947,2.69349536965371,3.22860368898594,3.68205467652644,2.76363104968582,2.97542241675373,2.91767693555348,1.91349227300819,0.0700224208479743,4.61442609095325,2.21137138584801,3.43548184904375,0.205066803716413,3.6094211708135,2.29693164134314,0.555192286653629,2.08659451504059,2.39092017595239,5.63237694053527,0.130692086152751,1.52938744817037,1.79280885999943,0.547028350500588,4.86029929485244,2.76631878312584,1.95147468555609,2.99394043421768,2.28548428295426,0.399835155929535,3.78869748700377,1.71863040924553,1.71863040924553,2.8704508021329,0.133692984051805,0.625731917821231,0.593107120028148,1.55633428946368,7.13570877869946,0.309327455553114,0.451963222424249,6.59375097585206,0.97731131237947,4.35240321079971,2.62790955654453,0.252231887757003,2.85597618129401,5.22709340171774,5.77345855033466,0.875060042277012,3.90757591956658,1.70119403811832,1.23074464122763,0.0210772750019916,2.92224461251915,3.47747230277942,2.73044181846942,2.3438776079641,3.86614318290673,0.0617164808745092,0.143035419945015,"MCI",-0.22406454
"49",2.61851512906753,3.15469732962445,0.501629265168697,2.09535886393483,2.1632934684428,3.58909823320189,0.348973071852857,1.0340639276653,1.33185993894834,2.34363633227001,0.419183909927849,3.26856117384256,2.20408705895449,4.51652296172378,2.01321411607126,2.87578701895346,4.66816934244902,1.80299273638569,3.15928172460277,3.65927415787912,3.04670035778101,2.10822580751552,2.5972340356358,3.41353609422254,3.11098804961675,3.6194560249985,0.659135827364607,3.85714570836748,4.36236849505823,3.63026998511744,3.94572555450317,4.05855160962549,3.90756099516617,1.87369225315461,0.456418503431042,4.44376031344673,2.59472657123037,3.41627113938916,0.417422404479625,6.22981796963436,2.81065045117296,2.27443419141993,3.55412547562577,1.81886284695208,4.78930228013672,0.263214421417709,1.4370877829304,2.53211067588869,0.481761139235656,4.73600031792092,2.64477908219818,1.78014611912518,1.37295734547403,2.79827307351484,2.67192434974647,5.73179616690695,0.0411260605577115,0.0411260605577115,1.34133425412975,0.249393845441119,1.41053153680577,0.056076882094054,2.61712546745725,6.24213599405412,0.317642855986531,0.150954072890172,6.73936442535018,-0.318044601223308,4.59065167070396,2.02104567137584,1.54950213672231,3.63663240110815,5.40934413981793,5.62434622037161,0.846986813048452,3.4519182239043,5.06870269019782,2.28218457480268,1.71176720388312,0.74952103297978,0.205628775414431,3.35281901758357,0.42423393105824,0.380951125165748,-0.0102447246674167,0.0609468482572579,"NCI",-0.019905154
"50",2.34264824083941,0.969996704854798,0.490664288422012,2.05345654726369,0.254307793024432,1.59554934363064,0.134714504905448,2.28246417916984,0.406713512980724,2.54917885422208,0.535124677325969,1.53381337371959,4.20986402890089,4.12663171363237,2.21248386793902,3.31381150723969,0.0287556074081776,3.57799696407367,2.10213068400609,2.6559568475087,1.68277640010325,0.0847870802915137,3.23370218517172,1.11967126156328,1.74588945938713,3.76831958573417,0.219452502686473,2.9537948300376,2.61774695121797,2.53862999236788,1.46056080223443,2.12469443112093,1.9100952939758,2.36923919927409,-0.0142753343643545,2.98417942620772,0.935772824289783,4.43561208944469,1.64231122539056,5.47143307239866,2.0725365117088,0.38545927538199,1.63406131655779,0.422600088293017,3.94414365328204,0.00182133102189719,2.49528564296203,2.47478138807224,0.460329792071295,3.84472160917923,2.742063553473,2.15648700367532,0.542759893894298,1.23510369581791,2.31417653122662,5.06485589758815,0.815137891314521,0.815137891314521,0.158304108422398,0.128772023989853,2.31871423643717,1.02306673883317,1.32404479444869,6.41413653077862,1.52283571835562,0.240970801536949,6.63854162297641,0.736704950546602,4.19369614909507,2.66981024730691,2.0679079030579,4.85278220676526,5.55039753287024,5.79426865411247,0.671946734314606,2.92560342176385,4.36675557481831,1.92689688892013,1.32675639778977,2.00775475647028,2.19737137713919,1.71894362760819,0.216119760495763,3.86188292217323,3.3798346088059,0.591645479306519,"NCI",0.395844596
"51",2.45719187671815,1.55044367396326,0.799786156004726,2.45643863093625,1.64992959970115,2.97131525895853,0.0454406113146048,2.63032812176374,2.40880597124697,2.63806665844392,0.894629386022823,3.30838834677291,2.61638798618885,4.29100430092946,2.21660485677938,3.83767788630128,4.69000864238697,2.12922104388392,3.4623872935138,2.34085013576769,1.98151028446586,1.84202182498844,2.71244129817164,3.68223216864393,2.10732737785789,4.30789775353154,0.836409915581675,1.2017013671353,3.67295668268743,3.673327233321,3.4734712904899,4.26401467471715,3.99253185073962,2.13987804253673,1.36606429517679,3.28640174130875,2.62074572357125,4.28307169454418,0.394822648377078,5.31809532507023,2.86198172117661,2.22748473906503,3.71712239830317,1.83387945862237,5.81378605668706,0.5876719206694,2.4216689643297,2.46742191725952,0.279227998265958,4.98200526658364,2.47759429473464,0.230500275717226,2.53049762766249,2.41208359716666,2.23432939097667,4.80632519416364,0.649861940949368,0.649861940949368,2.02512122337501,0.22042026208712,0.959390902303259,0.0232009998631409,3.24460504595108,6.14761549199389,0.444802973518129,0.273961835894398,6.93803004834255,0.549041488970298,4.48967129939428,2.37223938753665,0.357487893022593,2.81702825214522,5.39111137991286,5.8048882209104,0.202308857656069,3.06232732775954,3.68908467268627,2.05029060232512,-0.0511718859849966,2.27611402390556,3.72018273110389,1.67294025540983,0.322031251268873,4.23032790680302,3.09796072293538,1.93874173505706,"AD",-2.745257895
"52",2.17219611719311,0.925177027474679,0.646340502405693,2.02488487065928,0.747581541430166,1.10008906470231,0.000524510026279068,1.29765207414323,1.38722459047843,2.15270723493097,0.963704759516696,2.36828092066916,3.88686739577893,3.91949914131637,1.73667716624897,4.19541248215248,0.0265672545950129,1.56730556984259,2.14297238823923,1.54014652032774,0.547464550228954,0.0106966514581752,3.58798647405392,2.08386298035652,0.830866758948473,4.15885824340537,0.112468412792571,4.42128588905255,2.48570479506886,3.0319120020318,2.18291366368051,2.91870630576318,2.54730253719158,1.84212230452942,1.55865137147877,4.0183778625672,1.05039437227909,4.14777603611847,0.550657605718765,4.11133023310104,3.24521905482715,2.46466166817135,3.55532109221077,1.55535906549444,4.44929071330176,1.63181137917115,1.94543858870604,1.79471824754165,0.554099999749732,4.62366671006925,4.674978273584,2.55832580282706,2.6653223912775,1.71841045132272,2.93381385157728,3.67741905786032,1.10665237091299,1.10665237091299,0.312398264678001,0.268001154927759,0.585124225747937,0.0943978181147866,1.31006821707178,5.04739938283309,0.606697142666283,2.14867650744008,5.76795618555963,0.682833084603887,4.4821084435119,5.68189703610541,0.125694871839441,3.71067295800766,5.23674246531085,5.09703037004381,2.40270807830273,1.98832308591679,2.07747649622768,1.70353762594111,1.55435827412666,0.676469763356137,2.62899174572376,1.88436117603098,0.471970820348384,3.39232945614923,0.0945436743870222,1.95316273380353,"NCI",-0.27934336
"53",3.22202779315965,1.67511036105142,1.0871030506837,3.31015373986541,0.779098587553308,1.81393635974475,0.0751780740628887,1.15708524358469,1.75617052289958,3.32749010366126,1.64056852686403,2.40737702840848,2.68682079356458,5.24292962433248,2.8697466808459,5.00034281966518,3.75112187605047,2.04017073936943,2.33208172403269,3.24952931026357,1.47916657862244,1.88338742615556,2.66274258390065,3.28210163478145,1.7378808972243,5.72075785483128,0.762533109676671,1.88541025959847,3.04001487831006,3.29033109288104,2.97160533252918,3.60266258006473,3.60441539712107,2.98905426590465,0.0730581036529188,5.8697513707303,1.49404180106284,3.96607312728877,0.499808300514358,5.66893117999643,3.48420037835306,1.03108995109156,3.21598744520672,1.83790867227945,6.85845549088194,-0.0712023000687908,0.891534561999255,3.06238291033173,0.595028441171506,6.23294423463987,4.57432730910828,1.87023440312548,5.26049408899626,2.0511883398791,2.22671662377633,5.2129436032261,1.29664588004132,1.29664588004132,1.44715986746699,0.208198219054945,1.7041644218555,0.0806658931977342,1.74243961443475,6.79861429617446,0.65463613780414,2.24447339298311,6.1017273534432,-0.633554146919686,4.05363341495642,6.42080917184765,0.256607242260214,3.35400124062411,4.67413288515691,4.18079973608179,1.15171342109834,2.29857931026929,4.64362366585168,1.13349876595722,1.08257326393907,1.19714048822562,2.05880486880085,2.5212140970862,0.227745403328056,4.65086598681894,0.0246226946138216,-0.00149988844388793,"AD",-1.131221894
"54",2.35522471013569,2.49281109949417,0.227570101227824,1.95295595038842,1.60856027375731,3.54289648526393,0.714101787003335,1.2004306294786,0.758162250285489,2.13109452241747,2.27938167986307,2.86607680788095,2.64120416740032,4.15168774949622,1.91506281082104,2.067441663706,0.336790131674863,3.23353951507337,2.1953693856649,3.6287401155036,3.64189098864628,2.28477832121528,3.24652603595791,3.83319687283863,4.15502102615967,3.91804499831071,0.861945853199119,3.37260468579702,3.44518260344763,3.10299368817095,3.31578362338581,4.30856358916389,4.16569062862328,1.94133168908084,0.580002117247244,4.6574025089461,2.17735653975521,4.32435623422444,0.401440742002592,6.05567997417798,2.73968758616491,1.58272654525358,3.29295156737591,1.78664224466286,4.95967085569538,0.00534090074140736,1.92499203813887,2.14107562528366,0.697435470605405,4.81332934896576,4.59391542482334,0.0281870923886869,3.32212344044045,1.4038708318133,2.06914842661953,5.50175127291588,1.33668377702298,1.33668377702298,1.29952219875905,0.196236884537206,0.872626404518272,0.120834047885237,1.51256935292326,5.30534691492756,0.586753277608691,2.08644514011624,6.19484608457151,0.874406646930471,4.85737158503305,5.68739267030397,0.211256220896022,2.37118255449293,5.52027795076396,5.75417430973361,1.5138750732852,3.8459115750284,5.23252605487449,2.36040886234944,0.261569311756582,0.3899421572052,1.36358082671866,2.36105306055701,-0.244801928597416,3.03299321144822,0.0422677023346252,0.986879193656174,"MCI",0.291308435
"55",2.57796305151087,0.798134948847689,0.181952847736372,2.0969993132873,0.946978203745679,1.51032979755801,-0.132731296517522,1.44941450373887,0.260953712745768,2.37491291736569,0.231428278430476,1.56253555282256,4.01757943834073,4.1545306121465,1.87467366863218,2.56292124808419,0.425874155708789,2.7125726795729,1.3552805502335,2.11514437282667,0.721557656970351,0.150735649570003,3.53868734530075,2.17773949359341,1.03340333410975,4.24407646997798,0.390534164991337,3.21922926581093,1.74878154469231,1.57893829556866,1.80626703552628,2.54106215494477,2.4863651726859,1.50817393371738,1.8373247430088,4.11708027475598,0.360427138856046,3.59870196339984,0.217332877584841,4.21138993238832,3.05928011618264,2.99089865847597,1.07955214693314,1.60671302580291,3.76256955423211,2.8231810121657,1.95306576350761,2.03390370457531,0.378620541135745,3.88642144723818,4.4791078328734,2.29328313290136,1.43812404639656,0.658063343121852,2.38129426427501,3.87089545172882,0.718982249487977,0.718982249487977,-0.134755923059253,2.90082466887486,0.652374680060899,0.0617852066642332,0.770224533797201,5.4556902274239,-0.229266009810811,-0.185122378329262,6.69334640216289,0.287777048048103,4.2813014141536,1.11789954545168,0.369442099513397,4.03610884760824,5.2885795585168,5.0836732466566,2.23070043495321,1.34778225162372,3.14788894649491,0.9655910008791,1.03507205643076,0.436638790659755,1.22222665185783,2.8778160456353,-0.100686844803509,1.72434943795917,-0.0417467128984832,1.01374715681126,"MCI",-0.202482723
"56",2.52829798123076,1.1366342313488,1.06074746695754,2.1814068829319,1.25557521357794,1.68422201067589,0.254155832350503,1.22907917725645,1.64710040697194,2.35720642166505,0.410873937329838,1.90862016342702,3.88273495348389,4.17737847231631,1.96951177483969,3.88382118513782,2.68309353513686,3.4776200291605,2.04264892395162,2.12740314568765,1.60107740328875,0.131880339459968,3.60873945571055,2.09411711777667,1.75323198121733,3.787450678313,0.186216929618021,4.47596523573682,2.34976181650093,2.89137817270652,1.95969386294438,3.01904799223886,2.49878124827586,2.11506995132083,0.729218529190619,3.64130549545291,1.23247222061134,0.303878053360103,0.273646580271173,3.67163707716068,1.54333680486545,2.45824098276008,3.50128594936237,1.50087494861488,4.43035760574081,2.87919685904312,0.790854117577204,2.33465419909734,0.136055339417482,4.65610989528682,2.8983363041486,2.03926274012204,1.0990143725181,1.6369698537374,2.09340608747415,3.59117145212407,0.390132722972428,0.390132722972428,1.34842565327171,2.14849069445029,0.366661524913467,0.0161618602166125,2.00169862788731,6.02204311899867,0.761147809546598,-0.390068435910422,7.20623665644007,0.447003846826974,4.6995730953146,0.081012611773958,0.16750416294614,3.90258187246436,5.52965266676474,5.09867237264867,0.687625674121683,2.40392265123858,2.08729728397612,2.64421845441032,1.09788231781305,0.671276034078227,2.92277116491967,1.67217247113892,0.243165410482695,2.20329845431843,-0.0935603304723288,-0.098870371469781,"AD",-0.860527586
"57",1.87854205876677,1.30158540710625,0.533635767594944,1.62504954911223,1.8849275525438,3.55049850099606,1.92413973961415,1.81246623787489,1.14826820064085,2.04621727248572,1.33836273078035,2.42781460840679,3.72969795479174,3.6397456221301,1.87424059201817,2.70696191462573,3.8872188958801,2.97812057776801,2.70132402521725,3.03259924929739,3.2092773622437,1.30605389054982,3.01593878848075,2.51917166421986,3.1702915596225,5.85823793391731,0.74222257727958,5.21301974609455,2.97029461232259,2.25658124119624,2.09605415241215,3.23390361094535,3.16338554023789,1.83840570533754,2.74156781442838,2.72848222674457,1.89711452158917,4.07920506006325,1.77473987252218,4.0659704602587,2.58437702887244,0.503167656149125,2.69451800474996,2.77868900870224,4.43045456795791,0.000821019732305528,1.03413107920836,1.73800139350593,0.144434702066667,4.12856353295725,1.80024156473156,2.2442909570261,3.15360417925205,2.09351342614289,2.87409175273206,4.02502494938776,0.958978082746063,0.958978082746063,-0.360471347254197,0.240121317285436,0.774852122638798,3.61957936114475,2.40806292172805,6.26921043192509,0.85395802291054,0.177044085257422,6.57182178397538,0.548400338861983,3.89757161143514,1.67657365533979,0.497415706312026,-0.367016905531427,4.49035960017935,4.2863208246395,1.94332000640123,3.19267877109722,2.06878008870068,2.05256105001242,0.257362520708654,2.25791828198855,1.02851427217366,0.555717930531864,0.467546671050623,2.99320020394342,3.14188362021236,0.94594209902643,"NCI",0.284490459
"58",2.69890840113669,0.992534047710308,0.210376389100067,2.53135529536749,1.2707170539671,1.93634779993614,0.6706452991235,1.10954113777744,1.01160650456901,2.42810972586211,-0.149403143294722,2.41159557144606,3.14413565389232,4.26310702228227,1.85731667963381,3.24177504022297,2.81491533098446,2.63719382911814,1.90342204874745,2.19246662899434,2.83176106341473,0.00593917511700226,3.0409298781508,3.21758667953637,3.37224826822317,5.95032594954036,1.19649444382715,3.72133109573245,2.36953293011597,2.04944092390715,2.4481264144934,3.54480432877123,3.3440189911813,1.68899721870869,2.11826370138873,4.19215505890744,1.74846990807181,2.61775836853979,1.49663581262334,4.85461215057089,2.30227136722693,2.82310367161978,1.94947237204997,0.21995634689808,4.75386011385069,2.13563641078006,2.11922951251789,2.32812232879032,-0.10635568304823,4.28396810498416,3.96166437712369,2.47805709443769,2.52140489755203,2.45467354143455,3.12478560255522,4.46081143722952,1.92509594557183,1.92509594557183,0.911156642126173,0.142584427532666,1.86309202112503,0.0506417518856158,0.408904290011918,6.25265858564626,0.388898810450117,0.0405528132856008,6.55387786733002,-0.0363447424612433,3.86556636450524,1.94342427344464,1.87787082858389,3.77470218226965,4.616247114595,3.06847857723662,3.46142087467373,2.56494084719362,4.34046454547603,1.22243192409037,1.6726139904493,0.0628472690163062,2.17590516436654,2.34453387518842,0.134576158231387,2.78399187689537,0.0669776986252448,6.79956506506729,"MCI",-0.221615864
"59",2.16944674017878,0.591821683164026,0.866581424966466,1.90128663316774,0.312981557196487,1.05705164456302,0.0618176022814456,1.28847017302891,1.06731237931772,2.13018742394536,0.273559363418541,1.72411183490864,4.19015082366691,3.47258614860974,1.58017630456181,3.51474904125343,4.46673921646636,2.41175611574379,1.79371640799914,1.97810680162523,0.966004031237455,1.6013552711907,3.70772686828251,2.22616869475111,0.565285754429045,5.6187431393023,0.0938366493583017,4.2446651419209,2.31533964479819,2.38495793553543,2.35717454565307,2.68657126261776,2.4503233183002,1.16061099600896,1.68335951072186,3.83771834258858,0.668716222155547,4.10715657670122,0.15037681666928,3.70760312965062,1.38282438920575,0.982886014749332,1.93558460132906,1.68082450810371,4.26296203151288,-0.0452112393018886,1.7464079779599,1.63740641046531,0.533060568647157,4.47832747272807,2.53754497395389,1.86469299694553,1.42779519893861,1.15015464505491,2.74439606185004,3.5758880196373,1.14609982918319,1.14609982918319,0.145245168001175,2.47730143115037,0.827252328743957,1.48733864217948,1.11472762248458,6.24516412255755,0.623562835134745,0.473331968250838,6.34249720232039,0.542258834532631,3.87351121116343,2.53740834484298,0.299375212644365,3.39737164703704,4.43099963318106,3.16684149523167,1.78276833269555,0.986085815196988,2.6360652101951,1.87620143840763,0.0210772750019916,0.703004075378776,2.2260993414259,2.81337744467906,0.204611212244276,3.19861873917645,-0.0196825867737105,2.34726746114746,"MCI",0.20774935
"60",2.58465839246731,0.548194644997423,2.7994179544961,2.61184942165904,1.71785093495784,2.50226563306198,1.7231799512945,1.28700190560143,3.3092244438082,2.9175866819517,1.72548067561395,3.87283428154421,3.45555815083432,4.67833866842806,2.00150223750417,5.47067247335619,0.146741815573487,3.90252374673988,3.5847040384747,3.4830005297353,2.88214004838488,1.51703040221301,2.38953733407384,1.81846414214144,2.93302652749841,5.86193832626342,2.72056615093884,2.83482174224975,4.41124126645322,3.65209876062359,3.15866099097498,2.3986162649873,2.25302925308036,1.68588272621033,1.55805177235469,3.81432120408283,2.37904271474019,3.38540545543039,0.193037296625933,6.65630317150921,2.43334114130714,2.524533780972,5.12225427504549,2.1975990519111,3.49380783504476,1.51022547578609,0.959639921625442,2.82132755578546,0.557882026867689,4.61412071014234,4.14362612879271,2.19263048001507,0.92736968830402,3.25584565304595,3.0941321604346,5.88799363504592,0.0411260605577115,0.0411260605577115,1.96597491426461,0.0468988768315421,1.4627929532003,0.0803056466004783,3.66003021806437,6.50372319149607,0.858191348643447,1.85048788081351,5.71816713709653,-0.360505192233442,4.17013664370053,6.20402438299713,0.0782823045952866,3.50886935201769,4.81438394300861,3.64437846944692,0.447703096329031,3.57351027785483,5.292857375196,3.54252784859736,1.97483728626759,0.50535798948454,0.480968925552536,2.46396522261256,0.42423393105824,0.380951125165748,2.97936056130652,1.22860378822395,"NCI",0.284648058
"61",2.16175685629661,0.425044600199069,0.283046562462745,1.99657659172418,0.088369453635484,0.804300569226999,0.114749951694901,2.44887767516359,0.563468155079665,2.02679683151468,0.265508621320646,1.61731061410194,4.36437572590667,3.58449272606382,1.54746329351617,2.721051104331,4.22017603918648,3.29640835909914,1.66630864888826,1.64709905143245,0.49980167546835,0.119381060241597,4.58639185469134,0.891646872325583,0.782955833052073,5.70497478082742,0.0931685966482838,2.55572067186948,2.02066196636404,1.82103009113157,2.02531518440356,1.25004117297014,1.54793512289943,1.40812874086539,1.01136578758204,3.66934742983249,0.486909569560016,3.3300723309267,0.200511727734386,4.74635618914343,2.58779660206658,0.560274792486801,0.95719767961358,1.2482552167244,3.66713514839418,-0.0434774050337835,-0.578483341492783,1.81478219496879,0.511216294647505,4.02017984785713,3.9757600460859,1.74201271479425,1.31094779236612,1.00468413129196,2.27660976246474,4.18274319211342,0.541808765346687,0.541808765346687,1.09715970404516,-0.00530025089948483,0.215588086340415,3.35342446498901,0.541375708081103,5.97069110802791,0.749223686980055,1.53868139618047,5.73709350388237,0.525609821198302,4.00338992903885,5.85445089039001,1.55039886764123,3.07929553909201,4.38552649510323,3.17469908442631,1.22231939523604,0.854884002379614,3.42226134617456,1.73924637652833,1.3036693006045,0.125186392996816,2.82245652807685,1.4862390873092,0.216119760495763,0.257093743159205,-0.0200532207278665,1.20692539464878,"NCI",0.65491918
"62",2.8934609938702,2.20610763453555,0.750345492410367,2.82404659448351,2.4029421636841,2.77955915222957,0.111986683349249,0.95143231358564,1.0374763951995,2.48735958600601,1.26209712752915,3.03418442154136,2.03902404571907,4.82934668066326,2.27919420553105,3.9105227853865,3.32318544494513,3.76846662450954,3.34469564712537,3.83019116775178,1.96576096714176,2.02705612373425,2.42729697980794,4.06956859365125,2.23902874046955,4.13939612011007,0.668573633202271,3.84502359480293,3.73939940907064,3.23533594116846,3.6110811381415,4.80118423567818,4.61746041441881,2.44231675879542,1.85831801373624,4.65901141848124,2.08424377573246,-0.329339523382221,0.706903348815513,5.8789036180551,4.67744661792928,3.3884723774772,4.27555952484277,1.62240510838591,4.74728239214528,2.79796666592985,1.07429709803494,2.84068460909276,0.149638512371369,6.08591250608708,4.17046096440094,1.90812809122518,2.07242833904992,2.28566691593532,1.59896365056537,5.65778254528214,1.36836542390348,1.36836542390348,1.6660781798216,0.27729035504182,1.50406995514709,0.0570095106757151,2.02818285262864,6.06656253514588,0.755522007945135,0.226099294720358,6.56820522845286,-0.644195731749506,4.77552986759314,1.98585138939988,0.181807044772326,3.75620231652017,5.67509984963922,5.71936842282305,0.681615566108393,3.20172628793673,5.03829499233538,2.5687542028085,0.300825925558228,2.35675828348259,3.36366337708172,2.47948718244274,0.394376919724701,3.42191179166333,-0.028086799002319,0.471824003571853,"MCI",0.469274878
"63",2.88148419578254,1.82586584340893,0.304520703725593,2.18877935769736,1.72690505422387,3.39326931548723,0.631729644321104,2.58415848833589,1.17735608782835,2.71949803503832,1.61039261276031,3.09943452154674,3.47029210380535,5.00161092513957,2.26533861001747,3.43263132572251,3.79267573684947,3.65857494955797,3.39727390021962,3.27830751524427,1.15983030355466,1.52943139774734,3.27817514781005,3.25806414454612,1.00327299859773,4.14629453465122,0.740750435260708,3.76720320123555,3.11272791769979,4.03544466453609,2.93872734415734,3.44903940138394,3.31639895072286,2.27483912107527,0.623574049649299,3.24924968358176,2.21332938751449,3.58091231783727,0.304652828822333,6.29299025103907,1.77305660085952,2.28011320914685,2.63273788337414,-0.0218424416305463,5.25020330221953,0.266144823439814,2.05105548171346,2.6647063192334,0.469876348359931,4.18705639223659,3.98017064836808,0.196969973367536,3.20390395310455,1.93408592681368,2.54485327988225,5.72730500391952,1.05365568334338,1.05365568334338,0.843726529797481,2.07379537531218,0.465482337672133,1.14517299787126,1.30332027430738,5.55878441381348,0.772389691706404,2.47552994924653,-0.750136991466636,-0.757149444702115,4.55876380557219,6.71570763346277,0.426848347907486,3.59361319664795,5.42598530466214,5.76395973902692,2.49790731936374,3.2331049978918,5.26857151090107,1.74981870659307,-0.218446723263825,1.71892427759481,3.68478717618239,2.45109591556835,0.227745403328056,2.91867896917237,0.0170384183679644,2.31697775350071,"AD",-1.370628619
"64",2.98493201069761,2.63550216349097,0.308129488056282,2.70893407957201,0.214779382159896,2.96709809399449,3.01420669534771,0.774760007510916,2.35496016261089,3.09121742973089,2.81483518408358,3.72679504267752,3.10929277839419,4.65164045931386,2.45095163638496,3.53213399622369,0.645978300466304,3.19854647601723,3.09115934038664,3.11051934735569,2.11407954752916,2.04602733324693,1.74039732440163,2.27466310821506,1.78728023894501,6.25462369206924,2.19851852873142,3.54494023580732,3.95384268244534,4.22234479494153,3.42095005365202,2.47691028507675,2.67262477095981,2.67292331633595,1.12524624492086,4.26055999994936,3.34120892952621,4.28981644944009,0.73207010338758,7.06957864908824,3.27870824842085,1.58081269308922,3.39492607099028,2.10358260548621,5.40052236994878,0.204797582030395,0.260635685968503,2.76998704825456,0.634491882673507,4.25480227681577,3.14155996727412,2.65464598375942,3.47575216463936,2.84299627117655,2.75324150819528,6.58420845644911,1.79753524847679,1.79753524847679,1.78886202793878,-0.0103732346308292,0.234033685931709,0.0353379834935418,2.55277943242686,6.72651719878746,1.45909942723068,2.83934581719712,1.03998842889264,0.0271316755003355,3.59429781355748,6.66608830982077,1.92145313533424,2.18650164673599,4.74213557325543,3.7459529653939,2.85780419644752,4.07860794826788,5.85849888838748,1.86824869008779,1.54543437131641,2.52483219885899,0.772559104205718,2.35128373152753,3.38678323253871,-1.04144778933899,-0.152362408345642,0.8979200971621,"NCI",0.231938494
"65",2.52717806264348,2.00675826871431,1.21089959145661,2.5919212060639,1.82512558001692,4.49477782472616,2.71322974977569,1.47362760378935,3.40331300670616,2.34524829283182,2.39098050724646,4.56726107665446,3.82543510861754,4.16291219512457,1.94999327905132,4.89374715941772,-0.119380640546151,3.23139122763583,3.68268148454701,2.20038075949053,4.62639379869172,1.37022809268253,3.47040535831646,4.01567410800649,4.65946244929412,5.79136768064421,1.31099290981544,3.75164176674984,3.77194855538593,4.38753770720268,3.88702328987438,4.59486218276307,4.24788192533081,1.84092413109911,2.22002016599464,4.67384587191391,4.11593585559857,3.23066092639439,0.338256388891603,5.25109881742714,2.90303337773709,1.6928217265791,4.8223590298542,0.556840789474717,3.91492810800807,0.0656054568036426,0.503772575685292,2.31801436748011,0.111965025941177,5.26952924039018,4.61760483178199,2.01561720472847,1.16971873435161,3.35692214576179,2.71157552036598,4.91019315805199,1.39962988112484,1.39962988112484,1.0504519031343,0.307336873942312,1.3631581995845,0.0272012746204602,2.643530466505,6.57142986030148,-0.0400938367992292,0.0500887840809996,6.6726747255066,-0.178546566669168,4.0909462934063,2.17328209360525,0.219219523212133,3.97922588008176,4.56090005551339,3.88291056127729,0.0462460520002492,3.8316194206493,4.4478894102714,3.90458085814675,0.0364254568867398,0.919270906202431,2.83870117630921,2.43717654671865,0.159702361319696,2.73144177082384,0.085848173951514,0.70709128997824,"AD",-2.086880172
"66",2.17740897757607,2.09101434806807,0.804971781004676,1.74093305434675,1.85221355010135,3.38030915562032,1.13600465337536,1.56483293685685,0.25368837304362,2.03124547097361,2.51581950499662,2.77476853622246,2.6213561573196,3.54458460509623,1.69255732943708,2.841038623563,0.191168113251674,1.93614772385443,2.32566423183923,3.65818549458136,2.21130284274021,1.18149152993357,3.13524986368914,3.52320189311378,1.990304655746,3.83272060434313,2.39389743695729,3.49921311725331,2.91723360059352,4.37992172374827,2.29426506528483,3.95717240140664,3.99068410949803,1.6376245006305,2.44907553230577,4.6256639135196,2.41346164338858,3.98498959982315,0.750545250576059,6.88637060799037,4.25266684612163,2.87231041828588,3.89298853781541,2.51446347472148,4.09478272967959,1.94700399933807,1.74224723021997,1.79391580146738,0.0337484764944347,4.8954148578992,3.9101773653033,-0.0345068342480772,0.324193383038577,2.23867176467133,2.75769143974506,6.32370439724034,1.25338558022661,1.25338558022661,1.66920896840669,0.00810601872225325,2.19897658868058,0.0363795071645929,1.74201459383397,5.72093456062245,0.608003329311849,2.18075910744843,6.08514908170629,1.3783086007648,4.76594158253682,5.9279897459635,2.3537609527,2.88415714156497,5.52469752315794,5.98093606812606,2.05969923968039,4.25304598829173,5.27560378410276,1.0173850424304,2.66013350441533,1.595034515799,1.0102047045468,2.15888909204979,-0.0351237717357041,3.90407592976078,0.0218836025148375,0.94594209902643,"NCI",-0.000585583
"67",2.59971600309028,2.28003482391168,1.53423084722028,2.22143167306832,1.78525238170426,3.08765616015636,0.134520113275287,2.83639257860456,0.827949251388377,2.23409116611454,1.54166365865802,2.61514686115728,3.83526067008841,3.92920700941909,1.86535025479482,3.29054262825492,4.21015582856391,2.96404921348893,2.54357795140486,2.39488727241723,1.43473361818949,-0.157482463554318,4.28284652941166,3.55182523672651,2.07132797223202,5.95252746905708,0.857854562227497,2.573897790969,3.38076542428019,2.9850674536245,3.2433826233796,4.19255989297196,3.66320444537637,1.61967878132486,2.2607601419268,3.87125759292765,1.91923456397721,4.24645688564421,0.823079831444697,6.36894659537495,1.57755204346243,3.03833148569067,2.48062064592581,1.52125870197806,4.14587630038098,2.69834151358928,2.12264181666259,2.5557083664636,0.972067020387103,4.85078085393097,4.14542321301728,2.02891050412668,0.584593933253355,1.51449512900387,1.94531703746858,5.83145572951747,3.3409506792636,3.3409506792636,0.901705851943629,2.44382331885221,1.7013306126337,0.091626971478893,1.1165330356963,5.50702834427996,0.225050002141979,2.00512380203488,5.74501797365128,0.86414092032231,4.0360644407512,5.70111094873063,0.0321704653932915,3.5579298208891,5.05059212988096,3.81502610123807,1.7262771252903,2.46846342388379,5.61124805202693,0.964141325102356,1.3455209786328,0.796029372830577,1.06736934494414,1.84022707390959,-0.244801928597416,-0.424803622673362,2.69728892390952,0.986879193656174,"MCI",-0.100747472
"68",3.01965093246717,1.82933925884303,0.309860045179188,2.88472784005282,1.22989127610313,3.79597007283768,2.8489696212337,0.97551992056374,1.50028304577058,3.02675825012558,2.65482304277205,3.36575670460561,3.08146876721666,4.91442140490171,2.38467933448649,2.82472171140724,3.20824352792105,1.88617774623447,2.42314884088046,3.02567974729738,3.10768691000091,1.9904071826206,3.02586580976571,3.44457837084779,3.006585462958,5.5527343190796,2.73767968582657,3.53123199658745,2.92635503874787,2.64026747728684,2.61667492250292,3.99885917340584,3.80128681138835,2.04484163552354,1.31392845969994,3.39716854814091,2.90258640249775,4.33518241487038,1.86066009588968,5.52315876528651,3.89114484014606,1.38133392493963,1.61538178278279,0.188803452888612,4.62810374402353,0.439857673802537,1.06425957603854,2.64264941680872,0.732616440922311,3.94853848222073,2.28497501246922,0.239409942157563,1.54224519148128,2.67080403169752,3.30565013708168,5.22470500210793,0.0293791596594455,0.0293791596594455,1.41232481243479,-0.0252232386669005,0.945896537277048,0.0570095106757151,1.51994321531562,7.0242467826483,0.600318244091234,1.9127518811306,5.67075771674998,0.508802225020148,4.29759112617373,6.09293065480278,1.76049429793561,3.02351274944755,4.75845712020655,2.40533439681777,0.92175659743997,3.18510907761256,4.61153759958439,1.27764932599778,1.14261596114099,0.434577124085074,3.05189507100835,2.14008056899091,0.394376919724701,3.69498059235014,-0.028086799002319,1.3494397706503,"MCI",-0.285534625
"69",2.90370957347426,2.29409989958063,0.696079530356406,2.78849216301313,1.16608719641505,3.43763275455622,3.01513405193979,2.93120953613581,3.71760139979215,2.71388010766761,0.73104958485314,4.22003501484661,3.61744151643572,4.52507387428266,2.1289496813257,5.59106177655085,0.457879667532972,3.73695288548279,4.14272849474852,2.29060432552668,2.74447306185818,1.57678034906687,3.25252143634083,3.29912691865336,2.82377389463149,4.36717080598349,2.20399681438519,2.32335865740175,3.65309012083708,4.38959924746261,3.83029913626572,3.3429483728691,3.16093060225445,1.96086122370528,1.60839193229035,4.4265669784884,3.63394305858745,1.73125328792998,0.469344909597563,5.31991519279329,2.34954200997778,1.31485047464398,4.6055852467284,1.82768238622259,5.03728917750125,0.243351223486337,1.50906600157084,2.56064891397493,0.469359255566163,5.37365406242322,4.1354165084145,1.82825652595897,3.28720039889445,3.56932819330419,2.91021258541848,4.67902296393939,1.11073246247458,1.11073246247458,0.721286754439358,0.00287044289152327,0.143966594928749,2.80461836727499,2.39438206584236,6.10117012387902,0.0265486725970528,2.46335138137581,0.418615435999892,0.0424006668426165,4.28356012077955,6.55013211951553,0.223745325507884,3.50984315512308,5.162947133195,5.0840324728352,0.841314207832581,2.6520904547165,4.3290368939474,2.95836693131616,0.844022898915537,0.792993453592072,3.36452084159196,3.06664878863179,-0.0641869501056114,1.34535509756855,2.12095196593846,1.5500312959769,"AD",-3.75685641
"70",2.44863968351038,1.52717960398669,1.58933962438361,2.18346150928142,0.776371185150807,3.09954052739361,2.36339694441237,1.32184029506536,4.59387074816322,2.26608496614205,1.58319323392972,3.8649452423985,2.75213589446315,4.02817049873347,1.92272177292103,5.07439986204942,4.50901935604162,1.47623987564602,3.15053347611836,1.57548180084795,3.00166173593337,0.9981874496794,2.68955980644471,3.21942126817856,3.60566308257255,6.00543037245338,0.818210945827884,3.5871371026609,3.94848854461703,4.29587832894074,3.28094445391436,3.70295189356272,3.43373488219626,1.43923692353343,2.14208317914095,3.75115413990705,3.07063117455273,4.17608681518925,1.51870720022073,5.66335702247984,3.67196164656184,1.50328186273322,4.87133349354442,0.215689074176681,4.64356700036275,0.26877275855966,2.337810957231,2.23663067583612,0.274149572294619,5.43088765275281,2.8951328770081,1.73782936860234,2.0155511553777,2.92398133332645,2.92781819817123,5.27088929658683,1.66583030608374,1.66583030608374,0.429936604975664,0.0278410825792756,1.12900226430404,0.0353379834935418,1.94906383611715,5.60082645684709,-0.182475305812738,0.0329588088556909,6.71320215803744,0.194930819045551,2.92812979495981,1.04837412877303,1.63918519002764,3.30330474374394,3.75487698171653,1.93298652487752,1.99127090933189,3.97083840009437,4.9776627531325,2.81588057585111,1.12847795929769,0.156877926093864,2.96595082593731,2.73422814087549,-0.387062891434848,2.62085041844745,-0.152362408345642,0.8979200971621,"NCI",-0.372288533
"71",2.28903285651612,1.91990049801815,0.828807236568164,2.17448349091888,0.676265801050315,2.06390792637443,0.561101607839463,2.52358759775261,1.84274856536755,2.0604980350945,0.730666988089612,2.6528604990361,2.71775938532063,3.63918442853407,1.71216824477838,4.01330067892973,0.237523535188982,2.07648491915898,2.3371559302133,2.30475468190086,1.40344824432047,1.66566977721335,2.15860582076864,2.50474529644702,1.39767431273947,3.96414326360883,0.494580106306055,3.08458336335866,3.15747012577061,3.27414370374811,2.47480713820719,2.92700383723211,2.68630576086723,1.75416392755388,1.40024517573019,4.93286667030433,2.57864876147897,3.11740241371821,0.18509161527556,4.82183836197334,2.75208015106791,0.64542438758705,2.78114736115003,0.433896253313673,4.35429911495932,0.0374858839573273,2.24755033378326,1.98123896384452,0.353159049059148,5.16844180228598,2.56778018193463,1.89692791934561,1.09346377162351,1.14092338154523,3.00317955113551,4.45248612613929,0.282304968682885,0.282304968682885,1.29408479609041,2.1948352887962,2.4829409846195,-0.148141042319624,1.87821811528894,6.38343982525875,0.264151768914477,0.418340375256495,6.44493099623322,0.534279266168131,4.34000497691937,2.50452853881854,0.322686054726881,3.00584592685139,5.30751901464434,5.43007111923872,3.60214180019239,2.21738688488766,3.73930674621318,1.45908619161212,0.020232089335759,1.65395042544486,0.0831363474647979,2.61446318551391,0.216119760495763,4.26710530844974,0.0768580928024175,0.149953260232887,"NCI",0.584637565
"72",2.94549875784759,0.385361479135503,0.537168087537347,2.52260778169891,0.746520674221939,0.888980652285979,0.00626443538370602,2.03238954489237,0.751817049642199,2.53679421801381,-0.0869206693337796,1.24048753017832,4.11747709132678,4.53016373053319,1.95729724303765,2.89834216639295,0.0739736516543721,1.53303228811571,1.26530142458785,2.11199868200289,0.0310253220244889,0.351158581263883,3.94454628003745,2.12572719558614,0.0267828977172742,3.89605559991887,0.0666985547299166,3.09892299365959,1.9123951279107,1.80979571271041,3.09667677642379,2.51573038148987,2.54851469436708,1.84110007637331,0.415146084161799,3.99038587072424,0.0737244590295656,3.37083526787096,0.37739817620373,4.39772885738933,2.51182443916898,1.92703226704854,1.55530264370285,1.86413605358126,4.30493925867197,0.303268325340825,0.897549916705503,2.41249783008877,-0.381926163297062,4.33970081707673,2.76840761472739,2.27281851227791,2.88966019094652,0.93513299838769,2.84387654053677,4.00479089383371,0.0753433138359709,0.0753433138359709,-0.0348374770067992,0.340646767083721,1.07691385906124,0.021444341093927,1.08516818077849,5.95910414770328,-0.0202877456844774,1.61898539725661,6.19818347855983,-0.219974237462596,4.52560836965411,5.85163420050518,1.82630404133663,3.67034358890696,5.36406179737943,5.3217717457858,1.08945722485682,0.794961022177339,3.21795224148249,1.27539961528074,1.24774509779522,0.951914342286717,3.85399244507218,2.85700339018901,0.130074048746944,2.80490494304424,0.0802432069139015,5.49914482994024,"NCI",-0.042969531
"73",2.27072116895844,2.5603355539525,2.59016443851007,2.04393548750029,1.17838718343408,3.93682205975227,0.33813090864341,2.84151910180312,1.70663238270418,2.02645354126698,1.35197584675757,3.13420187016674,3.46410131440112,3.6155857507379,1.47836368201442,5.06473350196392,0.0620996810204539,2.44649512211478,3.48008474212023,3.43718421896896,2.43664366670877,1.56124202637982,4.14547445865244,3.89289168415252,3.22948008125812,5.80553162727052,0.244441391221547,4.06422520664367,4.30162667267019,3.8426615067742,3.16701806204144,4.428074413641,4.14047312968466,0.974706902694418,0.225409102294673,3.3905801448771,2.45144673813066,3.30696310668816,0.370380041532933,6.9431257808158,3.2443881073945,1.38297115321397,5.36385506035856,0.15155816039497,4.3566455185327,0.386712574283074,1.92211426575102,1.8560365775811,0.595444692317646,4.69718851034695,4.18290319841836,1.72759100483947,1.29944487807862,2.43269507783542,2.3587771614268,6.64021084101035,0.322525905549598,0.322525905549598,0.111822540215927,-0.00676048368132265,0.398457949643121,-0.0830704892946777,2.64795349004204,6.33701778329328,-0.165841326949867,1.81495752895256,5.95268445586827,0.771391294730055,3.96629144317561,6.01296882503597,0.193344174480201,3.55321377026462,4.55046294768997,3.49558632884479,0.466244910090461,3.40699147709879,6.75826789619292,3.59683803528116,1.93312232120725,0.770560694172907,2.78455851453108,1.84134139044782,0.140382183248494,0.280804408650352,2.68780356146488,4.21569241780401,"AD",-1.21907925
"74",2.73955259821836,2.04106289274224,0.853117677400069,2.13957694926297,1.21825831197948,3.56442115110285,0.408367927963057,1.32448706989512,2.0778158630413,2.61133430905669,2.1530313786062,3.13673403097945,3.54802615878769,4.51673313303014,2.12046859294981,4.64063196417015,3.73891482996571,2.12881166007203,3.6967357939736,3.11126612393528,2.26133264643107,0.0683340179765685,3.76394170687371,3.03013548938633,1.63925627145793,4.97025208482005,0.383757925479203,3.93808674024234,3.7490231615429,4.03199075585177,2.64091094842678,3.67961290494806,3.50686758404204,2.2837616177484,0.144731631233687,3.80186818364622,2.78371016894564,4.26986747096731,0.578603253239373,6.126212939537,3.07027909338831,2.25195657583456,3.82494957957178,0.378825729086255,4.46604464203074,0.329083763942436,2.12644757174338,2.80729078397916,0.320131562116092,4.76125402272796,2.3877962111641,2.3585993222602,2.12410540069213,2.68868667930036,-0.157232850165063,5.64987256017039,1.82372071268588,1.82372071268588,1.95434574311144,2.9817185597998,2.26999380168624,0.0619937696541236,1.91788755614432,6.69031183684997,-0.666674408672155,2.20515467300612,6.1418461047279,-0.20036234845161,4.43888978056605,6.00694958315045,0.173046816816735,3.54516460363145,5.28235860516797,5.6789091624526,0.926086082847547,2.59852466340004,3.83452693556832,2.8320782510972,0.0300909269523079,2.86565580728072,0.559691240969577,1.65118662002608,2.73229205473931,0.425111751120541,0.0669776986252448,0.608218984740984,"MCI",-0.721634953
"75",2.02151649505439,1.60617915554257,0.974228130476852,1.5892249356954,0.519262335755731,2.22189875522993,0.759316758043015,1.0506559812672,0.853253544443338,1.99299798820476,1.70205080898685,2.70288843365105,3.85413394903369,3.37468796443956,1.58907586046088,3.80962122251103,4.50403577291931,2.65299181585663,2.06602060905118,3.16038990708968,2.36175030354858,0.0816047024563267,2.747820206244,2.59626480801097,2.36395138511178,3.47934922896627,1.70239356677565,3.04618804652324,2.42130991210834,3.61264224465795,1.99185076726518,3.03430444133974,3.02068004114052,1.86829591701534,2.82996328285129,3.21462069668859,2.17770809898734,4.0001226809811,1.76564524023872,6.02750090634822,2.06098294390687,2.57606856832982,2.11309377877761,3.37711599327364,5.53075797768783,2.29539505282647,0.735835034071548,1.67468604552568,0.730976700577962,4.04810488338882,4.02488572566285,0.53789056230065,1.13224637404516,1.9500925669485,2.80144249337197,5.61535773827299,1.13355370568219,1.13355370568219,2.340105655311,0.28195044457659,3.01291543338684,-0.0930089506721352,2.06999598391372,7.15930427042597,3.5584326193896,2.88761683003583,0.145675983020016,0.749972586181841,3.96352783528582,7.14336620556306,0.216087639637094,2.99814441146186,5.10016601116283,5.78098070030888,2.03199782398397,4.0276138611373,4.2242249533871,1.04908678691982,0.0188822491746854,3.08686933223911,1.71728716890934,0.947475532309049,2.07736276836494,2.94797007538077,0.0160415345219569,0.111005529564437,"AD",-0.96528894
"76",2.29102262799245,1.5141840127246,0.634502240375168,1.69176269476924,1.84212607415022,2.25767860937562,0.613086092763949,1.1772928429044,0.604368952741435,2.01758511613849,1.47032390582361,2.30588831505146,4.10102869983469,3.62278858671043,1.50822705183427,3.21387521184466,0.383611821249596,2.63825690178779,2.56606995837159,2.77665832867933,1.01730616351973,0.0816047024563267,3.38673313961127,2.44630825786198,0.870748495802339,5.84697816948302,0.610074816105879,4.63539215814864,2.74037120227409,2.45060526163328,2.53184428186715,2.95448752251933,2.95100127042414,1.38603504888179,1.88466825068987,3.25758691862056,1.49352025596349,0.137391349248055,0.240554080555181,4.90236426894746,1.31906179130341,1.21081819786336,1.9651961918821,1.95402422271598,4.40046843561192,0.0557124029300463,1.71078262483257,1.78091583128928,0.58555614001238,4.20427226674262,3.88095647868066,0.377087630249945,2.25482335087719,2.09548913284071,2.35400027133373,4.42410486061106,0.639714826023179,0.639714826023179,0.111822540215927,2.75314640883137,2.6072812103707,-0.12350459716154,1.56889964622583,6.09278842721384,0.248537521129258,2.38370283272511,5.95618203430089,0.745322407465029,3.91152486759513,6.33967198235122,1.91848316889687,3.97638292501579,4.74680021506384,3.75632487455686,2.04755278170825,2.50539940493067,3.37421665517917,1.55964034769441,1.83308210208843,1.99674091470187,0.292262457205378,2.25626358017693,0.613656792887663,2.66883628504695,2.70660239252649,0.111005529564437,"AD",-1.271292815
"77",2.55700020359685,1.42107898586771,0.475517886160284,2.08819599922876,1.22317917242317,1.06041394521985,0.0985219004721647,1.67949839030658,0.409572917847833,2.3656361872397,-0.111167953424448,2.05458625422857,4.51124971874919,4.13246372781493,1.75750660949855,2.87347512514035,0.751492965882492,2.87586929918499,2.06545203829705,2.93214570630514,1.16883268952083,0.0928303626586244,3.99186078355202,2.26045794758339,0.762161974889111,4.00895094166809,0.736003296109388,4.65957124951487,2.45309833555893,2.24300015863898,2.14275029481403,2.7457432997898,2.8404680402429,1.66273077703518,0.383953451810487,3.55306056358158,1.0822541519206,0.544632237434988,2.07515416740628,5.55421257179296,2.26814831570206,0.90719884642971,2.07877396550996,1.90345379942978,4.17434450307764,0.164915625825161,2.02165163761095,1.98040506459057,0.356644587764058,4.112035157824,2.09668325172397,2.8226116090865,1.73680178742116,1.39680184059915,2.45349033638246,5.13699915087967,0.0711127735459341,0.0711127735459341,0.952039676187943,0.229979847851255,1.47087301737587,0.0360374303149619,1.10152180839925,5.62040514644626,0.0159240179400214,1.91778775372441,6.33621861396026,0.00639881859597002,4.30403740319337,5.97730477896384,0.00241987966412471,4.27375466298093,5.22320852901195,5.56397129963145,1.41348418874426,2.36473070824932,4.17467809271049,0.964114337605203,2.66620584050562,0.984334264323767,3.78042539398818,1.80488324570896,0.708439006258133,3.24897698916677,-0.162858164507083,1.5500312959769,"AD",-0.711282951
"78",2.17546191842312,0.468807418954665,0.298979726690781,1.98593315127052,0.200656864366808,0.585219535906311,0.0277932972422708,2.96341201293358,0.663726470385461,2.01736494854288,0.181332373173334,1.66611088515725,4.22766371398108,3.49274508310924,1.49002059268948,3.07721887051592,3.46485619219062,2.08317405285458,1.77204521931398,2.30180255381509,0.710964801552901,1.62823869795135,3.57928614589481,1.14782212882793,0.590749023119011,5.8489885942003,0.0931685966482838,3.5307826706949,1.80785078308765,1.90291607935327,2.36522618664867,1.58395453144011,1.39821783839389,1.34812825802228,0.115851575593156,4.29664212011885,0.774003973570588,3.94594365250209,2.11683500083028,5.35967524105078,2.11788291195569,0.53945632759795,0.832241378960369,0.273123451096058,3.3133718359104,-0.0434774050337835,0.869156595717587,1.70239900588181,0.598558283084987,4.34356393308321,3.98861469879725,1.78823614886489,0.350979543061797,0.774031947909349,2.79311242399799,4.84175069950184,1.45707085191209,1.45707085191209,1.01710023856205,2.24248261780283,1.23182892655474,-0.148141042319624,0.436601846369406,6.30151973364525,-0.0951882697941173,1.85922140558186,5.70113575777411,0.630219029838632,3.9193378148056,5.80359524297261,0.185222413897223,3.78038143633117,4.5121140832603,2.63395840111692,1.88331905428363,0.790987643577183,4.43986412891252,1.20103942043931,1.27598098950604,0.417784561122544,2.71228338034528,2.19231434146892,0.216119760495763,2.98467914293833,-0.0200532207278665,3.29069961463759,"NCI",0.371075497
"79",2.62006709809195,2.69558271200805,1.14065966828965,2.52879760569061,0.647938626667566,2.53983567314469,0.157451688826023,2.55435525086485,1.60757157322339,2.56054460737243,1.66516570527551,2.4670253040682,3.4870333642175,4.62210503045259,2.10746068478151,4.32914948085895,4.08285565063277,3.54809287888677,3.12815369355649,2.6655363869557,2.02863660462118,0.0814971873550075,3.27484779920635,3.51861192458918,2.29992581499066,5.87125832187459,0.205378548509674,4.60166316919475,3.59446995092459,3.73662548287537,2.81377420400405,3.78926666219932,3.52826707623075,2.22753984884601,1.67136718561436,4.46073102988807,1.58890172072698,3.07094680085074,0.316608324620515,4.82399401169837,2.24422999016296,3.37155719807622,4.18161657691394,1.38221082823151,4.27089113027836,2.27059712969887,2.42592981539995,2.40391346603348,-0.274523691891024,5.68845868089313,3.89325294957949,0.17736536457187,2.15842735983365,2.94503072740196,2.28527826667314,4.35723141001371,0.882925255067514,0.882925255067514,-0.0260434241483634,0.141048957342314,1.54194047289323,0.0272012746204602,1.7271018727367,5.59499961403036,0.206619326741116,1.9268020240959,6.31320758290947,0.13817818918118,3.80919375622177,5.90390913305075,0.147450092058798,3.26757845993205,4.61603571113171,3.27061227917309,1.13720946809279,2.68713986809212,3.60231038462609,2.7106934348217,1.40952558301665,0.402841550396287,3.31466730627723,2.41481979511555,0.439013746698133,2.84014637059874,0.213939176679064,0.70709128997824,"AD",-3.727066158
"80",2.94551227491881,1.45358168258474,0.778387293950444,2.30503064683481,1.43460523628109,2.49079487521402,0.241095840012675,2.73150985536423,0.88514837447966,2.62441495743163,0.333921651089501,2.05846797360259,3.49248117626699,4.77920180727702,2.01206772137538,2.58679033744903,0.0564719741402597,3.67679138051604,2.02568262785739,3.33176963630005,2.09109209982427,0.0815367395045266,3.64550670680595,3.27548885352618,2.7521350281074,6.40976711711934,0.125494444986821,3.06913499305632,2.52758777806147,2.22877351513116,2.79634254396248,3.71704339151236,3.59694048344217,1.96681807889379,2.22925772829375,3.8932468713426,0.927732407599471,3.06939149047994,0.203861754476898,4.97503349887561,2.72973603302902,2.84570574828081,1.55623894034494,1.49430269211389,4.58146078533352,2.01343890249764,2.20948840484984,2.57013615938766,0.353274319468309,4.65624649156832,4.18548908058654,1.70288469690175,1.67510138889469,1.13121787806028,2.82498075026298,4.44680690910277,0.0411260605577115,0.0411260605577115,0.239477750754049,0.06651951867085,2.19289440205344,0.0599939136714245,1.23827388143584,5.13966758242466,0.703123284733127,1.91669962532319,5.64921053211259,-0.554201726991228,0.708130721202404,6.19601514483848,0.2996433933583,3.77616766079139,0.852314266446836,1.72465482242793,1.03253478781252,1.56530902826514,3.9374278160991,1.25011846945263,1.87953075416554,1.55682053495122,3.29926522752279,2.64459606642868,0.42423393105824,4.38511347666083,3.18875959743068,2.86504963705553,"NCI",0.018708438
"81",2.58957153182761,0.747749600717273,1.38129605003926,2.37668565586498,0.296356013397595,1.2971850385416,0.0454406113146048,1.0040134475585,1.11909894248292,2.27144694809004,0.306605026469786,1.79310584274654,4.39786870482245,3.88968084448717,1.78402509766844,3.71098099071038,0.0340309732933177,3.10817758815762,1.76901739281412,2.3474502071769,0.489736459632115,1.62484693505872,3.98025193659732,2.06347552134372,0.603688817767775,4.09111297200636,0.655323495154693,2.93210052289148,2.08862361341501,2.46476273467308,2.95365904625575,2.854312964521,2.89750773298092,1.74858643182429,1.18586370367735,4.24298586778282,0.721194589264549,3.72095802770274,0.408050066722968,4.44237623941433,2.44251218173816,0.964723856201399,2.78524582896745,1.73937528259575,4.68895391690318,0.255661231027323,0.00139034722361564,1.98022381063705,0.486627425828096,4.44051760002705,2.30363372401313,1.66734325026932,2.99390585329079,1.07457321745356,3.06304529595764,3.88659791289244,1.76622202050767,1.76622202050767,0.985973144998742,0.0862326522557383,1.99875863476116,0.0232009998631409,1.58738593508988,6.20459705425427,0.585126199874572,0.0058801132102102,6.6344270132207,0.350507738175813,4.34479615228859,1.42825046835376,0.0953789209221125,3.66967066921828,5.33044019428634,4.44691064210025,0.867754557586106,0.576440908356848,3.0366775872744,1.52850024494148,1.09775214192262,0.472627607831992,3.05890075915634,2.46083895364805,0.322031251268873,2.62467973466967,0.110137189887887,1.51050062251455,"AD",-2.242272149
"82",2.17959727703113,3.11056241680808,0.952662447293412,1.88873027004242,0.334602265783156,2.85655197951495,2.84195021551365,2.82034267494262,1.76773432169626,2.00553647933587,3.42946845767826,3.95315059952303,3.0193194752926,3.73848263709495,1.74437903809557,4.2883824058601,0.18173278920552,3.77833130532473,4.09641751405582,2.85902205214222,2.63745358546322,1.60673375491285,3.18656569643198,2.38942677990047,2.48893882443511,5.99376241682533,1.50783658280009,3.34291684973112,4.69987292130922,4.12923445903162,3.06761719397113,3.11142962547388,3.09041574600412,2.02950869235171,1.59869703470535,4.71114101391212,3.60645276211368,3.29886449342902,0.604141654998432,6.01442046243279,2.01490080895462,0.726657437396699,4.5817180243459,0.521971013838357,4.41365601698973,0.000821019732305528,0.416118145380069,2.07227921367123,1.01258197014604,5.3623324469084,2.36899510377983,2.50566697311127,2.96036214867071,3.19124142055377,2.10990124208717,5.74413275193212,1.92119745270046,1.92119745270046,1.11422978189202,0.0571561508687077,2.69191139707276,0.197058563412743,2.34886092820343,7.18933102649392,0.957801638681337,2.41142674976337,6.08703160739782,0.688083710830774,4.05850761821596,6.04923965854561,1.49918219538453,3.51736533106766,4.78659196362169,4.11820466569895,0.364436522021716,5.3285568838533,4.5471416136655,2.76230808840704,2.29688331658912,2.0977356103526,0.928474227253257,1.39144297019555,0.935295491250296,3.23354943561994,0.0218836025148375,0.94594209902643,"NCI",0.553413853
"83",2.34393034385597,0.669600197618875,1.13420416905025,2.2975134598827,0.390415907971408,0.978263158499497,-0.100534844066979,1.71738906606345,1.2676514723782,1.90413357610745,0.845625731568973,1.91554420772661,3.16940740051413,4.04568431968142,1.73191873530245,4.44877323720642,0.433303596555458,3.2968937453227,1.82206805010468,3.37327939189279,0.707627250010495,0.418468734645768,4.09242563508964,2.89098741625928,1.22128038164003,6.13403700402515,0.221439259836682,3.19303790027967,1.57332490093014,2.73722392959781,1.83291773130748,3.43440892289976,3.43637540396532,1.75089709901094,1.85147914108806,4.00110039747051,0.480316509748807,3.85414620215248,0.768958834413906,5.7933410930175,1.64323829106315,2.79389710141962,4.01663178568469,0.332520654037795,4.84234230884976,2.6243247053114,2.06680178562386,2.57151504161178,0.297028301832369,5.66860101966102,3.9022196899662,0.353067367411205,3.07804826460493,1.62600321736109,2.30528397838038,5.55772630093332,0.853631738324797,0.853631738324797,0.665486528947682,0.101873474968881,1.83283009135363,0.0719774042572279,1.12390027587405,5.76979115965353,-0.282681980405127,2.22677943804889,6.31317659742815,0.34163461491184,3.86839773233139,5.97520288461594,0.184988666886083,3.74152881119001,5.02525921705536,3.24957145939049,2.03367846760927,1.17107329021229,5.57090200403104,1.48170760717452,1.94320631750602,0.66843707152446,2.20098139456725,3.51326505568103,0.255682241154401,3.4821097219441,2.194823424655,0.8979200971621,"NCI",-0.134756085
"84",2.40812105139041,1.15548240072865,0.298468035090399,2.15562432061777,-0.018533721944092,1.62605658887721,0.100343063429347,1.61517965187641,0.381418597929603,2.31885087839787,0.322615580278847,1.59396429416807,4.39639328446688,3.92722545526395,1.81829802937403,3.09622183817461,2.86577853639138,2.58598420183099,2.05193921378434,2.65306987805813,0.785674915207974,0.191381658592361,4.01253142576491,1.54011245029006,0.759952358645576,5.92192948936093,0.140684120611059,3.8073233874776,2.39529680565235,2.27649652662663,1.51710331305255,1.69706774706822,1.93821593268173,1.71542134980964,0.493921784898082,3.29757615785808,0.689485957803182,4.11675312762773,0.265973546661781,5.27082025093487,3.00273975744028,1.38080599945946,1.31556571561409,1.61582551614995,3.8380278650847,0.314099005174182,0.482232652452547,2.14697106668939,0.558879987684829,4.56665466042151,3.19135826109426,1.63593175981159,1.09212403374899,1.02515853999972,2.91657089418127,4.72855926314364,1.33632395238522,1.33632395238522,0.384626497836712,2.001554983415,0.849140901619521,-0.0120649856089002,0.809214305137046,6.08966908738194,0.93953388095686,2.17601778073536,2.31400030302928,0.438506894728214,3.38560767912422,6.24544454600544,0.0937005963950347,3.96000995041179,3.8014302416112,3.3042718440725,2.56737962783034,0.834086319263539,4.1566411158109,1.18563615423823,1.63541856335413,0.812385023600195,1.01855060848221,2.53925460375278,0.0858048745115151,2.95287961721147,2.85698357144824,1.92832282265827,"NCI",0.117621145
"85",2.18255747316748,0.968812068438504,0.284338084840312,1.8812742622032,2.09769171815332,1.60213395879699,0.437799001404283,2.91620952140798,1.49917468902371,2.06870739347442,0.28753419241517,2.9458063524252,4.25390786208288,3.61334459970148,1.58332356481058,2.89634824505044,0.34418834960147,3.83421273232477,2.34021857891163,2.1583941328281,1.2748958534039,1.06950200703274,4.03043469025647,2.66505183784657,1.96068393498819,3.70941195985263,0.600210158178909,4.2069557078136,2.01998388961719,3.25378910335898,4.82710164345599,3.02392643772621,3.10283240704412,1.40566863678464,0.939647145858343,3.8121178110632,0.881857340753846,3.65675652180408,1.52035619430716,5.13044147811279,3.8687303740432,2.11383760717898,1.80588019723476,0.377595100779254,4.18923542505934,0.144746485880812,0.196815771789209,1.9566143652494,0.316287562992052,4.99590517586965,4.19375171164296,2.53877493906989,2.18278254987287,1.78231898243036,2.32393633092837,4.43080514024786,1.09078012695775,1.09078012695775,0.542026936020348,2.41983311761896,0.919704903045401,1.21599602885535,1.16383838329728,5.24798467679856,0.663453127284778,2.56130648567903,1.00433879487118,0.567276952208484,4.70782809626725,6.69975049748053,2.24211289150568,4.23158838767448,5.66167445611405,5.78836397065035,0.744627868725988,1.37423053221293,4.0431629323781,1.51232472185771,0.261569311756582,1.59945331466347,3.69273082051291,3.17393727414703,0.457358749879494,-0.424803622673362,0.115514501481913,0.986879193656174,"MCI",-0.218960764
"86",2.27656892951244,2.29944475398379,0.766472598189095,1.9273460215836,0.881510784146268,3.87874115815249,0.743424399393829,1.36680900680888,3.10768576716213,2.13035630243773,1.56294047904367,4.20824331975308,2.9906767759035,3.71773399280578,1.85136639262316,4.91523084410411,0.0683369858373473,2.48255552301389,3.53472031746051,3.17285001971119,2.41528655516299,1.52430341411598,3.63503813849401,3.15259754178283,2.1064922917659,3.99861649156783,0.630246586139627,3.46039497832668,4.03622420550912,4.43172647171407,3.52072640597136,3.26304849845278,3.23907790004894,1.56177823159178,1.53244070532524,3.21490094534486,3.57384654200899,3.71966056327997,1.47396440716916,4.73215064526188,2.34333818729,2.4615007151812,4.45236879060669,1.97825812037163,4.4751105950236,1.73005470155499,2.27065258725984,2.0189604338983,0.132343557668877,4.34143504641969,4.08964522018606,1.77808994826141,1.69767745072396,3.80583282266736,3.39252331321606,4.248874134036,0.977102384873112,0.977102384873112,1.34355181100389,0.180905000569698,1.81117653635281,-0.14290083243943,2.54568668076798,6.23412668195056,0.23358277843312,2.13855649376924,5.52656532695024,0.637500107350061,4.27465244759489,6.20416191706961,0.104006238984115,3.732642958419,5.31226505402072,5.51929597250927,2.55963795620796,2.96111261853222,3.45441961173071,3.490440422262,0.0210772750019916,1.2495751261216,0.397322298671814,2.92339655787003,0.204611212244276,2.8589213962727,-0.0196825867737105,2.45927127758956,"MCI",-0.31401774
"87",2.86984503838696,1.02300060723042,0.62705632259011,2.6594987285853,1.00731053688194,2.79864601891988,1.36421442386253,2.69562332214077,1.77928812577479,3.15898794710443,1.59524299878666,3.98566427447397,3.46860776027173,4.64344996930064,2.69741287051929,3.8997062388541,4.58884000349757,2.82611817835162,3.19234044597022,3.07867447382415,3.96644236837353,0.0928303626586244,3.70453595105518,2.23123934647635,3.35420544628674,3.96286861305107,0.950573298051308,4.01546267332627,4.3299913701283,3.23903865495525,2.75870537958071,2.89760530603667,2.76491719881638,2.18624592963201,1.10979576978599,2.87803462110565,3.17336435257593,0.251535896280453,0.407360821980962,5.57465386615493,2.67301490818369,2.20424831650905,3.69945886189545,1.67076592851334,4.66812889798078,1.77079666145324,1.41035687623895,2.79007239364416,0.783166679595214,4.12535225297281,3.55300647474349,2.09335249593394,2.37317949529397,2.37949202521757,2.81046083503419,5.08843433935602,0.0711127735459341,0.0711127735459341,0.525834342337146,2.47121354084423,1.89948651103589,0.0470699594015591,2.08827963522512,6.09614355441593,0.992679794809749,2.52319072579914,1.09522555934731,0.205538527397738,4.41522527781833,6.4689601562525,2.22999485642215,3.04746967566626,5.27697062236152,4.88337074669535,2.21184736867099,2.83342486383571,4.02302484413768,2.4046631066348,2.15645710696214,1.43191714155873,3.37972517134166,1.98143108606608,1.30573356857477,2.7985896348773,-0.162858164507083,1.5500312959769,"AD",-3.491880889
"88",2.18871689873673,0.716014792700541,0.900762796890465,2.09952186980362,2.03334635916178,2.66791819880458,0.536587723418759,2.30947416685758,2.00335642496603,1.92510076326261,1.7011026584665,2.68093772548865,2.13652692768692,3.49174689197334,1.61022391429981,4.08693401071736,0.0601154232794696,2.90999407786217,2.80113005753465,2.73430662549751,2.38817223926276,0.126529578385966,1.85579111815199,2.81483822874181,2.47428119406537,3.84087076621652,1.23115901015212,2.48931866750875,2.6932430719723,3.19369538775462,3.01770148393952,3.27245718946781,3.26433495214844,1.3463188165212,2.28580823603277,4.34235781212879,2.23340739806261,3.995689977677,1.41887804111189,4.72677426976354,2.69595223358574,2.62784639459218,2.71506669686616,0.27779435528144,5.43189563705693,2.47516184952207,1.78822633044542,1.71595599409033,0.766838790448273,4.71004939223535,4.13000752241032,1.60820551538538,3.26637336569287,2.1662824492753,2.20313974256034,4.05402629124948,-0.175116063192892,-0.175116063192892,1.73465888690351,0.179015440606025,0.972099520867081,-0.0913448528495935,1.21435382896493,6.45311942881569,1.08893467963674,0.39714681579229,6.53548055841476,0.722535765237832,4.38713120334953,2.08538676077939,1.5353815334141,3.3693116623068,5.29113192528524,5.55020942664875,1.61912878539469,3.04531223351573,3.34859960086079,1.2200871614232,0.0188822491746854,0.110046495278942,1.97134310285664,2.32866944801024,0.140382183248494,3.75166741614981,2.98437320170203,3.41533241060429,"AD",-4.164462038
"89",2.72572897278035,1.21380615529253,1.44598879448358,2.25449926862893,0.387238794239882,3.18590924364147,0.0454869867889326,2.78948616539176,0.743395146869687,2.6413482437079,1.00818498799331,2.26441133044074,3.22807779352611,4.67202847732905,2.32797720268757,3.1159911677812,3.70412648709839,3.19008719637923,1.66488175003078,3.38871573480749,2.06243244301845,0.258746420184625,3.48522949550927,3.58581902780175,2.0821732395663,4.16488041506807,-0.0562354305397713,3.77094969371171,3.04643485162687,1.70566152706247,2.54299322157976,4.18032558535593,3.95721670344186,2.13741810996179,1.99906256916075,4.01758834472389,1.02289886951907,3.44697637888651,1.91563390975631,4.40742131607638,3.14957533347562,2.75139765074204,3.38446511552947,0.489406705197713,4.25608861863985,0.633225877871307,0.905280412602033,2.23574047583368,0.336759769260287,5.04518328424887,2.31408529303878,1.63372828161979,1.46429567299148,0.452158540720105,0.528117784061751,3.99858568440535,1.30972210332734,1.30972210332734,0.245972207816972,2.41707713427249,0.327429298619606,0.0582699237533706,1.82281352657803,5.40953201504394,1.03347657235636,2.49613646007262,0.776337820903919,0.144531669848464,4.49542821532807,6.74408785086881,1.8666361527035,3.28657494601507,5.23177881795963,5.58293439005131,1.00124568138363,2.18226158012486,2.81920963494686,1.71581305761103,0.924129710338854,1.34862648174532,3.99133942208502,1.72071351874724,0.747930668622778,2.35145850308424,2.72493942168818,0.8979200971621,"NCI",0.502520433
"90",2.3832585623697,1.51702031884632,0.783015287167085,2.23542171739435,0.741222371968408,1.27848131415719,0.461415830176127,2.17140337866698,0.916371156034247,2.37333634823395,0.106813107040341,2.55908181067288,2.96714806382323,3.97367408670494,1.9055136720306,3.24380760246098,3.5815905436024,3.09069560037836,1.87024985490079,2.15926987188271,1.03289141253506,-0.00231987600269812,2.6668867728749,2.95824624288465,1.0820036389896,4.11028053053631,0.803662078352411,3.75478537519463,2.76199613243854,2.11371448897276,3.13249206510102,3.40222939742374,2.87988890314786,1.61165016366167,1.63375516755635,3.14575498246238,1.64343955179602,4.25391723233598,0.385160338540383,5.92637052262694,3.41880316904079,2.56320929271124,2.44576839065262,1.8063331869796,4.17248542224068,1.81430234670384,0.565218485899508,1.95968131535655,0.393980532887955,3.91217536477354,2.64314593105317,2.57024631097223,3.04186416180164,1.46399168991783,3.01168377393491,5.30251439178878,-0.11550705811332,-0.11550705811332,1.02120830494239,2.99064784151869,1.87657090907758,0.0473134366871233,1.13343787694024,5.7124602242264,0.503250213908156,0.0058801132102102,6.90573252615493,0.328814052913835,4.46134156606441,1.47976542274073,2.52920352872695,3.65018017923827,5.45491933432469,5.22142412251805,0.942560192997736,2.39697869535587,5.25590526146619,1.3400404458423,-0.0511718859849966,0.566863210900202,-0.633053840053735,1.98299509462288,0.322031251268873,2.72396193825599,0.110137189887887,2.1721429480247,"AD",-1.97853413
"91",2.55416430683188,0.434177375028568,0.349384055854926,2.46454693940548,0.941213370535237,0.757876383886384,0.0454406113146048,1.32719736997112,0.455613145557138,2.38935627584284,0.157533233212153,1.54915156191251,3.42394464233526,3.95384870740612,1.97682485788557,2.71395556522855,3.44887353094714,2.5155728514722,1.60204803345586,3.1144003475697,1.13895797605492,1.71326540696324,4.08837851570953,1.89056667589264,0.762577163279972,3.84237152518738,-0.0102227074886686,3.75560381330364,1.7878406701615,1.83357366318096,1.73992036044894,2.20484920365693,1.80991539240167,1.58421153434809,-0.315572954533951,4.14647603909391,0.490098494461032,0.882049579163495,1.61266405665173,4.75102814167244,3.56587712343389,0.395664488058198,1.17894763678049,1.56472086868803,4.12101326774766,-0.0495086175284266,0.00139034722361564,2.2026370645807,0.517444850336247,4.21932902007201,4.59716143077122,1.92935338560253,1.53188997688793,1.05915873517498,2.36272261690666,4.06539323068521,0.747004166380315,0.747004166380315,1.1591205012757,0.194952577833771,1.53921868795859,3.33605120684928,1.1539839803344,6.89802660715757,1.04162303378751,0.839053048978473,5.6717111567383,0.388260325233305,4.97200654958571,5.78036788532999,1.72520757256178,3.5295192900589,5.31804718342048,5.33129501919553,1.09160282710947,0.576440908356848,3.85263249155649,1.09191871983699,2.01296762557253,0.603551244134671,2.36967365545795,2.47845364953644,0.322031251268873,3.56750802350998,0.128313601431068,-1.19814049500937,"AD",-1.300552139
"92",2.24471933548277,1.94846484834794,0.675330256622572,2.53173087778051,3.48707426544209,3.8504201167068,0.913630485168802,2.66824576240513,2.46064678586797,2.02605547275672,1.54570424156212,4.16888035867531,4.39934202530373,3.59004133899571,1.66108117429354,3.85582430843376,3.75146515907155,2.04479250377425,3.72464251266656,2.44096654672081,3.50365786600085,1.698225267115,3.64722575193189,3.91254614535781,4.00649694590202,4.0772052969268,1.06411054424042,3.0966489665309,3.92908734905139,4.40657128000354,5.17615801136596,4.41134755163766,3.90768937091318,1.45658206992606,1.96805395013177,4.27713947746403,3.30306812407339,3.70990221939289,0.350645647090591,4.27476468947389,0.129240783800847,2.74744165374521,3.6799920945705,1.27100083818286,3.02206573897893,2.02669625445695,0.731906282566983,1.91926198964303,0.324986048850232,6.38166206549802,4.36267160330743,2.04559815372103,0.227522187028977,1.46825351827148,2.91846921124172,3.94141697651484,-0.189053932758579,-0.189053932758579,1.16850977837238,-0.00654960074765154,0.922128508842863,-0.0933171301652451,1.15226509767776,5.80589295440979,0.144920002909948,0.66872241728206,6.19363854167667,0.595988413604438,4.2387915630959,2.5167012826102,1.49098595622497,3.66416190745897,5.23603111620192,5.07506822414882,0.913835342097862,2.24411200192964,3.35673304764976,2.10473247001248,1.57693829197839,0.286482666906253,3.0541409004451,2.30292634663203,0.204611212244276,3.27476740170902,-0.0196825867737105,3.89251348746016,"MCI",-0.885443673
"93",2.34454665741611,0.573634515030053,0.444898468782003,2.1182663933902,0.19727961715946,1.15744413281669,0.15179821589616,2.57882536475523,0.565200400843989,2.11285959571148,0.532555047042981,1.87783131459312,4.28077653530872,3.9472266027084,1.36501023171775,3.06172099650367,0.227628010917032,2.33324297204487,1.8112393669017,2.37224923495702,0.72462558684162,0.113362124820413,3.74888668638732,2.37482993522323,0.726049322122466,6.07232164187496,0.345113574575779,3.90021645859981,2.01949384667401,2.26133888187941,2.17803874766254,2.96078498533024,2.78930636735322,1.91406737330046,1.22444638334393,3.41588159683977,0.872987210935218,-0.239264990430087,1.6322085470891,4.97885856656208,3.12776482285595,0.723472007702192,1.18985667792686,1.58928496233735,4.41460387753099,-0.0426397705010512,1.34152491436308,2.07515732278146,0.502454201647675,4.41327421222572,4.49814894795302,2.12437220071031,1.89135022171146,1.51131577256519,3.1148502517229,4.41008972292897,1.47409329410273,1.47409329410273,1.00530936748129,-0.00676048368132265,0.318360473237828,1.71806535934707,1.17406978514292,5.81712197675519,0.899577572333438,2.81997031597978,0.0101424827467103,0.59827302122291,4.17446081425166,6.956333697932,2.04097363772552,3.92081424073212,4.7524405207529,3.51518456891578,1.80986389413176,2.20555788926555,3.89798454696566,1.22458688892574,0.695911165776839,1.56617368640445,2.61469791934562,2.52969251165648,0.140382183248494,3.35410914746729,3.05436182358413,0.252299010053435,"AD",-1.457218829
"94",3.0202731314131,0.437187514634142,0.344152299968141,2.53880627856153,0.590681143206945,1.18758262977578,0.044208858875321,2.25936096759011,0.833911901418567,2.7505801468725,0.22320051516001,1.52949850895335,4.32686465660565,4.880047665233,2.18794138569626,3.07285787175974,4.08206955416753,3.10593575737093,1.903124341731,1.67357716926516,0.21320239166269,2.24062389522439,4.62554049112647,2.44900641455239,0.403964445448429,5.7098652147422,0.104931274759919,3.37457159766492,2.16250985401272,2.00011042492458,2.55942734529949,2.75992042838221,2.68930997086407,2.17972824581593,1.42618763122346,3.47982763372503,0.429281813818757,3.52000316659798,1.89269512175146,4.10832921597803,3.2356964562813,1.87693746283808,1.65044868516263,1.31222759171752,4.034033273817,0.100490658875353,2.68318427637719,2.51127265314384,0.100618140914197,4.10430981538662,2.82184789696211,0.205950421501728,1.77337476135808,0.773509565855418,2.86085113160379,3.87066188495314,0.970946084725631,0.970946084725631,0.228344024160866,2.13367678150729,0.878315279650251,0.0570095106757151,0.0902977021058178,3.31059252246445,0.935643651132313,1.6884562956726,5.49300677595549,-0.5615477624189,4.03079175500854,5.68001147115124,0.359448206371808,3.89251955908936,4.81066779674613,3.83544410280908,2.51057148368556,0.148986755500983,2.74649564051246,1.25061135408921,-0.229948880300692,1.26697698442979,0.668436691711617,2.27969422395711,0.394376919724701,3.0564167617238,2.3231269618333,3.04430048181284,"MCI",-0.840011274
"95",2.69828533693015,0.738579700913634,0.433767162582976,2.31171577135316,3.15731874390416,4.19758617503099,2.14672247642013,1.48935703033198,2.1232149843975,2.79762959125223,2.88258369841888,4.24853285768551,2.82381144382704,4.23270979845329,2.10216217751856,3.94647385340327,3.61749255087116,2.99123004958472,3.5975464992079,3.21103514321038,3.21527162735792,1.74183132956311,3.09426455239473,3.32023843446444,2.71290974710352,6.1833122468529,2.70917581399754,4.42838701660013,3.75001427910893,4.04837960242338,3.70404807436404,3.88680724140291,3.76198377818471,2.02765098372597,0.290320410219335,3.92138805460839,3.39888755505981,4.25001984901434,0.355354045800132,6.34694402225463,2.23197007525607,1.11989362624981,3.68504335419821,0.325871497693583,4.04150601987346,0.365652149386344,1.42973303795337,2.48925174182033,0.342780408303593,4.94139347819864,2.70016453872692,1.41090017099433,0.477713547955558,2.83593254493321,2.6395504063242,5.69400373103599,0.989412729361238,0.989412729361238,0.292618330919072,2.04715196161094,0.787452632667211,0.0349177944974788,2.34581170616613,6.22617770321402,0.167410322067605,-0.185122378329262,7.01068266472298,0.250352853507584,3.36798465864733,1.07826283656807,1.84298647804383,3.16300137539454,4.37627594960215,3.45023300454625,1.141098006592,3.69442137466716,4.38512280289112,2.20763222536762,1.07279124396144,0.844075417770014,0.889039389166737,1.73669121425783,-0.382814352125649,1.35952821495268,-0.127521666300063,1.01374715681126,"MCI",-0.941412923
"96",2.02215377328644,1.36040609946239,0.132760403081138,1.80122161439558,0.739351482652843,2.08782441039413,0.352378277929998,2.54749606661826,0.79438250180133,1.96772532208343,0.71228153641912,1.94016528675648,3.31057448028067,3.74881934316494,1.64897998521635,3.10414392690781,3.59708425536574,2.774418435101,1.94870575558011,2.30761566729475,2.01499460548236,1.22702471879881,2.51325469789487,2.74920759506477,2.0468778666663,4.18021146430006,0.600887968494158,3.56472972083432,2.16191373759474,2.12153931629382,1.52854319756414,3.40600936137344,3.28081622400054,1.59533330899386,2.17572137244344,3.84277156365186,1.36864138307871,4.196671536511,0.426742302707404,5.18274596501624,1.86516396756752,0.728174509756326,1.40974305366497,1.76792442593462,4.2084870176835,0.298814322584518,0.453315548098055,1.70548131440006,0.715929176179311,4.9563231690214,2.78021542446041,2.20487043202454,1.01845339793757,1.30944696867869,2.72805863204628,4.82768544315655,0.522740284400379,0.522740284400379,2.42869919959903,2.60029654455938,2.03880052254357,1.56284003526737,1.26313389587312,6.75087098533145,0.462841709002443,0.180567084045193,6.81745801329439,0.448673186168183,4.27336364764014,1.38015874145781,0.00686324196269283,3.68263756307033,5.29450792503954,5.39646755793168,2.14068169170171,2.28568065031948,3.98733372235764,0.701803541523225,-0.0555547120283072,0.996540635232956,2.71080962366788,2.59151684499062,0.449187060578447,0.371263009592808,0.0576378535788191,2.97429642154383,"MCI",0.03335888
"97",2.20563595984992,0.618784207475536,1.57290727955272,1.55795940244469,0.290331085105291,1.55898987661264,-0.00480360967159477,2.95321345477647,0.953061788015624,2.3321815141922,0.0229619337944642,0.939824084213539,5.10569161783354,3.61986596246774,1.77851331951207,3.62828874054218,3.54060387947971,2.99407199308965,1.91627021368933,1.63008558734355,0.521830426212854,1.77880708933926,4.85646068400166,1.11008994656713,0.398800177743787,3.51502138940141,0.00250552507195445,3.29466897687621,2.02220316723074,1.81096648468601,1.68250274876643,1.9150471494507,1.91554645895138,1.6042610394754,0.249162962160956,2.37469545599309,0.19270125663868,4.23345053372183,2.27012541508713,4.6330133504697,2.71822887844632,0.527606161884568,1.87185383090135,0.40189570533768,3.54420457771524,-0.00136258482939389,2.41125751085919,1.94365070348966,-0.0569333808304245,3.81773492153114,2.12410142001408,1.73217598387954,0.932527729267252,0.664911848429073,2.39629053391432,4.24518626688464,1.52745130735433,1.52745130735433,0.552219044395911,0.589445106284986,0.786559217844001,0.049343278789396,1.35265161865065,4.79289670467312,0.246656732307078,2.81660855986293,1.12637826163889,0.771254940020495,4.6526021840001,6.68998399205467,0.357532697575911,4.0254227381605,5.47321250640368,5.98036289086206,1.14039960467823,1.85589316658365,3.29511113029272,1.16449176784798,2.61619504238861,1.34609566785363,3.48357355879614,0.654733179522005,0.560454417300707,2.94665044540127,2.85975149575057,1.17641965699828,"AD",-1.321623155
"98",2.7271296991249,0.513920934523861,0.780736805171858,2.2223646818664,0.138803187664813,0.95637696632167,-0.101312155102272,2.62569568423928,0.626407479091788,2.44379057220563,-0.0811509757776003,0.907794890774057,4.28190733027358,4.09291024034169,1.86484869707165,2.74903439019049,3.68827265938034,2.9844727797342,1.40605733070332,2.04456514356341,0.363318418627164,2.23385248643476,4.17568223641477,1.91609816608953,0.643324884411906,6.19015108981122,0.131162209197048,3.38092632686309,1.57964650911792,1.71016485156716,1.87740843428756,2.4620904685483,2.34641860743011,1.46172883607204,1.48784926772923,3.35498818190757,0.137011515846261,3.67312499398937,1.59348514622457,5.54949102207333,1.03528010270405,0.832580365886768,1.69393115652727,1.6285744663867,3.46820243521164,0.272673109909945,1.56941440124781,2.29529267831317,5.04981619500453,4.22649569026612,3.83371370474587,2.4396125321145,0.958945408061914,0.579985302974119,2.78645588650176,5.11683576891621,0.775603813415331,0.775603813415331,0.25418513533222,0.295094636471158,1.06808449626691,0.0360374303149619,0.640328496298418,5.28870445301403,-0.324948449203621,2.08687701017286,6.15983957361421,-0.0104144417421654,3.87530706239931,5.84332993145661,0.175345012088383,4.19190039587679,4.55442337472224,3.06506510213382,2.46430770331551,1.05217272734258,4.51834328456283,1.29876945834941,-0.020714860308558,0.922576935399475,1.20674039670778,2.67281766154025,0.136281930979805,2.68649205546351,2.08927788639046,3.10426483124924,"AD",-1.135839726
"99",2.33269426305572,1.22292640605492,0.124077920688084,2.19037363394134,0.957166496680397,2.09003529336326,1.7554209832958,2.39912218761699,1.21357288463109,2.21655921943086,1.65091305230606,3.18222682163828,3.81624562884728,3.98996422839336,1.73611724037181,2.92412016257369,0.322388261504057,1.66178595803768,2.20418278138088,2.93105440209255,1.48706928688795,0.139737792966791,3.49477127682582,1.38654259998524,1.94787981269844,5.98948556951188,1.31450111725021,3.82737947576177,3.10602655885712,2.15093129583836,2.66641913517577,1.86611661778201,1.59816672250912,1.84976996193182,1.30510370548362,3.66361272191057,2.02176624752809,4.22982036447378,0.370891812739218,6.47961969483637,2.62610260963378,2.62608730170731,1.83724100646603,1.30353855677801,3.62555911965427,1.73488093911542,1.40637987034655,1.9721270777184,0.35786523110371,4.60988532354228,4.00312847368878,1.87820083170771,1.07494945371095,2.66121628258355,2.11151164907355,5.83318425642084,0.536844799851408,0.536844799851408,0.312398264678001,2.18108933160637,1.64652445932694,0.171675824960964,1.14937597437476,4.72510067216154,0.68914643135463,1.71537426412997,5.90217635202106,0.327742927107346,3.79710733854197,5.53542026155903,0.43030195730478,3.8168443468891,4.55926399155354,3.25187749873295,1.93335988930035,2.44018706440591,5.57079037602803,1.39989936203349,1.09645214646928,0.536719988104233,2.68029436694654,2.3269127188452,0.471970820348384,3.31519731881902,0.0945436743870222,1.64954110993035,"NCI",0.010671057
"100",2.18578598164274,2.09425829112269,0.165002191321539,1.96921791913141,2.33293214757022,2.8180431605114,0.278816804472799,1.29061453074534,0.951474249477466,2.04843961762993,1.57509017080426,2.73812920578652,3.72392720827809,3.76031629000353,1.7585134119154,3.37094183295318,0.52746458205893,1.59390602035908,3.27086413316044,3.71099318124328,2.13241546596788,1.52541491568043,4.09508903132907,2.66992854896292,2.00035208500354,5.14265102259826,2.03615177214922,4.35313451675382,3.60597502010203,3.92959995044885,2.7858555838947,3.22401822386405,3.4309018513679,1.78132124446783,2.62333370626354,4.5310960622175,2.05735139966756,4.01481555472887,0.545040381190865,5.45067558668405,2.21994033196798,2.6807291522526,2.32830688352127,2.6613643306008,5.43659266111824,1.93442284718751,1.65985909667182,1.96497586913295,0.593641823144762,4.50198591615211,4.57952141660951,1.30740161352155,1.56803399688359,2.54152103769059,2.97869274670402,4.47339257971257,0.991145238030813,0.991145238030813,1.24889695232636,0.238231353697795,0.908301205373268,0.104156849887797,1.10210361559967,6.67081487765851,1.12347269268335,2.44595596046238,6.02760081751445,0.520663838443017,4.22468139789613,6.1007400411552,0.00520795754196446,3.71911559989581,5.05897781978972,5.46332652290189,0.524537543429812,3.81778779226619,3.708297066109,1.02002255181952,1.69495485023266,2.10489461359513,1.90916970895876,1.91070642124085,0.322031251268873,3.87546171673708,0.343860092541811,1.990172953021,"AD",-1.748140415
"101",2.52129554794456,2.00406193132219,4.07921371557463,2.14964643585985,2.73413678579744,4.1491054067349,0.0627944409774822,2.09531596370768,2.04940160604633,2.25706834585039,2.18735746147827,3.67434276659017,3.58395533715673,3.94148714505761,1.75321708991695,5.96890443629467,0.45591721985499,2.66835168969562,3.43257571858756,3.26870654975068,2.82133657091473,1.58958112699744,3.40043060936316,3.68608132200429,2.56033324713275,5.95455793582518,1.08400508352629,3.52205274018015,3.47800965419477,3.98743366174483,3.2346735548514,4.25354532500527,4.17816988215264,1.65636002428086,1.13666018764155,4.43551407467015,3.0938468952966,3.95444740374848,1.89406915232878,5.7906022442668,0.011160283010581,1.26184956261481,5.11637630987389,2.88366293571956,3.50520233406492,-0.0515226399371922,1.8714990665233,2.13380514676685,0.486627425828096,4.44983870279526,3.43695933474174,2.42982355151867,0.46030696841819,2.72014803487684,0.332799319597269,5.40608935540464,1.06074461739399,1.06074461739399,0.905986592170698,2.32660359354096,1.26625559390356,3.1503014177249,2.02724246629787,6.61589099150103,0.595912572129195,2.04312046979065,6.28823413847166,0.409585181816454,3.75797257453342,5.95239573509399,0.13147276788631,0.381257636355588,4.55891155416464,3.81899615838631,0.377849797532666,4.63442561655997,4.80313741545146,2.37029375375875,1.02998431588321,0.863821692883031,-0.496114285446195,2.15445440484081,0.322031251268873,1.83715840020955,0.110137189887887,1.85434822249815,"AD",-1.599605164
"102",2.09571742860382,1.74024031052129,0.704834493564726,1.82061070944051,1.16553616177931,2.32686070572914,0.130491446648918,1.67181759205624,0.787129350734932,1.93488523352297,0.867147522618813,2.91546858227928,2.75097320634547,3.71406655619737,1.70454221206225,2.96776971478203,0.0885236857474869,3.04186403872616,2.80797594568789,2.47958503099764,1.48267946880055,1.52323207083309,2.716851934757,3.42595931971902,1.4070840817817,4.17505217574741,0.751500203838342,4.8192057694979,3.76651265285754,3.09455797340572,3.44558128830968,3.83130757181083,3.55702642203412,1.46906790347351,0.332495208251474,4.5382364174203,1.52234275787566,3.86951879059892,1.63570419844421,5.80908583587065,2.87994623168467,2.21717692636367,0.970675439305428,0.161979334466674,4.63727271168204,0.664226187631567,1.93648279207321,1.79348814953971,0.591966506938317,5.42504706848687,2.73675399473874,0.502869409423058,1.88123857441989,1.08709359290922,2.22311248255779,5.13799338229546,1.47543559143781,1.47543559143781,0.111822540215927,2.61282584701475,1.4080403785686,-0.0675570067458164,1.3631308590285,6.22268606929927,0.367638263188996,2.11858538270215,6.03472924713592,0.612573789884367,4.59490104746796,6.13407199764274,1.63114094045397,3.46623314778867,5.49327004448298,5.81445089625711,0.639102611494086,2.79159719579886,4.43678376939931,1.3297008967962,0.0188822491746854,0.493497864834,2.93220055130178,1.21248634294445,1.18752365897948,2.71357180313691,-0.0202098216700136,0.111005529564437,"AD",-1.702268432
"103",2.33853256135358,1.01563955558872,0.446114839376328,2.16438905563218,1.71007028766895,1.95562178281806,-0.017919549444028,0.939748979020552,0.16999156312064,2.38488183058187,-0.100577757199157,2.33724872571358,3.62846534121383,4.41634752253076,2.06283528590713,3.27544269120106,0.717192371822191,3.62391580713149,2.07105604477585,3.06378135721253,0.896404625756168,0.0898985707205637,3.2516104597416,3.43967456288658,0.837731750553255,4.24739160187188,0.448886607443035,3.4099774728948,1.99195833755683,2.98824622953889,2.60859199643201,3.79768080348973,3.89924716390589,2.15000780158899,0.581026439723202,4.19698395032143,0.552293813746683,4.30997273472305,0.201625819442298,6.12762596266024,3.38860375416901,1.39102339518101,1.26652366199705,2.08644071850217,5.16298482896826,0.267698725138472,0.497444613605233,2.60459871265417,0.620576038153383,4.82548950123649,4.57597233006089,1.59198502744606,3.41788698538856,1.09055975702301,3.20582409531171,5.73204468012591,0.0807648950355021,0.0807648950355021,1.71402544443715,0.244987746133536,2.1590122407598,0.132371179560614,1.19836980063501,8.47608512525066,0.291301308835703,2.65376100055669,1.25936451322094,0.114626804490941,4.64061651818824,6.49074299623217,1.65794336141092,3.69301910532386,5.3503830150598,4.96997391861614,0.727471974542226,2.10573150745584,5.33735241063665,1.57959822874172,1.01951959709364,1.57599646632034,1.85362630033774,2.71435697309998,0.888815963377586,-1.04253473170009,2.92403029176304,0.8979200971621,"NCI",0.086695906
"104",2.90211925649709,1.73000016703501,0.519749480295203,2.51358338331454,1.30022597211027,2.46574092731566,0.539458416499892,3.21437612168864,1.55786948296626,2.6216212986071,-0.0300689183458889,2.89599211260242,4.62018172427797,4.59909140258337,2.10014811233111,4.08652985077531,0.171889682167072,3.59064516664923,2.99722477971619,2.85711879659704,1.75590811472054,0.0107337320165652,3.9858748680816,2.55551034611286,1.70370039456349,6.09966590040154,0.886056177429519,4.13002347884123,2.8418072175301,3.87651527625165,3.02717871762716,2.98167867512614,2.9632408236092,2.05714916686493,2.04566084415547,3.50328000936835,2.16502979610693,3.19148724740485,1.680076282384,4.05405606918456,2.12259417963689,0.767519539205117,3.76073647140784,1.85567236626813,5.18651857726433,0.298019806069771,2.07862077227254,2.43745189641601,1.00146398979436,4.52295302453825,4.1004423525634,2.70692354596072,2.94349666520151,2.33477654765562,3.2309914365352,4.40515167078983,1.21967921542539,1.21967921542539,1.51802068821045,2.93729465377363,0.387294250693148,0.0179858935825005,2.06276451204643,5.69723512766657,1.05985835780347,2.05930587578912,6.07341234618342,-0.146044151824559,4.11815825913576,5.9672737517153,0.0725249996267812,3.86561390870217,4.71222087297193,3.61967154064535,1.74097413139198,3.0433217752383,3.8088724011264,2.12393425663193,1.84729751958132,0.815750626115571,1.93036798235784,2.14418999689375,0.4984969737851,2.78231803694037,2.79921199318836,0.608218984740984,"MCI",-0.675593858
"105",2.52661257010398,2.37345554666285,0.917994146325684,2.10740835958908,1.35887163382607,3.72772147072866,1.56246363296064,1.11026126635278,2.55224238706033,2.17073881562666,1.87555799634623,2.97025451911246,3.74028693498878,3.87372937533652,1.81436602088911,4.12616765332761,0.890170315888815,3.19859659192048,2.68846263371361,2.67924288798887,3.04258074201386,1.53429099495048,2.94162630128148,3.944443818684,3.0042980314969,6.07387398105692,0.98068514471202,3.5290888102565,3.13957508897119,4.43921945099351,2.72022079231336,4.30657050525052,4.13797875945094,1.75317037669264,1.93194270750855,3.03299157877552,2.54688137926718,3.68643450164355,2.66228312779874,6.3726384400759,3.22244534623558,1.5613472372797,3.90097904617845,0.372643226756301,5.10853687631377,-0.0955449257798399,0.811116145292473,2.25225205954097,0.625412271368361,4.33488389806566,4.13688095067302,1.44449572679616,2.71392429518965,2.37571486883687,1.90241934002336,6.03980848513431,-0.139106466104553,-0.139106466104553,2.03517576555098,3.11579905430532,0.0477146476882482,0.0282087104349342,2.52050663023377,8.87504860129307,0.808454299737991,2.12400993421713,5.83494132523325,0.452438613112655,3.5844864612015,5.77005560653917,1.87056619017187,2.94174232128264,4.18091422287422,3.46000302523107,0.753026523518564,3.07255522184414,5.34135791592329,2.73500267690541,-0.0538671228877533,1.47720228656224,2.4671548393056,2.43205055402489,0.471970820348384,3.71181355183729,0.10305968795731,0.926475534329327,"NCI",0.192814201
"106",2.12789933230743,1.54340666052979,0.461044393823362,2.20116124152341,0.246710624585786,0.984056686626017,-0.0253089542576777,1.3094105136593,0.559460570240277,1.95003267849427,1.14220437696395,2.15704778727159,2.68758450630453,3.91380343279386,1.75564697189356,2.89325995426598,0.710608518663822,3.5798386750565,2.62798136775333,3.77762285842542,0.049863286136552,1.79905378376809,1.68150871579028,2.00977112352551,0.816967313928817,6.12921525998825,0.446141502167102,2.39052423436865,3.27708189422371,2.69392846207534,1.33966569645616,2.5512431749174,2.55237791484445,2.38318443083105,2.96847706562921,2.84630763625919,0.799637119251079,3.35547381931416,2.06837874862831,5.51916545895194,2.57851715794047,2.12034773672917,1.83327221249167,2.52500933755895,4.76399433141704,1.647109950301,0.260635685968503,1.96263754562874,0.516539339121914,6.55095338096028,3.14974252197683,2.20848943292567,1.74954308848089,1.54458198182027,0.85170645352406,5.18590610334554,1.4288111121328,1.4288111121328,1.96066436998535,0.155640657544092,1.46096298778445,0.0353379834935418,1.05949111944159,6.9085735856496,1.59508839011901,2.23794116027575,6.46365174365308,1.07715524228359,3.51931596738101,5.88269240063138,0.0865100042962617,3.04200019396655,4.04982078244544,3.63332926221122,0.667237271741412,2.28884737433252,3.36206170392769,1.7033700143218,1.67264468577228,2.42939306561121,3.29919763464892,0.904743893938492,1.40552890932217,2.20736841085539,-0.0468050697187963,0.8979200971621,"NCI",0.316211095
"107",2.68346431078605,1.39986393629199,0.825377644527871,2.81919679953632,0.674704894008205,1.34432491245375,0.530475169065065,0.990910525679068,1.59560479486854,2.24873540284166,1.48339490733874,2.4277003071999,2.31737199106935,4.51455737697274,2.05736386838812,3.66050349215951,3.36524846139625,3.43818984531868,2.37704112812313,1.79882759720652,3.9412686479385,0.0275213565114334,1.42002649580186,2.93585977520005,4.36086377038326,4.12980950403455,0.838963121313212,2.1557585861177,3.11103375042306,3.04561166847572,2.49200745897747,3.53885609387586,3.25270057954142,2.09955873997154,-0.134902517585991,4.49578946476949,2.20924012580518,3.12286977165293,0.347702765906968,5.02756006221882,3.10832354045352,1.2078787094672,2.44200924911904,1.93459170548491,4.77317089545398,0.259016383075281,2.3262487530028,2.03001336616848,1.0111436221639,4.76957247980546,4.24668492346837,0.345381299016393,1.15214403106629,1.40491214201717,1.64238422835596,4.58839687810115,0.0662101010997186,0.0662101010997186,2.4523266160294,0.141048957342314,1.16210451224348,0.0272012746204602,1.75521339083695,7.0936894659822,1.63271470955514,0.161165269985002,7.01064788376006,-0.166514394469578,4.63543362808538,2.1571830248212,0.0538203578216192,2.7761011361656,5.7710887089192,5.69353365722887,0.584554879570245,3.22667329323321,4.19136367614768,1.3589743357519,1.30852647141425,1.84188008071517,0.401970230627473,2.55798097916769,2.01921809625805,3.86811543521945,0.158877182230354,0.70709128997824,"AD",-3.670131755
"108",-0.00928391051920563,1.74332357396259,0.706720474800641,-0.0178666881620146,1.74075476932113,2.32370295218675,0.0421138891988663,1.2039751622795,0.662482644446212,-0.0135233022056241,1.53591589378979,2.56131276541268,2.12171583844839,0.398246182093285,0.106002503888654,3.91528867974925,0.301338557932423,3.58610867874555,2.35469930829224,3.7929786014633,1.33552728031121,2.23706383462156,2.0100966192606,3.22998948993509,1.75279248022507,6.22213453178933,0.281976576978942,1.76153293870887,3.35974562534334,3.2835658218743,2.1481829675158,3.7807008663109,3.71665947966909,0.102637766875464,1.2593815291082,4.88030610272464,1.81007290401671,3.89626081090009,1.45629486533291,6.23069378220604,2.85727763691243,1.15089612239465,3.96426526831663,1.8202556454953,4.82176953325686,-0.00792617929828954,2.6348471743829,-0.0284245229323239,0.77324929546907,4.39500063500602,4.61890303661376,2.54052336667821,1.63936499972457,1.44725587267844,2.26345773803622,5.80130912332022,1.91308953197754,1.91308953197754,2.62702059629844,0.301026229187837,1.4814977407981,0.784558049135013,1.46069821210348,6.72096226638615,1.07838782789216,0.294524775750503,6.74360254838668,5.0143870966899,3.91386402373692,2.19931737370126,0.302283533165796,4.10782171532437,4.55868274009444,3.61439803132382,0.624686392210471,2.5358544990707,5.46163220999277,1.85219683821796,-0.0538671228877533,1.38166439621045,3.22603547119829,2.56439175377948,0.471970820348384,0.372460749994331,2.90730836021108,1.19138059546615,"NCI",0.186943153
"109",0.109004174038212,1.15127235934223,0.294374959893077,0.116825517789771,0.471746897474716,1.38962783265551,0.772789959181316,2.60424497771701,1.38378353205342,0.099985182419848,1.39597937802678,2.09474771487856,2.78221093052446,0.395947914936385,0.0850666771768579,2.9017374230136,0.731129284560134,2.30374623568086,1.92783880646915,1.75566283393404,2.11484807429759,1.88413765801063,1.28849101246125,2.15906882273998,2.1404846724242,4.04106665224946,0.917805584779681,3.84529189881125,2.70488324491649,2.50761864639849,2.03147423744558,2.66552639884893,2.17025239210633,0.0779587903969914,0.025041360039628,3.76751599781425,1.98016631204664,4.44378229042992,0.335878221894913,6.37648599626611,2.64046638388932,0.961400665637116,1.19085175269073,0.498721471548465,4.81885582223352,0.369069659639966,0.796527137442252,0.235611307741944,1.24399867509407,4.34209783752652,3.90605226456231,0.206182702431497,3.65185771759228,1.79690861788307,2.6695826289166,5.89536374794683,1.23626256455828,1.23626256455828,1.95528178098128,0.251832739448503,1.3571165857353,0.0494315178891424,0.954292676009879,6.59130882040138,0.990821498450327,2.76660451470444,0.966675756834242,4.7381028891742,4.76559364175808,6.81301208645021,0.100089895487228,4.68567242031902,5.57152835173187,5.87320002484415,0.331595941543716,2.87894293651365,5.89936524651369,1.12851793849806,1.62470701123005,1.26903162678079,1.94078164234488,1.89415778631464,1.95399925984533,4.13446374679673,0.085848173951514,0.70709128997824,"AD",-3.837457251
"110",2.00459715954063,2.09699920475237,0.319080153287223,1.4537287462458,0.715510084977747,2.2575082342821,0.131225856534108,1.12138145305054,1.10235961974062,1.83430169674167,0.76662238894844,2.61923887913662,2.53465234349262,3.72346420367506,1.69562185731043,3.24029820846507,0.491002120364416,4.02948425738911,2.53589704473881,3.10638800890058,1.94827900711122,1.51273992784553,2.3437487613042,2.92219345762368,2.02939588889611,4.04797953417602,1.61544935360938,3.36109617150648,2.8174492541404,3.69031988371823,2.53837145334953,3.47327856471531,3.33821904405262,1.86192760397734,1.74335426338714,4.24002408078777,2.14553769447559,4.22225497665257,0.370891812739218,6.76805043709241,3.19221463076323,1.48237242544691,2.10630377955126,2.34773562563651,5.09296155791908,0.330320090574407,0.00368266737650669,1.92409480268566,0.223802288071568,4.75868076626314,4.30707102290808,1.77613657758982,2.70943049965802,1.97918061609229,2.65099642135169,6.33220741724586,-0.139106466104553,-0.139106466104553,0.312398264678001,0.210476508463581,1.9609705496525,0.0282087104349342,2.15912883933728,6.72728821712723,0.549891978722412,3.10959988994588,0.09234686064132,0.294989846941214,4.76532547261841,6.96412125298222,2.07271348157238,3.2772712956377,5.36307621463852,5.96096274203016,0.951973008013149,3.7051642189533,5.66455803772236,1.47967842094148,-0.0538671228877533,2.66749281890021,3.15741333727341,3.25584443682704,1.99407124778688,0.371457846508864,2.96260411463525,-1.15008697317931,"NCI",-0.019475922
"111",2.5413424261247,1.45311899967996,0.353445387698789,2.43493251943923,0.528543716311996,2.24498697222239,0.339752682484426,2.61785253713633,0.780350688303358,2.74980849977652,1.55637279600441,2.11569255742969,2.37009112034625,4.32403131054051,1.88123593660264,3.03618624472737,0.0957966923305711,3.1153167251241,2.31555824783973,2.83308845259105,1.48733304349535,0.166385002154909,2.55962041619537,3.2065391906038,1.83731133075281,4.08144085680452,0.746619859570284,4.3392874405529,3.1305964254277,2.79651948361093,1.5445999814976,3.6887988634615,3.65295652226277,2.28415187457569,2.63549142210213,4.10152190031529,1.55558456273664,4.32967736396982,0.358891603969475,5.02387952796016,2.8386447865726,2.88715294036828,1.9052862682603,1.72024054505125,5.54079552633523,2.1390935699294,2.57919571587075,2.49446494295164,0.73938256051789,4.55459162092752,3.91361064653981,0.252039520965875,4.01888626446083,1.81387251482569,2.29645214282123,4.61158952168774,1.00968885277326,1.00968885277326,0.158304108422398,2.96244208457125,0.946034483700692,0.888039297079816,2.0136961816617,6.22897392808522,1.27227534029073,0.580148945086002,6.81813084819005,0.534279266168131,5.05610885903454,2.87757302265112,0.352442717501324,3.9831829127784,5.76221665654142,5.57862167147466,0.878161727909474,2.61093998978036,3.28538267035186,1.23066332470423,0.020232089335759,1.83401823895823,1.4227703195552,1.19630302556221,0.216119760495763,3.23681074837462,2.68604077692504,0.149953260232887,"NCI",0.196983346
"112",2.51767267528678,1.94374787581336,0.604586576381919,1.9264462060405,0.265224659130982,3.01944066747762,0.773327327759342,3.23084025641758,1.84829677927273,2.22241370504366,0.667266695302365,3.03831270440202,2.78655341356813,3.76400800619568,1.96987096172023,3.75594965692085,0.470126196331181,3.93078785352202,2.46791591788303,2.37524183543087,2.95472607516622,1.48874420154807,3.35053828265616,3.24987444379486,2.9761256208357,3.93775762341032,0.250824326627928,3.07551158964097,3.57060357216822,3.60852654538353,2.29068977609051,3.63322440881324,3.54990959721706,1.66849855187266,2.31604962251096,4.29433363949659,2.78954814827031,3.52029309559962,0.355762928211069,6.36350978505297,3.18753524596971,2.76198939613443,2.7449087255944,1.86831176464731,4.78167402242432,2.38183797779016,2.31502775614104,2.22681727654303,0.778775879897062,4.49230091398372,4.00863760100131,2.15386353177385,1.76732152027146,1.98491607656499,3.43921904462906,5.89125761738389,1.04568392196368,1.04568392196368,0.40230158620761,0.187111079141065,0.108745111197076,0.0363795071645929,2.06099556897171,9.47341775611793,0.482577363536961,1.91024360157505,5.99705269302587,0.525203151725138,4.07015921846364,5.78365150348325,0.124175671490111,3.98037395669185,5.44839047470254,5.46269375104872,1.66757496925924,3.18755581588681,5.07815836419711,2.69596006797601,0.257362520708654,2.33381049672294,3.68680172543406,2.33653478622307,1.9955800059844,3.38672653781936,2.84287389194893,0.94594209902643,"NCI",0.979355198
"113",2.10317410007567,0.905367708029186,0.431508695249599,2.03651772382855,1.40814388665135,1.73168690152156,0.054232939467017,3.0773106399256,2.39469388515034,1.83072170272607,0.377171848499832,2.23036278314262,3.37762204674399,3.43329518247043,1.53319368778425,4.02239283245134,0.102919147418518,2.38468636991852,2.10675721699009,1.87623191542118,0.647081147332512,1.69271588550715,2.933410629816,2.94696641600111,1.26069708235736,3.93932872065014,0.529962495994613,2.99687442078603,2.36861427670173,2.95240463796561,3.71833322253719,3.37851124064323,3.26925670805875,1.25220967826284,0.537419500385022,4.87537594177137,1.29648387645279,4.24611674647522,1.49869147917467,5.34868992866409,3.15280356335807,2.41431834993737,2.67130011417236,2.18325261155088,5.04048454164884,0.817451783645275,1.71109400398681,1.58485632373022,0.276720912620242,4.45266326451246,2.7934637436861,1.62508099947317,1.77829162599445,1.20901885291869,0.289110093008007,4.75482273890798,-0.175116063192892,-0.175116063192892,1.16866859543835,0.121992776268953,0.454348616612807,-0.156863898412044,1.45851091717803,6.75094929261714,-0.0986962984886727,2.25154487834085,6.0292799778534,0.704895310595238,4.62948333282596,6.1388324742247,0.23414701853509,3.26741527946532,5.41975725978439,5.06385684124457,1.48510300378279,2.09357414238798,4.65297856119595,0.819277831231989,0.0188822491746854,1.03218152802146,1.35000557431803,2.19883491500414,0.140382183248494,3.40377471933539,-0.0202098216700136,2.19864190231648,"AD",-2.554078904
"114",2.64067314759263,1.25479105227358,0.280864661791908,2.25565478409658,0.56194574599375,1.66785252351952,0.184546108386894,2.5220325933428,0.591627295028195,2.50854628827556,1.71893797659829,2.08393844219502,3.36569705312012,4.36910029936193,2.08080380579851,3.3618497669319,2.88080195381445,2.35684474267644,2.23163379763989,2.87958226972994,2.10066985382159,1.4568108581777,3.36110014341224,3.1530250626785,2.28212938386744,3.91044376460293,0.778109786384882,4.0720566492117,2.22394361486703,3.02847626044128,1.87604469931046,3.52393795185973,3.30610348011913,1.76531561236893,1.49130579083929,4.76146079709745,0.743993920114465,4.30806342563381,2.03687142910741,5.72304290432135,3.14267785917995,2.83968768261926,2.83222293033742,2.57444873872997,4.52116840327384,2.21561414447696,1.28557259183536,2.56637021528892,0.397612710958865,4.45731103062944,4.44823984055036,2.40562887495113,1.51934449663284,1.43262654674602,2.09340069821468,5.4635678479371,1.35083185648899,1.35083185648899,0.619647370246853,0.151681130692962,0.482592628960396,0.021444341093927,1.26149588876022,6.31388452568718,0.788161985452897,1.87828813050933,6.05882448484941,-0.141657852020964,4.39985787394648,6.15245170859059,0.0717464149196204,3.30205189305717,5.3068322181549,5.41335141923182,0.218942639941991,1.47103434036161,4.79297799741095,1.55985831443755,0.0325300116483972,0.708997838455815,2.92197662711035,2.6318679585632,1.35751572749762,2.86457947122934,0.0802432069139015,1.74153523817696,"NCI",0.5219637
"115",2.22467028726096,0.785526212554146,0.951037159486439,2.07803662776678,1.63056661197844,1.32637187577591,0.888523274118336,2.8712881475923,1.41401750908073,2.59508533476655,0.0460600709966454,2.35782077103939,2.74076893185659,3.80616864549769,1.74893436875836,3.74518974203129,0.527706594855027,3.59433590063413,2.48353046909653,3.83918699742854,0.629241566443925,1.45498637166216,2.56445155630804,1.78360838713037,0.555381500899419,6.20739064685497,0.695501389885049,2.2108534822678,2.75547252555947,3.95000556928123,2.26095973857153,2.41123531532092,2.62105975520251,2.09488227917686,2.19301161197141,2.9497950456034,2.03991247030901,4.01790990986259,0.333317490357089,4.2423766707011,2.15517522658979,2.76258970524135,2.30129440077692,3.07699219578256,5.46944350601706,1.95883982575876,0.913420619263765,1.84512511840336,0.516668771562749,3.96062778057116,3.59461351614611,0.207026219793182,3.1149952044434,1.73355786512553,2.26835892899533,3.56262004243075,1.87319836164219,1.87319836164219,1.45431063457516,-0.0689503239123939,1.06326883976473,0.119236892361255,1.39163482615161,6.50148572327155,0.580689918564656,2.62719563284129,2.34914998844078,0.319632950690372,3.76341291378555,6.7537434343288,2.02129150038553,0.368581334762273,4.39211892946741,3.77197977054018,2.29417967059046,3.17718550201186,2.27746220882549,1.01200518193421,-0.020714860308558,2.09848602907739,2.73459022965779,0.969771981931117,0.99789218691354,3.00167311307651,-0.0573008258802367,1.5500312959769,"AD",-2.721462527
"116",2.7962361004166,2.12089124082989,0.425592872986246,2.413235010514,1.90172752440654,1.47767436990989,0.833260034846635,1.45064690035523,0.562011915030516,2.61892858138593,0.135063386306694,2.14300318874954,4.15917431323563,4.62901929795824,1.96778060944701,3.22261926936157,0.131810700903072,3.4755106236444,1.87673374186058,3.02044607377501,1.48612384451644,0.0653655086681713,2.48039033120841,2.2519107571643,1.208716571464,4.40064499892384,0.56940373636503,4.66441024931687,2.04511610227378,2.85715576475089,2.19476840271814,2.69342673598929,2.4389230148729,1.83751750086198,1.63594425177167,4.60329534164116,1.80059795465975,4.26307218951741,1.92100895720815,5.28915688805816,2.42344086082379,0.959222818697076,2.27784838399428,1.72451808235126,4.04287322732171,-0.0645891664838794,1.71903377495288,2.29453104122186,0.486020268573151,4.40183583679315,4.01456429062218,2.2792862673418,1.26557076545396,1.47669527502526,1.7697646020452,4.94310801347718,0.0411260605577115,0.0411260605577115,1.66480293348076,2.80311991185793,0.640262240657392,0.056076882094054,0.921517185930696,5.04545475605892,0.448286639593064,2.14376905171486,5.43766295814547,-0.468637078716943,4.28313006722147,6.10259542345417,2.10606433266265,4.16392797354826,5.39646787063541,5.39166690015763,3.04173170639968,1.83028131167756,4.83229746029691,1.25828443824097,2.00810972442988,1.43053424992609,0.591623883045281,2.76335382033578,0.42423393105824,2.64286900071296,0.0299659383766642,3.67151680799162,"NCI",0.216188399
"117",2.14864310666151,1.98116282322807,3.23361601749279,1.8012976416907,2.42488003248641,3.7138404431016,2.10129187441358,1.48376002755542,2.1753354584012,2.16872043595908,1.82293894521117,3.62133893537362,4.69010953063296,3.79208429160415,1.50400904345873,5.86843494179812,0.308536378070162,2.60730649769541,4.15888445160835,1.44647039963226,3.59031361936937,2.06885949014857,3.32277616636789,3.4314467903682,3.11321381870264,4.13341248667517,1.63003888751791,3.87123316361655,3.56349058669969,3.83605276670142,3.54310065810886,3.927032464379,3.80354133509833,1.90736110697845,0.375681862037278,3.18379608143645,3.03778004602561,0.188323619694785,1.90626253260968,4.74171437303077,2.20497929662737,1.04541700332672,5.56790612091367,0.64377840201252,4.40982053909586,0.269845811575947,0.260635685968503,1.8161879457314,0.534042952226031,4.72887918702837,2.77343185021471,1.60218405359057,1.6800475924239,3.07830806176323,2.27470945267107,4.36846371909051,0.0807648950355021,0.0807648950355021,1.01429270405031,0.0305810771429705,2.250869145108,0.0353379834935418,2.71756964643953,6.77611512422583,2.40173376539842,2.48568371500954,2.3793934329775,0.465555573887348,3.78089097130926,6.35396165695412,0.166215712805267,3.39725660779077,5.03532758606729,5.33169694112817,0.539298084005665,4.16079259682441,2.7486865890111,3.16680377225606,1.85396578575694,2.38858905788369,0.78756201599072,0.745708769369355,1.01834167790167,1.7891413002133,-0.0758751665515991,0.8979200971621,"NCI",0.268085205
"118",3.19595620711409,2.33381493143152,0.362114934445128,2.71933746466085,0.317655128743466,1.91018419543771,0.41241859452797,1.44333899108973,1.15602591568574,2.94726424325295,1.01037950478807,2.1539859998908,2.93338728954122,4.85935858261305,2.44711507671456,3.32143949969883,0.0171276616043863,3.27287802580854,2.12948283615443,2.06652313523738,1.25319538177581,1.57840660033688,2.49718339069499,2.95876851751395,1.45467348686201,5.84652631161389,0.316711650402329,2.79796186939034,3.36385443440399,2.51386843388987,2.57655698520098,3.17656031498644,3.03800411882204,2.20087736310933,0.0819972995146163,4.62535056724906,1.78781459677904,3.63096040504129,1.88679864311649,6.04288633663048,1.71750124765118,0.88479283312788,2.976164922714,1.52208887934144,4.5425608800839,0.182282977836088,0.516292688359564,2.77658310495862,0.757800214245174,5.02874402330399,2.03309017942577,0.372402383700671,2.38768643271764,1.33640718951113,2.09801087331241,5.70535077281398,1.11794232309729,1.11794232309729,1.15636693390266,-0.00391545867343868,0.396645954763063,0.090779657920728,2.33529309379394,6.38166882787584,0.62763533384096,2.81241320501193,-0.919413919128739,-0.377048646152277,4.04275581795516,6.841558752548,1.78294547035506,4.03969518561844,4.63632068410509,3.62169461066117,0.634507173949691,2.49966033100613,5.08330727310425,2.62890030724862,-0.225520022044273,0.811283259219157,2.95281429738693,2.27828199777326,0.42423393105824,2.57631518478202,-0.00252440649848262,1.82952007998777,"NCI",-0.17015026
"119",0.186406857534753,3.29078792226331,1.06252703026225,0.101692322760849,0.966443157945291,4.36635984304535,3.32796947566695,2.44658860486603,2.37473869313061,0.099985182419848,2.23351788042842,3.98695357289186,1.55540777689637,0.262060251677691,0.0850666771768579,3.894983969995,3.8730247180313,3.29174765360568,4.34406991869965,3.36389146893113,3.9209785830686,0.0544196365026568,2.04880432444949,2.93597025083392,3.86966792164815,3.88539440800184,3.73114191141472,2.76264982593108,4.71278330916034,4.44816564196654,3.34864595649279,3.55190960173555,3.22051706914867,0.0779587903969914,1.27438356002203,3.99808571608741,3.78520072130769,3.04522047599005,0.250106917334193,3.83972369070231,2.49096921738311,1.57398600554042,3.90091818256555,2.7519087492779,5.06540015779087,0.107789284491837,0.387258413401177,0.142626280204236,-0.647573817136939,3.9093529849856,4.47081263014661,2.57195989573909,1.6335322294195,3.70279986045702,2.86812037505919,3.83045251829387,0.0662101010997186,0.0662101010997186,2.07146034249255,2.54051907230168,0.311140700591401,0.0272012746204602,2.74816754470508,6.69173334759214,1.37912357923234,2.18410802911859,6.16313962519905,5.04666250481174,4.54550918333574,6.33370490209511,0.346276269430151,3.3334589638395,5.40655097838412,5.50946748467925,0.464600330888105,5.7925488276342,3.02591154908958,2.83048897506906,1.60452414284373,1.44440177429607,2.08060587679141,2.14105511441102,0.159702361319696,3.03787526285427,4.07487166310993,0.70709128997824,"AD",-3.550971711
"120",2.01329135436084,1.24507686835752,0.554142004754865,1.66943134569971,1.05146194289164,1.49197015319034,0.196769911174389,2.47228372122179,0.5714922022766,1.75556563604604,0.689295897477346,2.49154531971134,2.78831825973532,3.63961747180403,1.4797148447609,2.99431195473037,0.306578934081864,3.56248285444484,2.30104342815713,2.54533045943421,2.497360187735,1.61735439904644,1.52424853675915,2.76042305343226,2.61674077648194,5.96123274918413,0.621990348812467,4.04988368700903,2.27173539322582,2.3197572000678,2.37692397064541,3.21220211660571,3.28284106299205,1.84736706790625,0.285272738495322,4.82189650456272,1.38991958837308,4.01870175290367,0.353870511314767,6.29495871320242,2.84109837964894,1.7482460280828,1.88033166063384,2.48571563474938,5.29543394848023,0.33730693537091,1.01727735714472,1.85383071614152,0.645578217333031,5.03011531220493,2.44561766115719,1.79254306308749,3.2723458704875,1.41971478111397,2.72397696091613,5.4672794569228,1.73534880506066,1.73534880506066,2.13452032216634,2.54530390064846,2.03943131359812,-0.156863898412044,1.53017948245532,6.72378977117958,2.48942770977333,2.41292622526798,6.16923857146029,1.70928430895366,4.02910485005988,6.36398850485815,0.0757391821180423,3.73885254960244,4.62635489011394,3.94590081892843,0.636472061725026,2.77941708193105,5.21611549400214,1.6979582965299,0.0188822491746854,1.87089264574625,0.229143151908357,3.19947699979178,0.16915768177161,3.43909171761215,3.24740552014253,0.111005529564437,"AD",-1.554637196
"121",2.04739710244235,1.00406106494916,0.805887607950576,2.0382482433906,0.650281938308686,1.06460619433788,1.10771432053588,1.66179033440146,0.993790318281825,2.12991547069814,0.202776311078378,2.97757805116799,3.15853210467971,3.86550979963873,1.9339974400078,2.98815667568948,4.06993067267694,3.8085196562844,1.74753504710434,1.91074277018206,1.08082715543947,1.88214591466777,3.64554784385576,2.43585878041153,0.703262997973842,5.80007811331083,0.376608760940294,1.98388104806784,2.05455799090862,2.74902971072589,2.58518673466318,2.94210649427662,2.84032588969166,1.77492033867207,0.556833221189226,3.87543129344954,1.73393907041326,3.1602064120159,1.76881913064151,4.92871186414078,3.38860766423594,1.09330188727106,1.75374241463814,1.47896621553908,3.89256163921248,0.00885145254987085,0.812800547354127,2.14524497978714,0.769376283867946,4.78865718296033,4.10447361722439,1.70185922331331,2.3546746290936,0.950956647210458,2.40121387100621,4.43079831569319,1.6170651157582,1.6170651157582,1.03426293858524,2.25040802294211,0.675602600070901,-0.148141042319624,0.935855596642759,6.16584358932487,1.39212302890769,2.86971490274956,-0.252708563389207,0.575611268892594,3.8740854074366,6.74278868788756,0.155281723483675,3.82474516121266,4.52081407252743,3.47293512077003,1.79979797171754,2.04706992177225,4.00182456676347,0.958042316350139,0.25599550685907,0.66268737948468,0.0918734509101613,2.90015129612332,0.216119760495763,2.90323408895454,2.46465003485587,2.85369477399817,"NCI",0.714163276
"122",2.3903795539473,1.56589828262776,0.740801973348315,2.02126430004256,0.436968605308704,4.20162513953685,1.23227241943963,1.41956427155944,2.99205443633999,2.35741292138101,2.82058244923817,4.44885576095196,2.90030255767123,3.82647502287235,1.81219871230274,3.82484788393176,3.83091409656021,3.49128765200636,2.98055646876183,2.65853110015867,2.99212998217899,1.46301792963696,4.17705148639724,2.96627254300468,2.49073984283047,4.23355365393367,0.630235868819648,4.22744936406099,3.31366019936443,3.80150269010676,3.37607677497747,3.34222125677854,3.22430881330073,1.64810282431783,-0.00129241367103483,2.68356554683491,3.67255613826595,-0.218333804403115,0.284616388560396,5.19484338243227,2.60540503064412,0.711817329110386,3.81517564829753,2.19620684526447,3.98249425684372,-0.0434774050337835,2.03717149927095,1.82494579495608,0.697152617372803,4.32039989283471,3.80476300318129,1.7319788033009,2.37388891622838,1.99452924359214,3.413101242299,4.75721814134111,0.18161451773741,0.18161451773741,1.14371121574073,2.21474757825882,2.0431270765169,-0.148141042319624,1.80518638209715,6.62725331562563,2.2060700809863,3.08464599405847,0.67639977161681,0.905560846395907,4.43612177421678,7.0985669288191,1.92360005811214,4.05056518679245,5.42552245436013,5.65419410418696,0.499043713031635,3.49016213016164,3.60663293892461,3.03684864327611,1.35927979671861,0.754047064992097,3.31792297328835,1.11610214660575,0.216119760495763,0.257093743159205,3.55712481841424,4.44148895305107,"NCI",0.310116699
"123",2.49143286400984,1.89313819089465,0.308760844905756,2.21818622954329,1.29408205645709,2.23779670157835,0.64878946421396,2.98295674106357,0.645304097098635,2.49528006672201,1.67182331406269,3.10169089228016,4.10404910239292,4.53102765425491,1.99025527849309,2.58072671823188,0.610587691749391,2.89336197248732,2.07368893741795,2.93127227623781,2.15340358438764,1.93677748849191,3.28962141328187,2.12923352620494,2.21573949535776,4.20408275612606,1.17112989736058,4.46804528385967,2.74047735694732,2.6975618928277,3.4284621903612,2.61906817228059,2.625930096583,1.9463693112236,1.68544656103123,3.63591950423893,1.80461526766157,0.222991697711918,0.463378043436309,5.38608939839979,2.5660789367462,0.96673200806911,2.43298213318337,1.57890275516015,4.36569479925055,0.220561623791609,1.84441060152338,2.47854158053041,0.335740294352203,5.60336498137191,3.69088504562736,2.11740949524191,2.1987467248091,1.34757290339637,3.17962794411633,5.01245575274905,0.655008849736167,0.655008849736167,0.678923999906058,0.0786661927493436,0.297890724733279,0.0826183637607636,0.995354050072585,4.98556087568654,0.0608531096079314,1.97815638088875,6.43979005951953,0.260242809084322,4.37215016898708,5.65591298983041,1.6781066575321,4.11865092929991,5.22859224022569,5.4104862335439,1.25127570683526,2.33146001462298,4.49229556408766,1.8250726007119,0.757589128988916,0.896304286378446,3.17871538173992,2.2966840827847,0.654746156003424,1.63111712193831,-0.126370908019867,0.8979200971621,"NCI",0.422749051
"124",-0.132764469563748,2.08927804075851,0.396799083014684,-0.0524573485990072,1.2329292177367,3.81667768773394,0.357591782327121,2.82191656471162,1.97180371302683,-0.118706077613125,0.423107921983692,3.12641938595322,3.16375312015403,-0.0593465624391682,-0.108310468554367,3.98876518777585,3.48740963759116,2.61376774637269,2.84637037444105,3.34808753598005,2.2796950983665,1.53923151644113,3.31425470439111,4.1165855706757,2.58036284908254,6.05599567421056,0.950462927484203,1.84081765322996,3.66115985213269,3.49407246693163,3.26223182140441,4.98203065367487,4.69509043798411,-0.101449185538139,0.193642862730679,4.98544305723601,2.7051487254796,3.90827095483325,0.597652669553395,5.00702357134149,2.50126830621895,1.88491481682405,2.97788374034127,0.67256862916731,5.5595041080961,0.126936635868071,0.167842115200345,-0.126731919531931,0.789971447922148,5.64804461326478,4.30013825490444,0.137527598280809,2.92221824716689,1.97265403837914,3.12549971143933,4.45776361457811,-0.0804838149291184,-0.0804838149291184,1.80965527515572,0.155924100659425,1.43145911116302,0.049343278789396,1.637815951232,6.30809410074063,0.193837744336397,0.282214885321239,6.72828092957972,5.27364471217173,4.11104245293566,1.85565833926327,0.0627639978925344,3.12135071897558,4.80851922201637,3.30225367767656,2.7614836570959,4.25920035977878,4.13363529299475,1.89112198466485,0.250643883925508,1.24981907175659,3.33776344034285,2.2470284684679,1.35004401978219,3.46513262518639,3.47039635154342,1.17641965699828,"AD",-2.388444251
"125",-0.00230223066287749,2.68202738854887,2.77142280254981,-0.0344709650396383,1.62515659442465,4.18712952312925,1.04768792706936,1.1225175680011,2.69833708947563,-0.0386788269525492,2.3097707254561,3.74526482320689,1.62345510924353,-0.043034972148027,-0.0205301265781189,5.34544459165934,4.31337485168158,3.19787858271325,3.16253963834196,3.03216725939116,3.41041702427427,-0.0174281785168388,2.46041441996163,4.09538187912676,3.64430348300335,6.12906035582098,0.505317461270607,3.0017678145578,4.8759254410355,4.05182081151371,3.60925407007086,4.75750225657587,4.4023251986173,-0.0399187764594087,1.60865164903032,4.8502993209612,3.31593272988961,0.969261865881275,1.56345188803432,6.354897578864,2.44130727240526,3.51103910542878,5.54887316463933,0.37952452999126,4.91371851085425,2.57341081137797,2.30648711920699,-0.0317680891043611,0.596299608269481,5.42174413992947,3.73739211218956,2.06125748445814,3.03893257731153,3.00833236149518,2.24037378376027,6.04239539650935,1.99130721954671,1.99130721954671,1.21562028747771,0.468689839246184,1.67922747668541,0.0312170662002285,3.30003670658513,-0.218289778483172,0.888559093782826,2.73561533343911,0.0879489606436241,4.86624872187855,3.87348797631423,6.80313872455711,0.311425150570937,2.6841724009886,4.44426209097344,3.25828231012355,0.404007435074426,3.90529251868451,5.61615734833157,3.68048207289833,1.27286801582624,1.53148147548308,3.49200862528328,2.01213455048718,0.449187060578447,4.09237584548195,0.0576378535788191,1.98640476660862,"MCI",-0.47805226
"126",0.176003513133547,2.61776906775374,0.485901126567559,0.167480692442631,1.44411997309054,4.3632926884112,1.32040410071949,2.77103196019876,2.70897490985886,0.158552081562066,2.37968245720201,4.01728502391399,2.9343890088905,0.275163711713313,0.130222856352972,3.99989843403822,0.140960610523128,2.85802121196654,3.14443313980762,2.83034161353797,2.78643452517788,1.59576605250684,2.72380556847297,3.78550776835164,3.25523948056306,3.50164787251476,0.865788016162396,2.45462310629998,4.02119692940358,3.5074183075307,3.5779821352332,4.36312093070363,4.0571514039982,0.112211599350085,0.391203223748906,4.91901870123827,3.58281276584549,3.51304231635376,0.352500298411655,6.84894748395308,2.23381429097793,1.43399918230083,3.23426862800841,2.07966746811721,4.41533446667006,-0.0701983997110267,0.573015165152931,0.148258497821216,0.431494731287773,5.49666096233105,4.27538166268712,0.419719503931941,2.2903349943139,3.06800950659868,3.0276266324522,6.22318817714247,1.33836897204324,1.33836897204324,0.902188849600284,2.14812014639125,0.274649306657628,2.29187336034926,1.80398717741861,6.6062480231066,0.436862992487287,2.42763098198561,5.98012976349013,4.68397938867419,4.75573071654191,6.32343700465416,0.109150419959817,4.17731203869551,5.36359213551475,5.09417112287958,2.47290297884696,3.70676279342499,6.29332073105519,1.99294326647811,0.666128838631355,0.683623707820359,0.448909438453942,2.43114080194645,0.42423393105824,0.381963657140826,2.80182248608835,1.76971145905223,"NCI",-0.296891812
"127",2.49555428630802,1.81345983563302,1.15785713244885,2.1876679469795,0.37730434774642,2.42152367865383,1.21125178762982,2.37436537200867,1.48355286535061,2.28094874366074,1.30210224186381,2.91699234987728,1.88165499330755,4.22210351427909,1.88448331025762,3.32921067685449,3.80227172092448,3.39983539140981,2.0742874101923,2.95008795098698,2.41005815764906,-0.023609269260163,2.06999286920687,3.11125954469881,2.32496835169125,3.90871018190767,0.911037511187479,2.89016357620476,3.08117464905911,3.07012886836714,2.66038659878658,3.74941353388961,3.61525754638064,1.76228344794371,1.45471817100185,5.11070245813558,2.38657432560895,3.95644971971008,0.223331506987098,5.54278310617712,2.30285945344749,0.584934573187534,2.92338121319859,2.02816199987142,5.50945582948292,0.0656054568036426,1.15135248953302,2.0076749468924,1.28875766463646,4.85272796987986,2.72101350225796,1.74970919089008,1.89851875693982,2.2598176754824,2.43456592503241,4.86071956684568,0.0662101010997186,0.0662101010997186,2.11347167721962,0.452840732099355,2.2819595292114,0.0272012746204602,2.04596797136121,6.81681921956613,0.790692203649833,2.61375674683876,1.71005326573661,-0.190723210939379,4.69073328012213,6.71039315308781,1.61998414564011,3.5823683245741,5.42719588114542,4.94711265437625,2.07041600600272,3.25093277202163,4.18445091200615,1.24937797521948,1.68874796976201,1.68129080068601,0.79682289099811,3.33589981896326,0.159702361319696,3.70169321981716,0.085848173951514,1.28188992039473,"AD",-2.641457901
"128",0.0597408839292359,2.11421259402446,0.962693819048117,0.101394849651013,0.338649808719471,1.34144668952116,-0.0430711381777446,1.21909315574182,0.368159057435423,0.00984175381027386,0.796544006257918,1.71534977078354,2.80281159730704,0.0856426976430611,0.00596621022715071,2.74190670307504,0.285251651794897,3.20483424263957,2.42902540591146,3.29331645209879,1.26719204393637,0.0898985707205637,1.37256228006889,2.32370003432822,1.8609429373039,4.14030581710575,-0.00725210827607015,2.37058684247726,2.74449829810407,2.8207162900588,0.603190020730604,2.9210437054088,2.86782148241113,0.0140640428378962,1.38625842652177,3.96783207654268,1.17787391924524,4.24801037481205,1.00545060607851,6.43938328379961,1.95176805444906,0.763694780435664,1.40836070355204,2.46298986628259,5.50188358752293,0.162088327491164,0.983746489351585,0.0751633670376399,1.00100251593295,4.19829701507456,2.19227057549111,1.95627897116767,1.82048248619427,1.26431104200091,2.03549511649427,6.26616617491039,2.17202200592783,2.17202200592783,2.26872025860429,2.60226970361889,2.57121311020437,0.0353379834935418,2.22709663321552,7.9584859970955,0.295918272693238,-0.179280451292103,7.46232018717298,5.47940871674202,4.31904308798612,1.08782059196621,0.184142850776025,3.36283980802185,5.19161550327271,5.59709422831544,0.0257620870144177,2.46340616282368,4.5996600343579,1.21411501768383,-0.0168372390800081,3.10800013284449,0.850892172579632,1.98398514746336,1.20332063411966,4.79722387989484,-0.152362408345642,0.8979200971621,"NCI",0.056654704
"129",-0.0455292741903369,3.40848417852132,0.650468393349047,-0.0462178153210226,1.83259698633707,3.75084399639322,0.519273127239062,2.35001848754825,1.93584673108345,-0.0453278589230303,1.26252044496071,3.91269667591054,3.93991171230762,-0.0592983330332177,-0.034359764888804,4.19744742443485,4.01929673712078,2.7362070393738,4.11979961030086,3.72093360010252,3.18567547477054,0.0060540057179167,3.7677206160354,3.59718204188058,3.28156353095449,4.18960003190291,0.413268712654055,4.13896645635733,4.54812597124035,4.43548305532294,3.15830211962574,4.09228404111208,3.770944085663,-0.0359860259618263,-0.314379668535318,4.55216593454856,3.36531629260056,3.77767656284008,0.578876639809491,4.89253529094136,2.77211094949197,0.989893081466796,4.32089674369234,0.329265474223206,4.93900035167721,-0.0657299803328477,1.2426058135845,-0.0361625672150933,0.255985379605072,4.38098232610059,5.11356820349853,1.93934052479074,2.04450893764412,2.64964559838084,3.09241575875211,4.69686207464887,1.10849425174193,1.10849425174193,1.66161619504203,2.41924925353757,1.9552077537378,0.0232009998631409,2.20148450490956,6.86093768699191,0.694247802375929,0.0058801132102102,7.10845148963694,5.19521276735556,4.58013077835237,1.518718993662,0.271285466762134,3.66635276313303,5.29331390903749,5.59392247430779,1.02135487764371,4.24623099439509,3.93815876975385,3.02428135774398,-0.0511718859849966,0.585021445068436,3.50251995549229,2.15798632622333,0.322031251268873,2.740067077221,0.110137189887887,-0.0344691888208122,"AD",-1.600909399
"130",0.0142892947984539,2.54871659399766,0.411031171875829,-0.128310661493685,1.22083737078696,1.98657792598492,0.770829295017589,2.89320299242492,0.926195452569235,-0.117151311019169,0.261697629984932,2.36525851139494,3.30197399105344,-0.12913167869171,-0.0955339274883289,3.3951021930115,0.128691373869638,2.89904235951291,2.09298818426164,2.06362418792025,2.17844432273722,0.1165445026556,3.09687451565593,2.75190126782063,2.27028722702252,3.98128523164751,0.450478853198918,3.49646068564497,3.26881300876456,2.952251233467,2.67542567814281,3.41901080337897,2.98090776360073,-0.0988353430950836,1.79713507280785,4.90965121510287,2.15932175965992,-0.0721179406108088,1.18271839468974,6.92437948373177,2.6491255574862,2.87726105688211,1.59555272013416,1.21881778459932,4.3206254733638,1.8881013629002,1.65378682642179,0.0924151819742276,0.466925807879455,5.40376990754299,4.712824654649,2.15999522770077,1.37091685478075,1.19769115701159,3.0474848395561,6.26009359426466,1.63017502922339,1.63017502922339,1.1386867032907,2.16996540678291,2.08069158555814,0.653731979711564,1.19073074095618,6.31232338475941,0.832014952225092,2.26891556933053,5.69026907202102,4.90292581990852,4.13452057959037,6.06216785128451,1.38887597782489,2.29985323975203,5.38276093491497,5.41388813832853,0.382144960686186,2.57502534687383,6.46069337610487,0.755517545646821,1.41400636112934,0.282588556349793,1.46935268983457,2.44368185350435,0.216119760495763,4.05076261660009,0.0152354896515969,2.80673985486252,"NCI",0.53983847
"131",-0.132764469563748,2.10102950243512,1.59906138859994,-0.108972789420447,0.162581723474782,2.53735920716854,-0.00480360967159477,2.97333929582133,1.57556865218905,-0.118706077613125,0.427650146839803,1.50207612935809,2.76891009397805,-0.082517815418345,-0.036068770730034,3.20434992040105,0.259414536963705,2.87758009799977,2.56888264500132,1.89733741309301,0.953927079439239,1.16023410930596,2.2385589219293,2.5676623400459,0.672534798016905,4.93788092186089,0.221478081168835,2.96530914452026,2.84842688622834,2.65990971097615,1.3444342313652,3.05970885404703,3.24887983476889,-0.101449185538139,1.48641542935074,2.8225087944538,1.31064482111306,3.39561084470562,1.87590136926968,6.22522580323615,2.18743958991958,0.7460413208016,2.05736604204358,0.987382998642475,5.13698341491194,0.0865102362486466,0.74011201525122,-0.126731919531931,0.826847334834732,3.90628062213888,1.88297944915353,1.80717932886638,2.44596294278012,1.06911242684917,3.02631008506228,5.87889088527965,-0.0804838149291184,-0.0804838149291184,1.75749212475315,0.0230931393562233,2.96785980580607,0.65843423966044,2.81295545049365,7.48369044250247,0.955973523874427,2.39468699704071,5.98431207087958,6.06132676243975,3.86950663383027,5.9582481112758,0.228124631530371,3.80453973459048,4.72092993127274,5.55098118026014,1.51928091358167,3.48526144624889,4.4864745681694,1.16661295621781,0.250643883925508,2.75660511479971,2.68528728710465,1.65770211657277,1.49213024287586,-0.39310606588406,0.0132708750493539,1.17641965699828,"AD",-3.628389881
"132",0.0319561487572166,2.81799098859587,0.990681771702123,0.010368348932865,1.19711435717181,2.79141013150735,0.810899388515182,2.86909231797634,0.996627680754707,0.0292305167395012,3.02776209061976,2.88954855519812,2.9397341851028,0.0166520503716121,0.00526192608262122,4.0133081406493,4.42610988855749,3.29297188972964,2.55807396860716,3.86006999178968,2.91200943612675,0.165658131784734,3.44050081096237,3.3932807361424,2.81202626067952,4.23239109638175,0.979657912639254,3.84792395711751,3.77013806256135,3.51469457808667,3.11906963091371,3.96386558354111,3.8442547653587,0.000275785162796804,2.01722022199959,4.56795113653877,2.27882376187739,0.495703247098372,0.562440802892443,5.70982771937479,3.83207014168861,3.13017553595424,5.43067227524051,1.66411384663484,3.76501938887943,3.03964078010821,1.80103358325039,0.00493373194682689,0.351435775724295,5.37658642458749,4.17783936244996,1.80444805572277,1.67417119201169,2.7767767605158,3.02928208814602,5.25675719877082,1.47246072665882,1.47246072665882,0.613459056493391,0.0872796053299695,1.13157585198642,0.421812601124897,3.00415382391111,5.98089094783264,2.09354608292142,2.53669374274849,1.13307468079893,5.05806600903429,4.44476628321461,6.67567625350125,0.033367656863364,3.69208720690112,5.43949916533606,5.62985033186872,2.36417357057156,3.58979377125456,4.64742719125275,3.05730621557832,-0.020714860308558,0.849328609899692,0.918732968495272,1.95486556117983,-0.105989863382372,2.25494927731638,-0.162858164507083,1.5500312959769,"AD",-1.929091773
"133",0.1822086093842,1.77388944242091,0.681278077118765,0.164974603093072,1.15208775705188,2.71993042515126,0.182798929078241,3.36880517207179,1.41165618607936,0.170773823119903,0.358332133399591,1.94783312359621,2.7286726704129,0.334399923855834,0.14077519271356,3.50847940070692,0.63443603064512,3.1244707321663,2.26787167164361,1.48736246403204,1.94188072318756,1.56781830145042,3.07738451464985,3.09324201549437,2.27351650309658,4.07487136722278,0.0906823877956887,3.21469205231742,2.78293095160851,2.3177092638314,2.2350981349899,3.39662156676187,3.21798132175804,0.1327433349301,1.8618177549438,3.24578076247128,1.42452802146053,3.40130081949661,0.186121507915322,5.34651241837178,1.89993566679292,3.10936970243088,2.64319090009831,1.60971142062972,4.31543228660613,2.23436870356095,2.16655705703684,0.159156707886327,0.489699130494395,3.87000076548517,4.25272484858103,0.400622334204661,2.44301783292582,1.41624669898223,2.49420254560034,4.95845043822006,0.054085603191123,0.054085603191123,0.998523069843807,0.00118580128129309,2.09181082942888,1.18006150235868,1.57165386845529,5.82689331909918,0.637689991282613,2.01809845460306,5.87229988648468,4.45360708205354,4.72791056028419,5.9787809594509,2.12009258092024,3.56221984681901,5.54893527931779,5.75685006008951,2.28044425152822,1.64401387921751,4.9913682291438,2.32026125391986,0.914378138236931,0.921149515386364,2.28417660009615,1.99119184669117,0.227745403328056,2.56247441568687,3.65283106878638,3.17013791320309,"AD",-2.209506134
"134",-0.0275205427856192,1.65891904644378,0.897951004283836,-0.0326458482096866,0.798396759752606,1.43281823877333,0.109778111965605,2.53122755084614,1.06009733430031,-0.0386788269525492,0.255634162218863,2.25274706832638,2.62504811209516,-0.0458501494992698,-0.0297870867037574,3.27275555781519,0.115209166545925,2.88147603850801,2.41546345197475,3.1193579396327,1.04602388841438,1.62366578220603,2.40850310615791,2.3315530519744,1.04581354770069,6.53424622188496,0.684855761494202,3.64627499783516,3.28821871214559,3.25424519489445,1.77591968083466,2.78918314774423,2.86350752721371,-0.0399187764594087,2.10296137582664,4.84897800423211,1.28577709025007,4.09665603398573,1.89562542410764,5.48218693332303,3.25337026965905,2.58666238392177,2.41668330844536,0.337332248413752,4.45638655404066,1.69042722331997,1.96609382503586,-0.0317680891043611,0.606535550067429,5.07313896831609,4.14433741491573,1.74561674211016,2.61221527019568,1.63965548371673,2.65058958328152,5.07721592983985,1.10791332366593,1.10791332366593,0.280120084604638,2.4931676438162,1.44201079216727,3.09420223857184,1.36628825023348,6.65409021082668,1.16821298976932,1.65511010988547,6.23555535537302,5.37630112029388,-0.523655818892671,5.86123443161526,2.03429321742842,3.25525938335599,-0.693905374715279,1.43264110802106,2.06387402689579,2.63430439233432,4.62566679057929,1.09717639289517,0.668728983663697,1.36401736410987,2.59974036935476,3.27334260845854,0.449187060578447,3.34367990873691,0.0576378535788191,3.12428129008795,"MCI",-0.706277093
"135",0.109004174038212,1.48322548516361,2.27146351298693,0.101692322760849,2.03568097382436,2.51678524202636,0.28031089267444,2.48224797748989,1.11668762869597,0.099985182419848,0.492041739393267,2.56084872622033,2.32734042117981,0.236133707934493,0.0912930288704724,4.30963463548701,4.04507871511898,2.87948768026868,2.30181661492707,3.06284797339026,1.08208062188646,1.39911476176506,2.22057387991881,2.94065470965303,1.52996557609643,6.27901455966869,0.214192379933102,3.53632962881649,2.85624958518099,2.57146305667995,3.11732805225243,3.56849010445694,3.49953570441031,0.15288323438134,2.5428087881506,4.41484330323131,1.24615382038078,-1.72072109966012,0.231453479943377,6.02561023321919,3.17921791181464,1.39613415143922,4.0610737306971,1.61497299860345,4.0290290441285,0.116713933703617,0.38831091775396,0.101891749507961,-0.492672718778393,4.75601805115645,4.11948321080732,2.59866051324993,0.69501820158568,1.36662347362209,2.17877495123844,5.44654590804956,1.17458343052686,1.17458343052686,0.739673749743344,0.196348629829906,0.612702113110084,0.0272012746204602,1.87903578627144,6.18023555877602,0.200154687781364,0.60268157565333,6.61511418209795,4.71119621589802,-0.150458143754256,1.74209604282117,0.101792397812045,4.04070012955723,-0.211278872237685,1.34668525681456,1.19775904713221,1.3342708190134,4.96569898912041,1.53125216360619,0.0364254568867398,0.723701892316058,0.698722541637141,3.0487826165036,0.159702361319696,0.43376154676776,0.085848173951514,0.70709128997824,"AD",-3.928297457
"136",0.178226127566108,2.11599588750763,1.33965834513202,0.16359264722689,0.469158754030858,2.41991390392784,0.050070343029913,3.02136827886512,0.69965733143183,0.164931968827018,0.923872964123064,1.85300692592289,2.16613943340954,0.319480635952223,0.137409892627902,3.09998650562968,3.3537586713388,3.93699162684277,2.7280003807548,2.40864028553065,1.82371009436977,0.06482519796477,3.19015739298505,2.8800679312673,1.70473450135244,6.00521349354922,0.0935818637755697,4.15581735405082,2.82090723434216,3.15994328344081,1.78545441049062,3.39805215884516,3.59629374179628,0.124231246759996,0.401356365752804,4.33827604030897,1.06113487904366,2.90275407456922,0.44370240255422,5.55343474709789,2.64906960490033,2.00457910496641,2.50229782831768,1.98209412799892,2.85543297064911,0.182927216012284,2.10841249791214,0.152967554163864,0.450077955717242,4.67539474177914,3.70873941859168,1.63950406187822,1.71340551161031,1.62680652645024,2.9933969508878,5.05069962898006,0.575208330839252,0.575208330839252,0.228344024160866,0.132951493673527,0.784178551688892,0.0570095106757151,1.79810678831238,6.05757613871383,0.561679114390138,2.90886426789919,-1.09811113457592,4.95853589827331,4.05203751204962,7.0016008547349,0.287790013613955,3.813877148508,4.74204632042932,4.16605435419731,3.05446867673607,1.95322293643628,3.75141016855668,1.39402570978958,1.51237601487615,1.48580926208853,3.25218899034602,1.74703433685499,0.394376919724701,2.6869558677648,-0.028086799002319,0.0498551480841518,"MCI",-0.604320267
"137",0.0992873164580023,1.65396037266781,0.49842823777897,0.162363927723726,0.324796752819185,0.281895699562332,-0.0629258274211264,2.52079677484152,1.25465904412467,0.0737184775033282,1.60390968505565,2.3249783730751,1.59556266808171,0.172594018917809,0.128040720483848,4.01256469373008,0.415172351177623,3.36024315971286,1.98646003978246,2.78338424295703,1.86514967754545,0.243665212719273,1.32758584868752,2.64035564275466,2.25735823268084,4.04439449610693,0.663545351071061,1.72850141819853,3.03607726520562,2.23960143051001,1.70409819095708,3.12380120449842,3.13106115587121,0.00599214872033194,2.0826642074795,5.38850956217141,1.0753927685231,3.48781075837207,0.533157005562875,6.41630644160727,2.54691216746368,0.822875800293118,1.27988734276876,2.1289967296227,5.52665610318749,0.228055145025855,1.0809293660729,0.136362806469861,0.773035680339737,5.51012826926282,4.27980032271068,1.99838521799888,3.01649769576313,1.17693405879122,0.479792455522665,5.90330365474446,2.41205151202066,2.41205151202066,2.73610332753582,2.12815925766497,1.94258414667316,0.0349177944974788,1.13680144617999,7.95139918875048,0.940468427927705,0.0122221621041134,7.16844436679938,5.4952539082595,4.25742527029008,1.75440134546974,0.0843830765858452,3.22324512169873,5.28338976834108,5.22406775617438,0.614067963886708,2.34705767584084,5.45709208740792,1.04714833532887,-0.0144093146664662,1.76712058197597,2.6045376861009,2.47237279407323,2.34136255866343,4.58428902996173,2.71579262014228,1.01374715681126,"MCI",-0.669730144
"138",-0.117562739359716,0.70974680250276,0.81690607844918,-0.0992616564799749,0.875349686336029,3.43721831473858,1.70490833682972,2.43970436158169,1.87634527739747,-0.0816485873142757,1.33763516608629,3.36074042710105,4.45312500847451,-0.105481453962008,-0.0970539751563605,3.61335635992862,3.73721223667528,3.24150531748211,2.59675517143063,2.61478259002646,1.27581341431036,0.0822280773677126,4.19948411377441,2.89762660938545,0.934933749773419,6.48384969445391,0.571470748983898,2.58134904437555,3.07989842403464,3.03155045029149,1.98822203775736,3.11112400998457,2.87074297897989,-0.0943077960141329,2.07958030754248,2.82179777026211,2.79416425347112,3.57816766121997,0.15889570335238,4.97811467205775,1.26589073730894,1.26707479902073,3.18611204922113,0.324233369099266,3.8701882417373,0.460352824665136,2.10201736512734,-0.122218110839625,0.567892404532587,4.01271935830816,3.73481006351226,0.28343260854386,0.555373256480276,2.51202235039939,2.31508446544657,4.55784458101585,0.391741847157048,0.391741847157048,1.63915359704185,2.77079592809213,1.43870682508132,-0.0431323908532987,1.60973078965481,6.4174854419187,2.20181935089968,0.23034581959994,6.35875372250473,5.49388886544731,-0.335574384822698,2.78616215837365,1.81677147985318,4.17814782793791,-0.36035608055737,1.50143535215099,2.13148270668728,3.10216161875548,2.98766125793337,1.6896609958371,2.26138669729121,3.13985794034043,2.93942896433607,0.384408775066191,1.76740406655929,2.70844135857798,-0.0196825867737105,0.72414019514586,"MCI",-0.326783423
"139",0.0201136176257449,1.32943136227147,0.351432809484319,0.0270082823780732,2.03061510551269,1.61918528443109,0.0517334154506384,1.22865541216386,0.814525593882412,0.014845617722979,1.3438687469639,2.20085241909895,2.94782967905038,0.169410384359558,0.00526192608262122,3.41998976152072,3.61563477337388,1.76256576151262,2.97516157741841,3.21494911523196,1.05583367520651,0.0928303626586244,2.7789584845362,2.14476312349353,0.852210051950318,6.28485133067845,0.76044217506332,3.05306718030088,2.63707840365875,4.0266305388257,2.21501964703997,2.50743956217471,2.4575075734606,0.000275785162796804,0.488229036402001,2.29213308443879,1.44550192083028,3.54053108941914,0.311292947297516,5.67244236719545,3.52998648940623,2.61369355577084,1.77146932232558,0.778015681275959,5.35804582654779,0.461518091595471,0.259951605947137,0.100440050498917,0.561213882795939,3.58295115910385,3.82515081299688,1.86749636530215,2.20156501383473,1.62882497159208,1.65084694601234,5.3173142373194,0.0711127735459341,0.0711127735459341,1.54152525881007,3.10328227219903,0.865919934957696,0.16994232071698,1.48561344712225,7.03172199083458,0.872315824995767,1.95612982390755,6.16854520431516,5.38164210977533,3.50319241721339,5.79515285973498,0.120916308653901,2.61995480981917,4.25897664630335,3.77677772012432,0.896435508385481,2.63302252949612,3.82316324878981,0.8414176630365,1.73177628185096,2.89009433871131,1.61216570686493,1.89223009422274,3.43387700560358,4.16910846652297,2.78745579321675,1.5500312959769,"AD",-3.255996633
"140",0.184298560323415,2.17147645410898,0.117121922018551,0.217900029357842,0.590366138898272,2.80611904059892,0.118810275678087,2.85709506250072,0.92213829277581,0.170773823119903,0.353387204020603,2.12330549840353,3.82886207792203,0.328974296374827,0.14077519271356,3.03904035714848,0.283670409393631,3.2767548549029,2.91897843889779,2.65518411974072,1.27235168509067,0.024008984738534,3.71021054292645,2.88222009303688,1.723765391837,4.32670485495523,0.253085185721279,3.93957402600426,3.00068311565522,3.57806094659836,1.99865894947457,3.21738636159351,3.30002419306282,0.1327433349301,0.0730581036529188,4.35458633365644,1.66923157192759,3.3601208608352,1.80541255570441,5.03215510729318,1.92106287657249,0.68141391098074,1.70155274594549,0.0730830512551284,3.53136985914669,-0.0637307543627329,2.07803852910376,0.163403951740502,0.310388858550697,4.68184121101766,3.67506932329933,0.460272101305933,0.931949806929282,1.84814364227662,1.96176278447105,4.48787825098263,1.08414431925611,1.08414431925611,0.199848726090439,0.186893383512206,-0.0363988689256114,0.0642878430252493,1.8077198737879,5.03408401889632,0.511704460491658,2.22117764843195,5.43421996768401,4.46319738799137,4.49169255682814,6.02832942541889,0.128241563992621,4.02289583718163,5.54023052988332,5.51190125977356,1.16172045725417,2.01072808285115,3.69281399702017,1.30729875544569,1.00652955362386,0.913675829460762,3.4186746684959,2.08013375328919,0.227745403328056,3.21113928688696,-0.00270605849996386,2.48350606192837,"AD",-0.323400231
"141",-0.030389815711401,1.1718170331925,0.849508480101527,-0.0379040417411903,2.85668565550654,1.91984807357263,0.0519770601051485,2.66978985980164,0.740750786814342,-0.0314174211957514,0.0694949525073598,2.09225862465134,2.69500536567424,-0.0690052923577873,-0.0191473877007812,3.95224078875571,3.51999303143589,1.82199113165947,2.59549884668233,2.98483651404941,0.637039687710674,1.18943000070219,3.06287619995402,3.06834022935825,1.09374266510098,6.35088300866843,0.610142987455784,4.18023154108914,2.65960674821112,2.78603613804085,2.85396305086118,3.53553029926636,3.59727988017948,-0.0454720876314101,1.33710197197744,4.21415435831839,0.749724699148608,3.69042212291637,1.88309388204148,5.01620279806148,2.8825837563082,2.05899858836239,3.33121316255821,0.408765166097209,5.26468361240928,0.497016942159544,1.34327917891084,-0.0284245229323239,0.441701504664956,4.77560866543239,3.0946449093959,1.89862220293413,3.70565570989261,1.32247013654081,4.7630939177097,4.52052337070757,0.9586922423595,0.9586922423595,1.24350432206009,0.0898534936792377,1.25963476686619,1.04382594098166,1.48566839927407,5.72755001733777,0.590017032761219,1.8453973391182,5.85195860385728,5.13584327121991,4.008264789209,5.85667868755886,0.199722368710016,3.6320762562154,4.6492072640366,3.60750584497434,1.71196835263991,1.99834612071939,3.31549319509338,1.10085614372663,1.71874801938154,0.636512842221055,2.05925284020785,2.14122102228375,0.471970820348384,0.371457846508864,0.0945436743870222,1.80004510806385,"NCI",-0.333294002
"142",0.0201136176257449,2.29015338974562,0.290745610085095,0.0114161189313204,0.898798223130307,2.16757772503905,0.109502387688683,1.27653427160979,0.40179065892775,0.014845617722979,1.23739628924372,2.90326241802188,2.92709364356608,0.0582722829745135,0.00526192608262122,2.7068787462444,0.278127813421315,3.62245300488203,4.18050576455949,3.82952534590242,1.8264882172262,2.17370187034543,2.12941092013952,1.86529316825444,1.19410654692853,4.30337058119021,0.685549434279609,3.05376225348533,4.44417800315527,4.28317767826806,2.41002350010622,2.47957859053972,2.5006779792325,0.000275785162796804,0.870646197574591,3.35614021831531,2.1420373936147,3.66091765548251,0.512150121674485,6.83875936129299,-0.0605517409532057,2.23974084322773,2.62871715074862,0.593207507614871,5.45624062320903,0.364453264376419,1.55998943718533,0.00493373194682689,0.277395227344267,4.12190280018061,4.00631490053774,2.5471215013994,3.60334184507296,1.91326537977373,2.3185514754284,6.56252235838668,1.65942853123937,1.65942853123937,1.70151194092211,0.15875385549452,0.678908238727184,0.0360374303149619,2.88136372116405,6.43520966178312,0.324705227773892,2.45378841210394,2.5347366550754,5.54091845362474,4.2865921946242,6.5293226115262,0.161576236079713,3.73433852902599,5.2754857376224,5.41401098193949,0.738007543197818,3.48665907432743,5.61288772922595,1.70059084930575,0.880609462918203,2.21859524118374,0.6953181042642,1.72593030499778,1.43165577080773,3.02003443411452,-0.162858164507083,1.5500312959769,"AD",-1.611453667
"143",0.119386872316573,1.12944158100862,0.288583225775048,0.0962364692275152,0.574704004048728,1.43314221989025,0.304347648188992,2.60424497771701,0.603709044665695,0.099985182419848,-0.170837958669812,1.92558753311597,3.62689674613462,0.197048575061927,0.0850666771768579,2.6753672383688,0.19453968224962,1.19196311720517,2.48187232189794,2.76206040244422,0.557247577689832,1.49970499572954,3.37881538882249,1.73475837467543,0.292203783502293,3.93899666856037,0.362260974823362,3.28583933967144,2.49782120398008,2.45086448824443,2.15254572221251,2.25948855563851,2.43292446267934,0.0779587903969914,0.187451551435279,2.87081910395162,0.775565303865658,4.24357373741176,1.72550565313893,5.72286291790103,1.79099049533343,0.939207281560778,1.44294773790789,0.188304813219879,3.8570065802285,0.0656054568036426,2.74780183496326,0.101891749507961,-0.429078963999334,4.04171938161484,3.52897718867553,1.8908562435352,2.03801903887177,1.02860866703378,2.72638972010897,5.20862523724264,0.354136203222979,0.354136203222979,0.56370172599363,2.89817489423424,0.315621627200299,0.0272012746204602,0.719923786622483,6.22867733729013,0.432439128015916,0.0500887840809996,6.51562770232235,4.54250771850725,4.66351330255029,2.60511877750403,0.151493631045644,4.28564414508573,5.35072187308142,5.57111676636223,1.21860383220935,1.44776969022984,4.64703944973638,1.20309532638935,0.0364254568867398,0.914424989381939,2.31475350488154,2.21263266995312,0.159702361319696,0.43376154676776,3.51174142545327,0.70709128997824,"AD",-1.305220869
"144",-0.0337157665439533,1.50968523809954,1.6407264283184,-0.0418078256851504,3.15064384760979,3.33314729249116,2.6437497751945,2.8836752308615,2.1759941177375,-0.0386788269525492,2.78926747686006,3.62200430214896,3.55072746725005,-0.0135060458369864,-0.0297870867037574,5.25610293033602,0.20159557814977,2.74219421802454,2.82339940212133,2.44519861972335,3.83594189528878,-0.0356496643655043,4.00987991427183,3.55052666294217,3.562242240003,4.14621285369763,2.51497121621218,3.9002108673534,2.73500015291932,4.1770777120054,3.5000334148797,3.96569973138023,3.79167591728621,-0.0399187764594087,1.16926810602874,2.86912495836027,2.45830142906973,3.69254907864548,0.459869647363044,4.1058061176098,2.11998165330507,1.41580206204163,5.04792589897809,1.94922827993432,4.88076309960698,-0.0846936490701494,2.1523715631204,-0.0317680891043611,0.644144410103355,4.45623174854131,2.86857890219149,0.304250480481917,2.68555781834442,3.25044270308981,0.938582845544348,3.9499273627776,0.76334638901013,0.76334638901013,0.280120084604638,0.141587303974418,1.67342596956268,0.0580722963866592,2.77215523568138,6.75775814230962,0.946765117762471,2.8995814613089,0.82596697256641,4.83105933052129,4.23634917267343,6.78212706552531,2.44277643331126,3.98086210516694,5.34913390599605,5.6924379467165,2.23597660689925,4.0315943230262,1.66151036315129,3.47913005296543,-0.0555547120283072,0.984178068638932,2.87278092452177,0.639184198942911,0.449187060578447,4.12740002262914,2.94098198053358,2.49504275831819,"MCI",-0.748799161
"145",0.109004174038212,1.99784942810965,0.919801679398795,0.116825517789771,0.987843727207473,3.5067687686545,0.44295447973306,2.56535110137931,3.14116480048287,0.099985182419848,0.294739367973381,2.6178539238307,2.57456650045196,0.197048575061927,0.0850666771768579,4.7326178728977,0.329181118896707,3.09737126883817,3.03880019102404,2.38880611574514,2.97655683127251,0.126745704226815,2.71987493929365,3.67240026109782,2.33658961972796,4.29107634592508,0.746544799361495,2.55026098464263,3.00416741702454,3.55114370529944,2.48227160654849,4.17370001985605,4.12850879834267,0.0779587903969914,2.27270073966657,3.45598120454704,2.17374188905576,2.93730907673274,1.73044482827457,3.39383014878563,2.90587670402802,1.46282073488352,3.20975611529229,0.697065971173324,5.92757311405225,0.13518377067623,1.33472763716771,0.101891749507961,0.611946317532674,4.55148483742158,2.49861894826475,1.44169775216165,3.53352026490219,2.6396536676732,2.00314016239389,3.28494658592028,0.632277368587267,0.632277368587267,1.19123242007164,0.338062412118931,2.91139731353958,0.287070995267782,2.56439436091186,1.60038104896305,0.64405282319783,2.94323600686746,0.671655828627131,4.96762288352502,4.40017033555155,6.86503792792941,0.265403855329512,2.58128968015167,5.30235961668987,5.66731763573877,0.185249943772544,4.08341630264128,1.5263497769937,1.97418172930731,0.0364254568867398,2.1078463638361,0.426776951815713,1.07577946550163,0.74970220531035,3.80611905660553,0.085848173951514,1.50712532001475,"AD",-1.061529701
"146",0.109004174038212,0.886210935548055,2.80254732370834,0.133868064892847,0.285503671253775,1.85362362151897,0.463136221261177,2.56010301030849,2.58885721684525,0.099985182419848,0.567893822073979,2.10706042469845,2.65310517290536,0.271863664809868,0.0850666771768579,5.28236586083936,2.71723984583226,2.80686266520754,2.86654639901928,1.75053886219459,1.5929523305728,1.51698274283597,2.89918591382884,2.440462568302,1.30111203731328,4.11905099486284,1.95461920554016,2.51403122857968,2.62104812874717,3.31497809513787,1.76318648312168,3.31899265058635,3.69195127461794,0.0779587903969914,0.21985070601357,3.44913138584956,1.58595276993672,2.56788010052944,0.466889852866822,5.68080136152171,2.52947868056171,0.671668440125522,3.37602124673442,0.354800440679573,5.44060141046205,0.371103574905591,0.38831091775396,0.138723461104337,-0.665295858405606,4.90072556006844,2.01207178617564,1.77973866448821,3.46702127478104,1.94227806954635,2.25201769679751,4.55733163961271,0.0662101010997186,0.0662101010997186,2.36535744849483,0.400356014282492,1.48794451261041,0.060894127318542,0.647995888098456,6.81686850385288,2.30469779582053,2.49509707915203,5.97504544137203,5.01796485048282,4.42996243767841,6.33232101876106,1.44623633843402,3.56298106818802,5.09688664173769,4.96699649816004,1.1468712641005,3.59509424814723,3.99370991808925,0.6617233719898,2.03891576808129,3.56012312659904,2.3422699025541,1.40988090098703,0.30020181560124,3.67774929525789,0.085848173951514,0.70709128997824,"AD",-2.659632718
"147",0.0436705240609532,1.09572384850519,0.568576364571862,0.0239083477499059,0.922693976865354,1.36638390956466,-0.0310026028376831,1.5048920923827,1.84886452232668,0.0343198952767467,0.355209422315799,1.67594286741125,3.31215803962156,0.153630812953283,0.00526192608262122,5.03093093105431,0.882889000530657,2.24270663451509,2.21633363829658,1.8098971742073,1.17866300813348,1.69706781517503,3.22334366789453,3.17648004601134,1.81857145148843,6.18436876846275,0.361783373193303,2.85408163283395,2.60087386417226,2.89643886432715,2.34703197746759,3.88678580559926,3.74022877718894,0.000275785162796804,0.551866485327305,5.21049651647215,0.99717050447132,4.12766303437168,0.534794546655329,5.3376236932799,2.32165553847541,2.36021639484183,2.60315212143694,0.36788788131102,4.93471550676836,0.429106796741734,0.762633595717266,0.00493373194682689,0.484872635169382,5.09885460683105,4.10341781816978,2.4913267260253,2.65563571160767,1.1053009702804,1.14729400547423,4.68476197598943,1.21249690480039,1.21249690480039,1.71855243343779,0.115309382628815,1.6669460868032,0.112715628274991,0.492624813066502,6.40127894767538,-0.0382568069460026,2.81830252375684,1.33476528970047,4.86353547753598,4.34040301260014,6.64104892716457,0.0662580979010706,0.79099094341374,4.79044533722155,3.20182597564323,0.853782664213054,1.8636147000596,4.80096815866263,0.867712092488857,1.78164584926857,0.697874684595258,1.04485203837257,2.21678717639816,0.554734342044679,4.13784179131366,-0.162858164507083,1.5500312959769,"AD",-2.447112743
"148",-0.140196800023323,0.913696550735054,0.525137245586104,-0.0628209098255905,0.948414022260265,1.73387796989973,0.139269260542702,2.70286941654274,1.76514605894231,-0.103421148157764,0.674104840578508,2.5415676395293,2.73136854341156,-0.218643387561818,-0.0720413278539687,4.2546146601531,0.314745449626549,1.47025811733458,2.31804376508043,3.26387685912772,1.81247291865779,1.41620718600866,3.51461950112706,3.38407502690645,2.24249126072649,5.78028277482038,1.54401040691223,2.62041845419136,2.42754000852109,3.9341470945995,2.70502239237346,3.74963070603004,3.60067595136823,-0.0943077960141329,1.83230753213476,5.19579495703265,1.16561230260441,3.43351795057129,0.430950503448347,5.07735154245638,2.70794304651707,1.42471995798345,2.17575939060438,2.06476165200365,5.59315066284991,-0.0452112393018886,1.231044977431,-0.122218110839625,0.658306282603365,4.94526121294835,4.18561801261392,2.53343024384473,2.13603111080456,1.75597116349573,2.25484739024585,4.55545527559675,1.30408934763634,1.30408934763634,1.06250787226472,0.259142306272337,0.889871546007541,-0.0479455988174767,1.92163608405887,7.39339807925676,1.18554810087746,2.35674261944329,5.98611078477179,5.36801491528175,3.84785928153635,6.44530571415458,0.115847107946784,3.39020648958262,4.43787417971907,3.73663299482427,1.02928877892572,3.01302906770789,3.90408955363905,1.85115386600552,0.0210772750019916,0.668854298299969,-0.0330607567529078,2.62180649969103,0.204611212244276,3.90356959389249,2.90149228883609,0.883362681196256,"MCI",-0.707206024
"149",0.103145269298588,1.51335919623142,0.170794406102123,0.086383580798492,0.4604907487655,0.552171984353733,0.119438874670917,2.38274808340014,0.46428941505591,0.0914817584667591,0.618571180071831,1.9160863256722,2.47819950071121,0.183721487695386,0.0799549628810027,2.93278828674415,-0.153753801004743,3.57711591322122,2.06977173419041,3.32719514807963,0.624368087308252,-0.022164323317919,2.90608764983244,2.48246733512663,0.672950217022284,6.14148091646868,0.698672300991088,3.68152140721972,2.49784401096272,3.47155800182615,1.91486559898425,2.96373449483093,2.93788356564996,0.0802778024747958,-0.0305630567794066,3.95095389425383,1.41606833168077,3.44442057513088,0.67904128953584,5.4507677313308,2.51358147407889,0.825989739062738,1.41407988028882,1.85369080876608,4.2394858696103,0.0666045325409591,2.47583050889624,0.0995468654556309,0.125937002770479,4.97690300499005,2.38396357365338,1.53238510028583,0.503139083173701,1.05513088993708,2.20720831357103,5.08667332576554,0.967203699585512,0.967203699585512,0.715760585024016,0.151681130692962,0.857436192534701,0.021444341093927,1.08117928028059,6.50531688334824,-0.0963042538270305,0.0470618505661695,6.74691482410492,5.6002955024447,3.27008615701508,2.20420623931021,0.0237501710216493,4.12526344672317,3.91822660573896,4.05412481145398,0.653252648314128,2.69055409701109,2.72661739665109,1.00123100843731,0.0325300116483972,2.0569947891966,2.16467474650637,0.766556789972732,0.130074048746944,3.51193056435227,3.65182365467444,0.586864468431435,"NCI",0.185049525
"150",0.0172952578429579,1.288365984895,2.69964669784883,0.00768024842755477,3.23808355582377,2.91509002689495,0.779253551949828,2.7761024368187,1.54724113025676,0.0124538273434234,1.78609217791145,3.18058831804308,5.22394948407551,0.0146300541737574,0.00563112491843609,3.99340592745566,5.14314953924977,3.56300168737163,2.70298071042215,2.783524618967,2.13094922015903,1.93075666135572,3.24861689071235,3.62384163510013,3.04172754259427,6.34915034610649,1.29736990692511,2.60401586097377,2.55994877365289,3.57053134840832,4.50482026514503,4.28855015800688,4.06157001510512,0.00599214872033194,0.832924129605059,3.89108895609853,1.70479318611629,4.51138015671798,0.196195691816794,6.19116315735339,2.58796963983305,2.91149977594466,3.26602167252135,2.30416457542724,4.22130154362204,0.786212190695206,2.40680411837158,0.0037999099350674,0.236705062163735,4.38797901379606,3.09059732655617,1.76382821111355,2.63786411530613,1.45194871574467,2.8442699097499,5.56660625381244,1.33027219863781,1.33027219863781,-0.134755923059253,0.154059602393537,1.57399886528133,0.922407534528743,1.29657754927149,5.60460612661086,-0.226108789726482,1.78782660616942,6.31234014982819,4.7727648629223,3.84612664075448,5.64675459543615,1.33897684578679,3.6989809960566,4.74771037766861,3.16231540466366,2.21635847398793,2.66689238945103,5.21857045745027,1.59581642269906,1.48845103272529,0.739099031993865,2.4499481392148,2.07956138165439,0.370626656139921,2.33030958080943,2.42102257223137,1.01374715681126,"MCI",-0.847622741
"151",0.0542110572774577,2.25034741905096,1.46680694444031,0.010368348932865,1.5239407273547,2.61633959230364,0.0703427194819597,2.37781125436688,1.98027642312784,0.0424111863297615,0.666817931540301,2.25050654873323,3.72811791532856,0.0898134645690531,0.044261974389272,3.7021966752932,0.481734459418289,2.56763083686522,3.79592109539895,2.33339361228704,0.734413443618396,1.46034004282679,3.30778033196159,2.33191920840873,0.426763937159711,4.58518757661782,0.109665727317718,4.6507822453977,2.78499611137379,4.11011372640142,2.66752759016384,2.9614971253931,2.72655272196703,0.0378458457778211,2.13454558804031,2.51103275942273,1.85059614903989,3.3760981110893,2.08902893826949,5.64307949366999,2.21619867626709,0.736662096846219,3.16751285666053,2.73776991658773,4.56034133239464,0.164915625825161,1.96264518458486,0.00493373194682689,0.263445439849207,4.55542313834189,3.6282157680728,0.144478000046742,2.48366409569536,1.77791830255921,0.465151359132262,5.21938470606288,1.2941046646575,1.2941046646575,0.982636922644226,2.2906552470303,0.934245346648523,0.399555953855064,2.12416124978562,7.05375378042465,1.2097654504478,1.93007792060431,6.03736583275982,5.49680265962403,3.93719320897196,5.84963222096657,0.143216164099903,3.83988908048431,4.90859404451428,5.3855014240405,1.19744878045586,2.75028651938101,3.43917238329136,1.94229394915036,1.72057946894918,2.19518663282708,0.915095688950041,1.61304946906744,1.45670486066395,3.12424583527102,3.4350989954116,1.5500312959769,"AD",-2.127036641
"152",0.0201136176257449,1.09929921309707,0.660576811359884,0.0545027505652688,0.940253008643733,1.0959142579423,1.36462043783341,2.77232702981251,0.784882419505047,0.0858164232129633,0.0765863005199623,2.25500095560347,3.07006737692784,0.133103083530893,0.0336885432588978,3.22669384849268,3.27387935182608,2.84943630655147,2.01035908877241,3.72600051271159,1.70113465229127,0.35890791026877,2.61216989526297,1.41405919426992,0.99678274102202,4.15791083437529,1.74510451783747,3.26098843053006,3.16557168078299,3.02283076910018,1.81544993847184,2.05235236549916,2.12573723192818,0.000275785162796804,0.241030632572964,3.72033274119337,1.65983809425718,3.87405310779973,0.274603799033005,5.89384318594183,2.51075289112764,0.901458886258451,2.2860045694343,0.558920620245788,5.74611007128867,0.223388922125607,1.99617140124583,0.0752741003535504,0.610404026208453,4.11490847476881,3.73616130550296,1.71286848862107,2.49038860582647,1.67210882855315,2.22999644419096,5.4475746589441,1.27890495145024,1.27890495145024,1.51515966149854,2.14365402462386,2.22924725552074,0.0360374303149619,2.68663468410484,7.18450583661925,1.37954812289164,0.016029206753466,6.88332155916155,5.29982109063179,3.79351271886585,1.89310557369642,0.0363130648893237,3.77244920820994,5.00964077486335,5.37140232514355,0.971297403092778,3.42981291411298,3.74961488698856,0.873638224563032,2.5372781065319,1.9738690018926,1.46494193536264,1.62859581960803,1.70008156829996,2.08075666887882,-0.162858164507083,1.5500312959769,"AD",-0.558062264
"153",0.202922555511378,2.00061692298234,0.306709756787184,0.164974603093072,0.558679681003298,1.99578305510209,0.250234633930068,1.23314552308924,1.94938868604988,0.170773823119903,1.10346273105138,2.26445584221421,2.06314220916136,0.378958141270076,0.14077519271356,4.45776971902839,-0.0348341210310323,1.52549469869017,2.46652356647881,2.5311997481141,1.30696058127053,0.0490544538637671,2.16776781832257,3.19325250059039,1.62917155486793,5.77319057045828,1.19198376275575,2.64466852051952,3.13083482827042,3.32316531506776,1.74057057050893,3.77961661952003,3.78831151715439,0.1327433349301,2.04745840830671,4.76016783554626,2.14997886195,3.5638820009086,1.3695525018856,5.36539046900231,2.49792601112072,0.88394089664132,2.33460886932169,0.416695770400085,5.93103603245309,-0.0712023000687908,0.478824203028597,0.159156707886327,0.725458337304898,5.32633385230683,4.38608782957895,2.3878127655142,3.29289295756691,2.22453876893178,2.23705493764453,4.71983614405025,1.47939619998983,1.47939619998983,2.4903627892112,0.127743853943038,1.93454075998681,0.0545244280718868,0.562946433159175,6.68287022121919,0.707037123792164,3.01591297329736,-0.863981075378966,4.77100019877935,4.0216071177457,7.05383851640593,0.10065069456283,3.15571805889845,4.63245232569641,4.00756452991662,0.975053969642379,3.18403334286653,4.51581225092409,0.547045884765256,-0.218446723263825,1.49719065282397,3.2967507213092,1.26914167591848,0.227745403328056,4.67695966849074,3.02408074471467,-0.00149988844388793,"AD",-1.187691388
"154",0.105243880779742,2.26433878698095,0.907980150315124,0.0910100656650217,0.821573768925502,3.35005458285519,0.896479110145654,2.58813069535873,2.14095127897501,0.095920641904939,0.233650412685139,3.06049118715937,2.62932948612254,0.188703896915839,0.0823870215553205,3.50074775728366,3.01422770167684,3.53361269058022,3.71776820361095,3.21749686448824,3.05202651956254,2.14568771504444,3.02504415564719,3.69472776925302,3.61480584644519,3.83545846870671,0.788598040752237,2.77183085257868,3.59893504260101,4.72575045920033,3.19957648588366,4.33091852433496,4.11043417018919,0.078920211081418,1.89097199660465,3.6425135649198,2.86081233167402,3.29043490001537,2.0353349730786,5.59472306427693,3.01686663053433,1.41035533534171,3.06930962957753,1.90039202897282,4.91069232612091,0.0686725367624911,1.91664384546267,0.100560076896173,0.383290839160063,6.86789575596232,4.09302911347205,1.83237857337371,2.49401614752326,3.1878204871715,2.71407105718016,5.10071902809575,0.0836219196425477,0.0836219196425477,1.47325730343024,0.142584427532666,0.809668535339449,0.0179858935825005,1.75586169411819,5.93068808413905,1.25448176005142,2.03872204188619,6.12874888549929,5.17874592139964,4.6939074332893,6.03214586378853,0.341549777153644,3.70731296765686,5.43842818676069,5.60763258650349,0.96191884032935,2.60938219148881,4.25351247167402,1.91213591994329,1.52714128466334,2.56086812421876,2.9204436358295,2.18396151877522,0.134576158231387,3.14915582278843,0.176700042878692,0.608218984740984,"MCI",-0.237439982
"155",-0.120580952144996,1.83046310980712,1.07380884311789,-0.13025702699126,0.261881058463963,1.70204046539073,0.054232939467017,1.30527873088679,0.938211394862596,-0.105074820785501,1.08335536711531,1.83803930855387,2.12031688522664,-0.147973991592407,-0.0987287720359169,3.07868305925828,0.128340060848624,3.85641288962155,2.4013412778436,2.89637971562672,2.44774752434015,0.14686968398009,1.87830927393152,2.71124196662037,2.02448484895803,4.38959372846746,0.404687478775628,3.67392142866938,3.11099030863154,2.73290213433678,0.940956447562874,3.10953617731636,3.16115328642242,-0.0911014723481354,2.6745783862256,3.35004648702557,1.36497142947453,-0.151644078245453,1.86868805718762,5.51267701647539,2.61669002556016,0.633160355020147,2.1137020971587,2.15772931322063,5.41137146403032,-0.0426397705010512,1.63473911190818,-0.120290071338173,1.12141005936736,4.96742184867701,2.06757608328432,2.05435343480545,3.13537525306121,1.19364512387005,2.24083085692638,4.93420343174985,0.634679277384586,0.634679277384586,1.78134218154898,-0.00676048368132265,2.00457161594402,0.00397511070811718,2.70050880539181,6.87002784773018,0.453726491415247,0.245911795501695,6.74585683922008,5.4715675724567,4.20029055089086,2.19315453928376,0.0074241510573535,3.63138668395494,5.17179592503376,5.95912955427837,2.59202051705371,3.0685502857519,3.38338605403098,1.10762423942379,0.0188822491746854,2.31472941486814,1.13267567360358,2.07280833912091,2.12188480878306,4.09390349337901,0.063944284011875,0.111005529564437,"AD",-1.670472748
"156",0.176003513133547,1.44063389884137,0.319129785030252,0.162369320741543,0.328745063935341,0.8393390209492,0.182577967234986,1.29882012225844,0.560302198735297,0.158552081562066,1.38378788854339,2.21617621907975,4.32271163089403,0.275163711713313,0.130222856352972,3.33151976575903,3.75014035669389,3.31700093810872,2.08827638776912,3.25983396008095,0.654587075199776,0.0132325725956024,4.04591448605771,1.03502066778749,1.27397457836122,3.89062569970206,0.659604970480285,3.42011061573184,2.75892937603668,2.64214774481724,1.84755115242697,1.54302102681159,1.54205628555508,0.112211599350085,1.31011180743313,3.76385889081815,0.796426638299096,3.66896611223083,0.374444867032165,6.53758028369604,1.85947275642957,2.08958340529155,2.84967883344485,2.10027955174287,3.39030581995139,1.039600690136,0.507440019354024,0.148258497821216,0.4916723085734,3.9044661681338,3.96125261797533,1.84283647081967,0.241401437522186,1.37545706310909,2.38253126808588,6.07919631062423,0.0411260605577115,0.0411260605577115,1.69915881472587,0.204617609817621,0.563157518668371,0.391819508170695,1.33476436455391,7.78957388331722,0.7054710181147,2.10059541101584,5.67607124579725,4.78669299938231,4.57128571027165,6.11727276131365,0.461051559686508,2.70028385276267,5.45263400038382,5.52744609397035,0.930151793107074,2.03033057980134,5.83647282927689,2.17425381249139,-0.225520022044273,0.38348351355087,3.15559472095731,1.72479684208047,0.42423393105824,4.26157895744688,-0.0102447246674167,0.0609468482572579,"NCI",0.511191935
"157",0.18744691027471,1.33121460521077,0.376496857677757,0.170535323323,3.27645989871063,1.80051839908288,0.408520648454903,3.01522440908913,1.41526917934551,0.158552081562066,1.45990701353505,2.53081168947179,3.57369208751636,0.394066058619311,0.130222856352972,4.28934147725318,-0.101224967172473,1.7887565529858,2.01009613243494,2.72487776859906,1.14959027571998,0.0359239534804308,3.29332572219033,2.90197556637554,1.8013685576332,3.46011031453765,1.223676377226,3.00538251261884,1.73686005280535,3.25929865457384,2.3165132814073,3.46703844275136,3.21022144326681,0.112211599350085,2.16728939345555,3.90727082258397,1.21549836553056,-0.340023928355626,1.34068940834739,4.95679806086375,2.13892334640575,2.76049165739334,1.63837543082474,1.60655704643658,5.12924895989047,1.9817098682099,1.03614032013948,0.148258497821216,0.733471547335557,4.4687875820814,3.10578535832496,1.92178524295906,2.30612965128165,0.934977188799749,2.3660733174488,4.27413962052229,2.169914497701,2.169914497701,0.987017999861331,2.00238559569132,0.821502932228161,0.116024316553163,0.969570804162377,6.58716575236229,0.552566336029336,0.108481655993099,6.55276795138045,4.58269605413772,4.5865655401947,2.16528259387768,1.65105370901962,3.32262578040709,5.50287551272255,5.52744609397035,0.606252942798259,2.44058320785585,3.99701507488165,1.23943739829794,1.74227290789914,0.354624517336847,0.748867342523908,2.29201805683972,0.42423393105824,3.40074002639724,-0.0102447246674167,1.00879911293429,"NCI",1.228286316
"158",-0.0265637039187054,1.25472955912606,1.00493759742569,-0.033323306463492,1.73716132770202,2.08858129134764,0.327053147303116,1.10405401871475,2.13348395588223,-0.0371524786574483,0.93052325248045,2.71460443776953,2.26862458067219,0.0147737202777503,-0.0305344691092391,3.73080406948714,-0.559551198670191,2.85081072874526,2.96994759212076,3.0564920108842,1.37894218338235,1.64281365080942,1.47492026718053,3.71125150453421,1.83328322672017,5.99161817574157,0.908612352608937,2.63302423613103,3.42072408623028,3.43912633669167,2.99955436956906,4.06575678634876,3.97998630973894,-0.0317621391102729,0.826548732189111,5.06202509805809,1.92393632588885,3.37127715941318,1.37965089569071,6.08661758638877,2.45999631380466,1.81167582458642,3.41824911616904,2.00431182608069,5.6331338087354,1.05226802667258,1.97940975493571,-0.0341594878447876,0.592755165305724,5.28395547974696,4.10703461541459,1.79353842687766,2.91443565987803,1.88521935166812,1.71415893917462,5.1131432194581,0.390132722972428,0.390132722972428,2.26815589526776,2.44136619317772,0.786663408106043,-0.00668296440481797,1.88658020431762,7.05401234335924,2.1423644431531,1.46093543304783,6.80493823947246,5.20640157775403,3.63937369058236,5.45798736572426,-0.0145953182122242,3.45719390870774,4.16668765440447,3.70235067508293,0.36044959830415,2.84718642803767,4.77174653445611,1.39065893105588,-0.469083415454873,1.9173348468339,2.49975541512716,3.5689518977442,1.12460295308995,4.86481587191865,-0.0824763810608474,-0.098870371469781,"AD",-1.44466539
"159",0.179136875727459,2.41620913140024,2.0032521131755,0.162369320741543,1.13551094522312,2.94649436914505,0.367928681337595,1.47084705692061,1.05221073486901,0.171490723550061,1.18530668549386,2.45317516988823,3.91295431673293,0.296067598737109,0.145297751618254,4.53442548136135,4.18057797363628,3.07584132125603,3.93932272295824,3.38547288013967,2.00434738439625,1.57598084074988,3.95963279948159,3.03812606858258,1.45520190056978,5.63947647563208,0.521492427690961,4.42671574612913,3.50799722199204,3.96664388000797,2.11301796015168,3.31282744722244,3.25331075598076,0.112211599350085,2.54611929798304,2.69119515151436,2.10750557837836,3.31519818543926,2.45201213928215,5.73984131504434,2.83049276556121,0.783392114086169,4.01029350723755,2.52543542232673,3.5237810149824,-0.036130893381116,1.26165393013629,0.148258497821216,0.181528695485671,4.31813993759995,2.2753688873468,1.96895623040127,0.823093126030469,2.3497460395027,2.66767595348231,5.29736330617176,0.688428668454873,0.688428668454873,0.239477750754049,0.0881398790455533,2.61213534493267,0.0745450716962678,2.42722544119232,5.5982450685816,0.472667494519243,2.03150876303051,5.98088264682976,5.15176041942811,4.43918686226895,5.9849148950713,0.119896975579131,3.89167396522756,5.43109928780775,5.5867258173584,2.8420171044309,2.87579312558292,3.94005872754539,2.40898010329341,0.877066644903288,2.46186524919506,3.27056978043105,0.519367495687857,0.42423393105824,0.380951125165748,0.0213946795308071,3.38225701088788,"NCI",-0.197633195
"160",-0.0362925117640767,0.996066744368433,0.625056369619625,-0.108972789420447,0.0933563458202338,1.31021485691994,-0.00480360967159477,1.55605686611313,1.23962092761272,-0.118706077613125,0.538327306520576,1.76352726837738,4.91461945195698,-0.214394794684797,-0.108310468554367,3.62504087662069,3.41631236309653,2.45613976870656,2.24392788722327,2.10993543000656,1.5240138145426,2.12748709043893,3.90711315659253,2.53559193991391,0.74568477509764,5.59427343837282,-0.00557345895846906,3.59579224764766,2.27654521279609,2.86601083031887,2.11311244266422,2.83023738840973,2.80461710659034,-0.101449185538139,1.34722411718878,3.90348130108959,0.873002930582935,4.16162863598366,0.708653599507876,5.5220154591379,3.61521466509489,2.5369129892085,1.94269625489716,0.336391843013286,4.2487717823844,1.51040359829827,1.36764742382692,-0.0337474093832021,0.646171975459709,3.95300814550049,2.24400253492654,0.138221706969526,1.73701613257824,1.66366855143564,2.31054913285699,5.14121625777403,-0.0804838149291184,-0.0804838149291184,0.892676413596415,0.178928697662295,2.59705482005945,0.15327669215483,1.43389624064384,6.02387634073078,0.759197249826232,-0.228085661706473,6.61250619036138,5.40973944517276,3.72543050228728,1.45404433319731,0.236120343728284,3.57166436216478,4.35221496332239,4.08032970964049,0.872963932723276,1.9669425120324,3.91405063441778,1.36150827461237,2.55972316700585,0.874036721461693,1.96989322114647,1.56672568680496,0.686915666685935,3.06074833196286,0.0132708750493539,1.17641965699828,"AD",-1.27649863
"161",0.0201136176257449,1.86030939413236,0.950736560723953,0.0207992190362236,1.37523831249358,3.12082867888939,0.424856584515748,2.53564771978713,0.794548088135055,0.014845617722979,-0.089878756448585,2.45297275986136,3.94178556597917,0.0534063508191245,0.0269009826542577,3.09252428534098,0.460214749620713,3.16006276248878,1.96498107719847,3.32159621678131,1.56330614775654,1.78406595506272,3.87955912273707,3.06715323089536,1.59235685835801,4.43225571212694,0.170708725005039,3.7400285481636,2.64133242024596,2.59156693884511,2.54277636004427,3.44113794878032,3.29783757996099,0.065467807296819,2.03616712652261,3.57139426543345,1.65115030330664,3.27595706308421,2.41593775524764,5.12260472595599,3.09655376504626,2.79774297379908,2.54448903408893,0.123124192658916,3.66644272417709,2.57673170422046,1.83702165467122,0.00493373194682689,0.422260847334442,3.94039352484651,3.8261370384835,0.202415604061419,1.06912263373265,1.53440030724823,2.38626899351521,4.6338423444256,0.731569147779532,0.731569147779532,-0.0939820220329215,2.03677739880717,0.907676078285377,0.0658464004146251,1.06840386118296,5.35604171577323,-0.324948449203621,0.0805193398504598,6.6101914254907,4.59003409860829,4.32370966410312,1.67052476136159,0.152874804549034,4.16098633460727,5.18837826412956,5.09491963493434,2.4190168409675,1.83076788833401,4.23686295755669,1.31062372488503,-0.020714860308558,0.58356733605577,3.65034288217702,2.70336830979385,0.298996326132577,2.25887904243847,-0.162858164507083,1.5500312959769,"AD",-1.84341766
"162",0.105243880779742,1.89253518355423,1.0789533397146,0.128641661330353,2.23894295644553,2.05750136538343,0.363864693652315,2.39551389714848,1.03964327362876,0.095920641904939,1.25194347204745,2.73071977457352,2.35800309181972,0.188703896915839,0.0823870215553205,2.92772273660794,4.23446130342608,3.82805493041097,1.97224507501363,3.78024009159234,2.23919754750058,1.59920964523811,2.66781485992931,3.38290985878686,2.77979659291924,3.77090731658963,1.07395079793888,2.22317799000934,2.81063149802332,4.00092513524635,3.70183315426551,3.69011072221998,3.74805689514491,0.111866779689715,0.0715768922035493,4.64422831878787,1.61438091695402,3.30505836077267,0.397955330939569,4.88295123276973,2.02296039208354,1.25889227280938,2.7954264450014,2.23485609255212,5.64451291238652,0.528097852864071,0.826848211206312,0.100560076896173,0.260425274205159,5.52322898564505,2.4986912329474,1.88988587048112,3.70558231266684,1.54847138575615,2.18939361213126,4.37603915922099,1.71565861272077,1.71565861272077,1.21125632915585,0.142584427532666,0.49962290628129,0.0179858935825005,1.4640287268845,6.67234084359568,0.475593001508315,1.74834917617181,6.32102826517891,4.86819400195595,4.60546955786478,5.89643383366005,1.44935617464245,3.37989416385244,5.46509433551004,5.60674064644027,1.10895814009302,2.46517645160234,3.76814569489982,1.85886430309747,0.0300909269523079,1.23387815336176,0.940863106962761,2.78671181207437,0.134576158231387,2.99015343951564,0.0915221171084799,0.608218984740984,"MCI",-0.43918453
"163",0.103145269298588,1.45683491370919,2.72499107739319,0.086383580798492,0.237092919096662,0.602722209211757,0.296357616005462,1.32138566973994,1.63315966651418,0.0914817584667591,1.95535975678629,2.11960055708309,2.97847303808107,0.183721487695386,0.0799549628810027,4.74379211984283,3.0142202334038,1.37651623397214,2.610134362906,3.40822739409897,2.7644665172346,0.190811874707249,1.50780223302695,1.17069967373204,2.51475766663034,5.76147429754603,0.504877591507464,1.84586336932466,3.2907798756704,2.28110710356969,1.37458670791281,2.2823013124442,2.46076562768331,0.0802778024747958,1.58730909281921,3.61159503384574,1.07983080918701,3.37380667073993,0.718508909760805,5.41247576973413,3.10546126098564,0.519777660796343,4.6597418552807,1.07983207082484,3.99061609092188,0.0666045325409591,0.386295370302384,0.0995468654556309,1.04178247226807,6.76104419382691,3.65365218591503,1.92885441636879,0.735852353887882,2.59253469258693,0.379938048937248,5.04796384536095,2.41732957323659,2.41732957323659,3.60595739528664,0.151681130692962,2.54963836259611,0.021444341093927,2.92555035810315,7.92374767504499,3.97611205915946,2.1740803203954,6.45029228389347,5.75626017679056,3.57728065799644,6.12356327379052,0.00593366714885468,3.1674719880312,4.25682498547467,2.92794520212659,1.43161480119455,2.84663247044881,2.41055287796386,2.25838042636596,1.82615317019039,4.02160136985148,0.312783616962265,0.185474170866862,1.90827142591865,0.423918765019101,0.0802432069139015,0.586864468431435,"NCI",-0.065004356
"164",-0.0232990255443358,2.00443127910143,1.11538455762753,-0.0296541704713048,2.21711919072628,3.69311239980093,1.26626540194856,2.95924750345801,4.01155182408289,-0.0314174211957514,1.34128163500307,3.52412506114459,3.86956816619729,-0.0191140897647768,-0.0256369184674275,4.72323472856089,3.79263372175507,2.81577103021339,3.46131696200716,3.00699410707852,3.03780060245027,0.00976978902830838,4.22477319698454,3.18270017935477,2.90417973374869,6.08406179902351,1.37255607193403,4.27855813601592,3.66436975831052,4.04281601545052,3.3605763187696,3.61356620978484,3.34847178328863,-0.0454720876314101,1.51801630715963,2.84779445859297,2.52888386245614,4.30067150622157,1.50533921933939,6.19754336563752,2.62260807259542,2.46187462640711,4.54954141593262,0.487193535756773,4.3238012426747,1.48746872696944,0.147143496691694,-0.0284245229323239,0.306500365327777,4.69648851014747,2.83058858869925,2.42594739793133,1.85249570186312,4.07687346638139,2.26994334858722,5.65858107382603,0.28308522980912,0.28308522980912,0.312398264678001,0.0898534936792377,-0.197487443778956,0.0282087104349342,1.9593684020439,6.84549612096248,0.856586457679857,1.8118117796859,5.83326414804133,4.86555099258859,3.62818728177859,5.84132127945836,0.229618721352868,4.0727191723904,4.20136969840432,2.78276214416411,2.79414831594536,3.70025167654161,5.04201489447685,3.29764585147235,-0.0538671228877533,0.426125430247198,2.35935996308493,1.41953398654264,0.471970820348384,3.3174899635481,2.64894932390971,1.82935919592269,"NCI",0.064150365
"165",0.1822086093842,0.563781406978238,0.980538543315467,0.164974603093072,0.65816055823676,1.37236949665585,0.0478692849809331,1.20930480466801,0.96761419025626,0.170773823119903,0.293493449647549,1.70997428338921,3.59782800425056,0.30589271505217,0.141858949141134,3.23207162851288,0.0620108088624547,3.28476716070416,1.86800610390521,2.19459427344124,0.648767956615768,2.04840437639866,3.34879100046156,2.3338496103615,0.755990909776471,5.49456921812041,0.150911528075326,2.8482339814107,1.90437037913958,2.30904058109581,1.82539571829756,3.09178376963873,3.0202556342419,0.1327433349301,2.55290805833778,3.43462130241646,0.43094808891718,3.618943547459,0.306696548262299,6.29995590830956,2.73505883185758,2.60371982909327,1.84303182697541,1.7352146427644,3.95867764983858,2.00283346308851,-0.2861888947466,0.18022537997032,0.404255716163742,4.06125280282544,4.62726039440345,0.340900192411774,0.395291206261766,0.762948355335352,3.20312010754845,5.7277439853274,1.74125875390416,1.74125875390416,1.5443755740828,0.0385413012586837,1.93530738600662,0.0633158616609153,1.17359048883071,6.46826361811989,0.481141612804486,1.77396161178948,5.96820416105666,5.04478143387975,4.29880439275927,5.98365283030984,0.198881255833955,2.96652987109726,4.71049651916872,2.69803541502463,1.0254057564934,1.72776759179324,5.23269015464207,1.77254792026039,-0.218446723263825,0.553171751054844,3.0836807450474,3.17495728031809,0.227745403328056,3.25237029181389,0.0555010704417646,-0.00149988844388793,"AD",-1.231943413
"166",0.188634373611312,2.38107842310133,1.59759727186135,0.17379002391574,1.23305199093195,3.31521360430735,1.28651054608365,1.27862122608841,0.866788024402327,0.164931968827018,0.396218709162518,2.72237209321465,3.23900052848813,0.316241089455291,0.143883334037725,3.10218992587535,3.74245664887478,3.3652554972231,2.58275265274286,3.45649675394985,3.57964464356369,0.138559792881019,3.17492383452488,3.15005253476552,3.38710017055689,3.54923198604601,1.06575675849395,4.06104541075806,3.40854871703726,3.08574096036543,2.19174829606008,3.54006377893198,3.61959954261453,0.124231246759996,2.17473799975832,3.53332536846352,2.62570152303873,-0.191196233978296,0.46055668122682,5.85802594670126,2.90991786186334,2.8511467620689,2.55952907336098,2.13185508893789,4.7778919460724,2.17141624648527,2.61772154538649,0.152967554163864,0.303019323810937,4.21001475441743,3.69077856035059,1.41991899064329,2.97678485052556,2.06607894946424,0.838557509199125,5.31450882543717,0.875069546141805,0.875069546141805,0.977817451280891,3.13580092028261,1.53835335994767,0.179532842262184,2.45060031582265,5.66946873141065,0.555620984716543,2.54341977341327,5.99141997503873,4.94544691909754,4.50170732700059,6.04618917406701,0.23784880398383,3.89133041667598,5.45592638359752,5.54872947465158,1.29197462039381,3.12539266974938,4.09205400387651,1.53511623102142,-0.229948880300692,2.87543390887664,2.68671011263751,2.2272644712633,0.394376919724701,0.380205038993027,3.31958796340406,0.0498551480841518,"MCI",-0.323434994
"167",-0.135524354907777,1.01802108043271,0.337779199978944,-0.10729778888829,0.652895754914975,2.6923884842015,0.117060854826589,1.40853492984413,1.13294473285599,-0.12109560726291,1.05482373123539,1.99876536683604,3.37085881863708,-0.108668328090679,-0.108238819896417,3.06986985829719,0.259370049662827,1.77339807338897,2.4050480835323,3.33102033022381,1.42903636878261,-0.157482463554318,3.39750216779883,2.23712945620886,1.63220260572518,5.76668802445613,0.87968772246809,3.54482650303718,1.82586538669355,3.08031591535651,1.85875404790513,2.84143152901959,2.86211830436217,-0.0944894737336466,2.32573022308842,3.23836593664769,0.803720737636419,3.69204317677927,0.763959321343684,5.15484026462897,2.7867803245555,0.575966344413872,1.40615924726669,0.539972679981517,3.95585500657572,0.00534090074140736,2.09878969515099,-0.0795374913216458,0.699556275912863,4.57769636936733,3.23570711790086,2.36450042409903,1.06639839271075,1.25986794802629,2.8971715070394,4.66390977547938,0.833154455855152,0.833154455855152,0.901119677707194,0.184303684798272,1.85421808214487,0.0285915896026019,2.16435035744332,5.91425109686912,0.873976545889257,2.02889829865638,6.05183206965212,5.74975117459475,3.95309060471647,5.98590397870327,0.252839590813008,3.27578399640289,4.6286611746854,4.4398481944776,0.619182370194829,2.45119941301329,3.00226447701433,1.67025923428213,0.261569311756582,2.03599689804602,2.40733131467909,0.883929383159942,0.520901657806738,2.46748330801402,3.13347303369047,0.986879193656174,"MCI",-0.746085712
"168",0.103145269298588,0.531364619018803,1.00193829874342,0.110188397573249,1.08271524935995,1.34755286067745,0.00626443538370602,3.5304428585396,1.75313241380523,0.0914817584667591,-0.0959027293324859,2.20161413472766,3.58464111186183,0.183721487695386,0.0799549628810027,4.3416475034742,2.94975440438702,3.50898565355966,2.36175241879229,1.89554522525944,2.45038594948779,-0.022164323317919,3.59799860940925,3.77875835477434,2.68701239546124,3.96748736309455,0.288174714234018,2.65454327822858,3.23223867528921,2.58845356523986,2.47800337434359,4.38035092041557,4.25564344682842,0.0802778024747958,1.81135460128574,5.69809097226347,1.48750345600698,4.06359912160408,0.681864761269137,5.42539327253915,0.218779945077718,1.48109170512526,3.20729070612925,1.69699257631154,4.98733425162274,0.109684656098405,0.386295370302384,0.0995468654556309,1.33461580076882,6.59351858375876,4.26887031481242,2.76346442018381,3.15834098170852,1.40468304931096,2.97250755915605,4.85468685084009,1.90184370247577,1.90184370247577,2.18156427623541,0.151681130692962,0.753024241246968,0.101783772672201,1.66943156093664,7.09728639556557,1.01219266103138,2.13486268918142,6.23585669349887,4.93305893003913,4.66876719311612,6.19581173771276,0.393522116028393,2.68346291735162,5.41163709064146,5.56224668996072,1.97160539854222,2.5426955009292,3.87507205247592,1.31459326736997,1.66654835430818,1.78186965935908,2.60340390286769,2.43403791507242,0.130074048746944,0.423918765019101,0.0802432069139015,0.586864468431435,"NCI",-0.208821118
"169",-0.135595746146124,1.54319850639885,1.27662033270159,-0.12146347569704,1.31031469231107,3.53085809489729,0.77161430941384,1.04694298677942,1.81586623562418,-0.120762742975795,2.65425625634064,3.59829600936963,3.38197294991791,-0.102956900721445,-0.0987287720359169,4.13007760973169,0.101011207326476,3.44299617127744,3.14264904540978,3.1009796700474,2.89308741513389,0.0816047024563267,3.31052318989028,3.3105155307203,2.64129106559245,6.39329193525316,1.31439949681195,2.80818042351881,3.63824361475795,4.01668383320728,2.86617007377529,3.7454996931499,3.54018790949231,-0.0911014723481354,0.425602691251012,3.69738072519344,2.70849618256556,3.48668902626933,1.53804080713498,6.66648448407336,2.62078092615169,2.19765644501912,4.53142530578981,0.18757325802255,3.99107489423998,0.327733158246727,1.15725917793597,-0.120290071338173,0.48829134448742,4.22814045590693,4.32095247054275,2.36651277205352,0.42948041460592,3.64261908718019,2.91305569968663,6.24933845487246,1.05214505901788,1.05214505901788,0.972468968781176,2.43237514454807,2.6057884071944,-0.156863898412044,2.87981395133078,6.53115528401362,-0.184885836229828,2.01520836651783,5.9796894309137,5.48643714977694,-0.321453717446616,6.11467066660264,0.172954102573153,2.75404976309266,-0.342270338032447,1.7996914706903,0.847850609453157,3.6268335641591,6.17078160467372,3.32171807482942,1.29308863188708,1.95309451014962,3.46705366762795,2.47089191914957,0.140382183248494,2.46040894724043,2.90825457715497,0.111005529564437,"AD",-1.165989986
"170",0.189505241542105,1.15030284937571,0.485796285692044,0.164974603093072,1.15433078851063,2.33418693308231,1.31204312475333,2.59489133307801,1.06837911350702,0.170773823119903,1.12057811566875,2.67435384628475,3.72656160626714,0.30589271505217,0.14077519271356,2.9652958089842,-0.0497179463239439,3.12383711793286,2.00335230321361,2.71986536375749,1.70178475883515,1.58267823979886,4.66441197009403,2.94166873058779,1.38521068809396,5.82626131149029,1.02654137049291,0.297562507731004,2.56382445369261,2.72359991431575,2.34761539456206,3.35076658053041,3.58339666319104,0.1327433349301,1.44692110403406,3.35423353321378,1.61168187411483,3.99166206452226,2.02735147650286,5.64731874595223,3.2433068948103,0.849156670578053,1.93311007722675,1.85122862656928,4.6648813167945,0.174809855785296,1.58655950441319,0.159156707886327,0.605755216203419,4.06253121016233,2.54739261651054,0.515348002974391,2.95002043259665,1.91793297410234,3.372441259175,5.0192989057375,1.12030688659246,1.12030688659246,0.900704929554699,0.0825488693878614,1.80350508966521,0.0749165694808265,1.67130161588425,6.19052520078099,0.541169261328806,2.46104633572286,5.69255988249927,4.8321643851243,3.93461558165335,6.1609104672095,1.7764881517242,4.10574657987358,4.65015790536694,4.20050213481567,0.857603495929199,2.51872714564413,4.24940460362611,1.713889422218,0.981403892524874,1.43202833552292,1.21709690033276,2.08823037000406,0.227745403328056,2.78226640645287,2.65830502349054,-0.00149988844388793,"AD",-0.875784586
"171",-0.0857361632117567,1.84708449012582,0.6328470163292,-0.0668424430983648,2.9234914297536,3.33904126736418,0.486818051795337,1.88294009269032,0.514074088430376,-0.123705211853777,0.129464155291183,2.78869576456039,3.5072716479722,-0.104137566133404,-0.0584860107995421,3.51902221549034,0.171401731464673,3.35571706984445,2.19952058419488,3.98282903953443,2.6361285086984,-0.170569722172958,2.27955988518118,3.54783204181095,2.88603980867194,3.80393772134946,1.55236878200922,3.47804248812348,2.69729251502564,3.79482225990302,2.41492782364454,3.96195519459833,3.60572241096773,-0.084661887330299,0.349449114311017,4.02711713880293,1.54473716953542,3.54048947012615,0.593031092925301,5.05865769795596,3.13570859904432,2.30192950631887,2.16218475322465,0.326882004797374,5.2078051218217,0.464583848008216,1.94952470924131,-0.116471362752311,0.555249785668143,4.32633275742565,2.9601649501013,2.11820658478879,3.33581409504293,1.28016558829184,2.67293944042693,4.66982421574491,1.01118379554316,1.01118379554316,1.3824918525178,0.258711143845793,0.793873565346877,0.135013491653784,1.60619743579146,5.83227955854324,0.723927233133057,2.10114129106827,6.08514908170629,5.2044111187884,4.90070886782807,5.87420312511008,1.59960810083501,3.95886884842561,5.7324787441428,6.03466950063022,1.12339170414578,2.51575104715213,3.97074807539343,1.77366021983559,2.51737608408081,0.588661819387901,1.14588023008808,3.12146703596666,0.325181629052316,3.35310764939812,0.0853834209802262,0.94594209902643,"NCI",0.486441641
"172",0.1822086093842,2.09472090591364,1.60697324842222,0.164974603093072,2.51453721150129,1.97036279344668,0.540865117686838,2.29147007381116,1.56363303493543,0.170773823119903,1.00330949692418,3.14589775862535,2.32644334373998,0.30589271505217,0.1429416234353,3.74271984268822,0.298811127028376,3.79802449484668,2.9356591875443,2.58637146496208,2.88267721935308,1.71115169545048,2.96181101729102,3.93096455121512,3.53437598657495,3.90583628054246,1.63389581934304,2.53707822297697,3.44025905517837,3.59246415749936,3.74260715499421,4.51067151053074,4.22618657291856,0.1327433349301,1.70116342331958,5.39320684390968,2.43582911420299,3.47102178161788,0.440056119530567,4.36469631080713,3.00572661576091,1.70709093628449,3.16240704920998,0.0934422815323457,4.59341624933574,-0.0712023000687908,0.685246582492668,0.161282449197983,0.165118507478729,5.21315825671902,4.9072130025962,0.23526122469203,1.00423786330577,1.81985838580189,2.843180405415,3.93208649348898,0.054085603191123,0.054085603191123,1.06055207676912,0.138352156445716,0.628572350208782,0.0710648859989206,2.02974190211675,6.28357374410769,0.721832794987841,1.92733862290724,6.07409875226323,4.46962943317791,4.5375006854527,6.12072940036043,0.280562294465249,0.71889355450058,5.47839909744678,5.6691355608654,0.995097055650495,3.4813723451895,3.40378585005422,1.42419888563009,0.129800306491272,1.02325957386816,3.0042147095259,2.77836498523701,0.227745403328056,4.21751464604974,3.08589567104803,1.62854184195533,"AD",-2.561246426
"173",-0.132764469563748,1.71054951375063,0.820786165976486,-0.0625750132031634,0.871451340269806,1.90495780167221,0.166397891283637,1.54591999384379,1.05054954181305,-0.0761391500954881,1.5103339395699,2.39625303188845,2.69810874227878,-0.214394794684797,-0.108310468554367,3.11751229016449,4.49775875803073,3.17177420669088,2.14402087642564,2.98911777641086,3.48665409804244,1.45177389732172,1.71217104971386,3.13309607656713,3.6232364820643,5.71112414067021,0.731068479969982,3.27125496151331,3.25098587543773,3.43504455905991,2.3914597539144,3.51776472640047,3.5346453106875,-0.101449185538139,1.47795295779815,4.31803145672817,1.62516552030014,0.553238600550908,0.380696809789923,5.54659266485737,-0.295489355372601,1.26806510457358,3.91159535834731,0.612051814104048,4.78918635459535,0.329905178294782,1.23431780647698,-0.0448796563292287,0.251384319298243,4.81907285858299,4.30099662916756,1.76487679600762,2.19884513169721,1.64445502030215,2.25127147647189,5.24755044883474,1.73228920046636,1.73228920046636,1.74434580596922,2.48654939332661,2.19956063365146,0.850641237648875,2.18148953475959,5.9404097752549,1.06372881084406,1.76378900808787,6.16037461262732,5.55702857469511,4.40123528260416,5.8932081649952,0.282047408650496,3.8822817959872,4.79629033125113,4.22802318245123,0.66570574668225,2.06801252148708,4.45419915507407,1.33441157130512,0.250643883925508,1.25649104262087,1.09888506223395,2.69026641516589,0.711425044463725,3.54584941969617,0.0132708750493539,1.17641965699828,"AD",-1.074955366
"174",0.04684347467196,1.96746717635813,0.525775725461266,0.0290698244312323,1.50242001860634,1.62227279930138,-0.125554096707652,1.4526777260984,0.831314960524414,0.0333040203100464,-0.11747080857091,2.15284054287178,3.73817273048653,0.0755983546362262,0.00526192608262122,2.83341213281403,0.646541870166269,3.44065878602079,2.11050141605259,3.85270080074956,0.978131876122953,0.445508064521491,2.80611427610864,2.52724991775547,0.88180984792287,6.15725848627073,0.429611040715413,2.67079383358284,3.47663429422962,3.51048555932593,2.40518824173025,2.98040132068393,2.91348401000659,0.000275785162796804,1.85741278856389,4.26502644661505,0.759638675192691,3.65205196109504,1.59855153028043,6.0158602605932,3.31097651146838,0.715122097721247,2.41740269489797,2.04750560932704,4.68011170630392,0.234520913437005,1.90745654691752,0.026950099488418,0.554034850632662,4.33427976917713,4.03949279923749,1.85023791899927,1.94569130243767,1.04374996290354,2.33675360996117,5.54296924463995,0.0711127735459341,0.0711127735459341,1.16831587375592,-0.0689503239123939,0.565579697800807,0.42250026797481,1.61635672240505,5.92046158677601,-0.324948449203621,-0.176563747733996,6.71568457231796,4.94608549998623,3.85114522539808,1.7632321600448,2.19131688075155,3.84714561891066,4.64102234208162,3.17819415177807,0.932995270900085,2.41925882633271,5.28185515637189,1.78430628944202,-0.020714860308558,0.203208700972247,4.02433098741992,3.0314719604636,-0.359103320245932,-1.08383877272902,2.3032785119325,1.5500312959769,"AD",-3.255556143
"175",0.178093464072762,0.85809933468042,0.62461644033145,0.162369320741543,1.03364124199591,1.38537051561444,0.320953464118787,2.36976175803545,1.16249607004658,0.158552081562066,0.0601114588589386,2.95372920245534,2.41709963224623,0.294977148245399,0.130222856352972,3.11007679135524,0.342895197839055,2.14381609820464,2.00436252849486,3.22941602104199,2.22821655784203,0.0824271770259107,2.08962521348097,1.7991441823917,2.21632602989663,5.76301008166074,1.06837317434375,2.65916546093205,1.97515471479262,3.13538992712068,3.48885176291387,2.31419594740512,2.40848814479619,0.112211599350085,1.7067337070408,4.47073209976806,1.4038377303529,3.22451070280501,0.458469274375158,5.76320041606792,3.3701551518548,2.47968354687403,2.29365059112418,0.365188721039119,4.67110096505646,1.27633568109546,1.14984967271216,0.148258497821216,0.659905259420182,4.59683469884183,2.83185574224982,2.04558842603509,1.55453594723881,1.54235889375022,2.60870603167666,5.22168571156804,1.20651320320481,1.20651320320481,2.23658512515099,2.24594556527488,0.685309459609255,0.056076882094054,1.69634512342583,6.5252175348923,0.567179189998401,0.108481655993099,6.70998894774816,4.70808876823287,4.04261252282221,2.6280792803629,0.347233364612131,2.73827278564925,4.70268452892307,4.05092580250429,0.500576170115299,2.11042325777684,4.37190847591668,1.41757157344818,-0.225520022044273,1.19257298390128,0.402899226563758,3.19481595378568,4.62761499474825,3.24608634087954,3.02904230479593,0.0609468482572579,"NCI",-1.088913028
"176",-0.132764469563748,2.37332806840437,0.489853922514942,-0.108972789420447,0.454791840957878,3.59309728172181,1.84916878714436,2.31154502716561,1.96862909486444,-0.118706077613125,2.56754869531947,3.52551091524756,1.90695042308444,-0.0199442759245925,-0.108310468554367,5.81830690994344,0.215944789847326,3.93418110301791,5.36109784186194,3.33674236450217,3.25562899642226,-0.154294398153609,1.85821608978122,3.36054637300068,2.67761301978698,6.02335186613491,2.00212450113049,2.53546254085032,4.74148514579951,4.98672559079457,3.05352693866566,3.7251981621676,3.53943608521768,-0.101449185538139,0.278954408527966,4.39124907832341,3.24990233741973,4.11176257413014,0.304253896680328,5.5220154591379,3.58328450210907,0.931451229825356,5.62901557969374,0.671125911786412,5.15405334463632,0.164843671042236,1.94030511990634,-0.126731919531931,6.32041905166761,4.6496720002369,2.84992682569622,2.03171595327791,2.83245594554927,4.12643784674544,2.56106998271952,5.16884512043034,2.04559369956213,2.04559369956213,2.29522418469706,0.0230931393562233,2.68607770792562,0.049343278789396,2.75560755917602,6.20345803633565,1.16642598454488,2.76621992856786,0.79196882835233,5.46325299206594,0.447617424750008,6.66042890641091,0.10716581994321,-0.104808312277039,0.568496478371561,1.80014921997313,1.46166344409519,4.69253254032267,4.67210407212096,3.31756512937523,0.250643883925508,1.43866661146385,0.954079320433183,2.79824150676987,0.415519697965489,4.16026792761751,2.64462731205048,1.17641965699828,"AD",-1.359520316
"177",-0.132764469563748,1.93141675039156,0.853705608675401,-0.108972789420447,1.24713119374566,2.03732870706195,0.884334262930136,1.16544556536329,0.810967838024592,-0.118706077613125,0.136511865002625,2.84450164846968,2.68700334635191,-0.214394794684797,-0.108310468554367,3.52209881673146,0.162380672599628,3.64697567407149,2.48940464330468,3.01353628907984,2.75283187647351,0.204604034116936,2.3047561209776,2.47022159342975,2.83818303183842,5.92950056586052,1.00711509630489,2.36787687466381,3.5022899837475,3.60502591143407,2.80318948545927,2.9768682209051,2.77166755122336,-0.101449185538139,0.216860782831411,4.83239335342242,2.34802647696316,0.268867468460553,0.0886937730834528,5.85437844586959,2.85163187113874,0.850693363233297,2.70399766085396,0.341175088563733,4.41565689111037,0.149734586472762,1.03515733871744,0.0547417514943571,0.78108541336404,4.58779844102602,2.573348539061,2.57423033631159,2.69416085682337,2.47730249537613,2.79029026508018,5.43235470778068,1.05363595751629,1.05363595751629,1.39569037600278,0.350092841738463,2.24318422993391,0.049343278789396,0.560464657829625,6.25622657283756,0.665512536409641,2.22162568933283,6.02978026177331,5.27066050281979,4.11222678248864,5.8090509551642,0.231330523344062,3.33704390643879,5.17355114601278,3.82507135269368,2.23360663702179,2.8744418088326,5.30551811968664,1.44989983162777,0.250643883925508,0.972198077388712,2.83323984679303,3.50834818209915,2.06561271527039,3.42944591351906,0.0132708750493539,1.17641965699828,"AD",-1.802442951
"178",0.037589468360558,0.42017852531501,0.185575632335005,0.0518146500599588,1.56501091397531,1.59148981928597,0.70745065232302,2.64436293390107,2.23705213790956,0.0124538273434234,1.19317093576196,2.25551866924612,3.7148446068042,0.165647208136898,0.026296736705907,3.94887842825646,2.89592142480213,2.56333803035341,2.88020489972457,1.83007846761126,0.842262857208428,1.83319039451668,3.35167376853953,2.23994191117708,0.576335765938571,6.30132168332396,1.28601257373175,3.63046385180963,1.85322680872104,3.18137792027006,2.32788884814769,2.71052575055633,2.85378616540119,0.00599214872033194,2.18020671252736,2.95210282410255,1.37074400476841,3.99710350315417,0.398603432591983,3.96850134499336,3.0275508157465,0.695738606685548,1.38762257302619,2.71303608126737,4.89699994941926,0.236868903261015,1.86497986749057,0.0037999099350674,0.445172364062318,4.16701408714565,1.70368756281542,1.52178768240128,2.61502931847638,1.85162231931656,2.52733072745628,3.74872484635612,0.791600886640668,0.791600886640668,1.26157861867742,2.36292881267386,2.22780676587392,0.484659241816843,0.543136593910344,8.09145764635799,0.380054389865955,-0.185122378329262,7.27645957825546,4.48193158766386,3.84889999778457,1.68866440377686,0.149572639989371,3.79792065592608,4.58270752229554,3.72832318557563,1.11727182421303,2.59880582282081,2.21039956368032,0.584433124353181,-0.0144093146664662,1.42240949261257,3.40244705616136,1.66543039515559,1.11586965899907,1.76587939626438,2.7648123371799,1.01374715681126,"MCI",-0.689695984
"179",0.186384343860186,2.65718741825286,4.17027864874805,0.164974603093072,4.65774142380446,3.02741185545199,2.13051000399836,2.77870020961069,4.00475381078937,0.170773823119903,1.9942751528546,4.47010031841135,4.88341408772711,0.30589271505217,0.14077519271356,6.51912967629337,0.519317268322409,3.08838317892755,4.20300424426982,1.51912644563068,2.23968353695342,0.0398546229082479,4.2300049157598,3.69576837088588,2.7109307936206,5.8871915724357,2.90084996549353,2.51791962127997,4.43192075153381,4.93994937744619,5.31697209542698,4.37959248092008,4.10206345528136,0.1327433349301,2.63489574677561,3.76378282026387,3.40599558492979,-0.372057598897376,0.359575089598938,5.16454600716638,2.97914928377169,3.44707847022107,6.71360956397752,1.65942107564625,4.69874292591088,2.6585114667882,1.06914197346516,0.190605298131866,0.699950722737202,6.4243798596593,4.43055101457552,0.199889398645243,2.70172482493194,3.1433164990857,0.188123500826355,4.82384839523257,0.054085603191123,0.054085603191123,1.58564340122342,2.77022350180735,0.0854977005347031,0.957128767975121,3.19710756794872,5.5881546393409,0.591211796377862,0.475702157616374,6.51921941078379,4.45618672583271,4.18492151125162,2.47413280156094,2.80710465450773,2.61415306313662,4.89302109596355,3.97230860393009,0.610967465021435,4.33384162510999,4.60313515477956,3.82779589407359,1.45106397457946,1.15728344882454,1.49038079412587,1.8289126664381,0.227745403328056,4.22084026784474,-0.00270605849996386,-0.00149988844388793,"AD",-2.183696408
"180",-0.13799245404189,2.33587138792657,1.34323001555324,-0.128310661493685,1.47149953765523,4.23546868276908,3.35799044012137,2.87087114930972,3.52137819081874,-0.117151311019169,1.98152382054697,3.74516935445727,3.56160673411344,-0.214568955155677,-0.0955339274883289,6.37396884040611,3.42231952000673,3.07456731222071,4.62425816665872,1.12911643530132,3.90113057011556,0.0847870802915137,3.25309553651536,3.65461341151845,3.76108552931087,4.07833724099024,2.61380833287892,4.14576929724014,3.94059183415649,5.06230137493197,3.20181787038623,4.12533704133834,3.83000746735982,-0.0988353430950836,1.73523960516678,2.81524323408141,3.15959908247045,4.21284740285085,0.52937829616986,6.33896477835803,2.40463875728364,3.09361288833333,5.7745791957887,1.6844807599748,3.32262114523875,2.23669024841298,0.634094528703429,-0.123685071760345,0.568963852421939,4.88453655990568,4.15823276839933,2.8173781790755,1.29873394854923,3.85244022909556,2.29918481676201,5.72517012644628,0.625123115602921,0.625123115602921,0.158304108422398,0.0826413649660601,0.915404279851468,2.20589368957413,2.90535329296129,6.12204001480854,-0.275312571152904,0.240970801536949,6.5059007517949,4.92831392803354,4.52251597960265,2.81120848006414,0.359728591352715,4.69366825930778,5.40137165283366,5.66345943820586,0.828784750586633,3.7964548037441,5.39790893905871,4.4092040194339,0.020232089335759,0.606982948348214,1.77871043565837,0.915958197309755,0.216119760495763,3.14934909508049,2.98879415029059,0.149953260232887,"NCI",0.233520046
"181",0.133988477396134,0.89838573112321,0.371196516847707,0.086383580798492,0.803041759220427,0.91028235923253,0.442377329049562,1.24715679368939,-0.0420731650236086,0.0914817584667591,2.05412526223403,1.69615372136477,4.56427877256263,0.183721487695386,0.0799549628810027,2.88239944923628,-0.00800747650028577,2.31640680365746,2.22040275510739,2.61994033525716,1.33923169453544,1.48031455203434,4.1134038179112,0.810733256100764,1.10869650629906,4.12531248904219,0.276059689121425,4.12409360250038,2.61606046288047,2.96326508799646,1.75500098035135,1.30926973381312,1.42682236631142,0.0802778024747958,-0.0505428402228225,3.30757632220244,1.07153687451163,2.84621796830068,2.03938395697902,5.47313663400987,0.218779945077718,1.16292207425579,0.992000037350155,2.10535044276258,4.05450873702075,0.107891207070561,1.21080550741563,0.0995468654556309,1.66115316641552,3.91985373560001,3.96747783962401,1.77166950617764,0.993038417160849,1.43468532823463,1.67993160134712,4.93872336740239,0.874421516511166,0.874421516511166,-0.0348374770067992,0.271119847347478,0.6331680749799,0.114606033402367,1.02287817888893,6.06788716778306,-0.654111192001708,2.41577796176082,6.03939417576671,4.66776764315446,4.48587070646309,6.09230958357438,2.16544997504342,3.37164643220892,5.20210381248965,4.75748141434978,2.12783175126487,2.20101377236988,3.6405580408268,1.27272404769447,0.0325300116483972,1.24611017645881,3.54104857642629,2.08988815284797,0.552884532289952,3.13858239658444,0.139056355328318,0.586864468431435,"NCI",-0.287490406
"182",0.185341971978112,1.71541156131947,0.319024944154737,0.164974603093072,1.15096458282014,2.09394632408897,0.0921058241309214,2.80951027683991,0.875317309179702,0.170773823119903,1.08703333563487,2.0658284848242,4.43347169840925,0.30589271505217,0.14077519271356,3.31229873613802,0.0511792780807827,2.15099608002925,2.34714211567368,2.80092858721221,1.96188780362752,0.00694019622088715,3.6918033075534,2.82285493198398,2.57872349802658,3.3702381004936,0.476339140398266,2.97778740181468,3.11394186555297,2.01694186789342,1.78021172849663,3.3904145491432,3.1389601526035,0.1327433349301,1.96189811580368,3.91537837357829,1.16585674870212,3.5431819198675,0.238918199029965,5.95296692916757,1.355025409061,0.996921463192032,1.73769397705375,0.25084634852547,4.14391208585272,-0.0544742722334491,1.48918947802924,0.170796072998788,0.682010447032316,4.23491069852021,3.85705634285704,2.14589146418569,1.53573546816627,0.892991327535014,2.37663864368053,5.57341497406873,0.054085603191123,0.054085603191123,0.749430900209651,2.58648622028148,1.73740564285427,0.0797100089457524,1.41738311346094,6.73578061862877,0.822995150063391,2.30797413893933,5.87975010301502,4.51617991538809,4.54578081435764,6.28141096441806,0.196141782048591,3.78284079740538,5.52946950182506,5.58593227890423,1.16271591905947,1.58141920187796,5.31574189856947,1.69884678332371,-0.218446723263825,0.658742374162681,3.21296389494294,2.0892110377313,0.227745403328056,0.374795509978851,2.50913189659289,2.78545593019433,"AD",-0.333732061
"183",0.195719240591674,0.721494275615513,0.717735114024395,0.164974603093072,0.573078868517568,1.23094459220593,0.0478692849809331,1.21963064221899,0.74862611434908,0.177262436438003,0.0535121656278956,1.8651187939757,4.34812561267006,0.429773213442037,0.14077519271356,3.48483082179622,0.103384567054958,3.01491215245329,2.17328017914636,2.75704507579723,0.700110322890571,0.010759662561345,3.20642269128956,2.27341980352257,1.15055016956906,5.48365287844761,0.312734569252237,3.25187538702186,2.31479716799829,2.96135612736866,1.59382119080751,2.77160238068864,3.01356715445347,0.1327433349301,0.15746691822025,4.362389147947,0.64757153496526,3.60788438419033,1.36763638110016,5.11346694191563,2.72625781428943,1.5474846095211,2.10751498097676,0.0841595819846217,4.64651119827936,0.195497303272028,2.04888944975793,0.159156707886327,0.249570928981216,4.6431730736755,4.03905787437703,1.69569932738941,2.97032651791655,1.31178880811626,2.7360236159137,4.61698333820018,1.44705418490594,1.44705418490594,0.768292667107212,2.24371930288013,1.19128010937552,0.720816835458114,1.40798458514696,6.14441392156621,0.721534515344028,2.19627500730569,5.71474386499481,4.46186632545059,3.83216712432299,6.12851025275179,0.270360194474723,0.337184944213357,4.32835914199329,2.35128573259365,0.390379049881148,1.89041659297653,4.15376774698854,1.24617983335492,-0.218446723263825,0.95536661942672,2.62735524841403,3.13266557293306,0.227745403328056,3.72215984596901,-0.00270605849996386,2.74401517969327,"AD",-0.980329788
"184",-0.00322069255086221,2.57820829464806,0.928115975605343,-0.0379040417411903,1.96757817133352,4.04675192881728,2.05040405260891,1.65840266269231,2.01181789890706,-0.0314174211957514,2.57707236148645,4.07753157383326,2.27566632267146,0.0422022372563218,-0.0200716965863744,3.90671821160173,5.08075430591421,3.11965569472668,3.94103104214736,4.1804171182062,3.47914187550475,1.42719973994308,2.05832077860358,3.66633108627201,3.45265162439316,3.73937577352996,2.30184904696313,3.81666078866221,5.25367085837207,4.38642225735297,4.14557642296642,4.14122792393139,3.91449492203442,-0.0454720876314101,2.15396796790253,4.11384884303812,3.1805589237678,3.69599211623347,1.99372004367606,3.97786230926933,1.46669582175674,2.85841905344921,4.37733602468948,1.90396042853067,4.0075941124097,2.23107933325202,1.79823239350857,-0.0284245229323239,0.383753221178231,6.48875519251151,3.14531195653838,0.272807479936431,1.62964433350476,2.67540386570124,2.38633233055269,3.85302022962161,1.13838818124095,1.13838818124095,0.312398264678001,0.255881345383338,1.43990014099767,0.0319588394043597,2.38312926445828,6.47087974310678,0.622333655322175,0.0130055907937596,6.76650450248878,5.36082716586809,4.75634152014412,2.1077586767861,0.166166060805175,3.78961291477089,5.43743078997548,5.85040261462064,2.07694123386855,3.80664340283319,2.52281280550881,2.22397659559541,2.06444934010688,1.16401808070472,2.46073122452045,2.33923611130869,0.471970820348384,2.65318025109757,0.0945436743870222,2.57746141111908,"NCI",0.140892627
"185",0.187598197105482,1.32429597795404,0.758277686669424,0.16359264722689,0.891242188675596,1.70127725226471,0.474714148905205,2.61133867076264,1.55058819183402,0.18641141577006,0.605396498639027,2.84343133974975,4.06041985322667,0.286651928557695,0.135243461906161,3.48072389349622,3.57534854157235,1.28691861534916,2.55751106044348,1.54580503384491,0.593179249756665,0.340973569099882,4.1476177968594,2.33560995295621,0.673088699644038,4.65801733036848,0.208100779270444,2.83125115516263,2.67236021219612,3.17295772758255,3.48705233080137,2.66981453792185,2.5193780654069,0.124231246759996,1.88105961719767,3.39300515195167,1.90572144873803,2.89940395758946,0.144497830023558,5.06267372941287,2.78147241554788,1.88523777265331,2.37931876274305,0.0852273583669387,4.48236545261205,0.319545236659954,1.74941298847838,0.16775931616793,0.674441465849797,4.17497095658254,2.70503469497967,1.67220554401377,2.00811720848433,1.61020192614206,1.95343411215494,4.51568156143716,0.0293791596594455,0.0293791596594455,1.38511028819896,2.14326598891703,0.524605977270685,2.39566456145335,1.03393858923257,8.471734035425,0.722313420071174,0.123872065291943,6.38096105606269,4.96587223526298,4.64538236898436,2.31829092993508,0.0787730151166,3.74257859417724,5.48767720341546,5.51306540383637,0.925078228182622,1.41957572503576,4.17180664456601,1.82793140780177,1.63076480106369,1.74093591201755,3.24576222527151,2.79440621679892,0.394376919724701,0.380205038993027,3.58935672792742,3.3282560704403,"MCI",-1.131568416
"186",-0.144146548420183,1.06673072845249,0.745052522818434,-0.0207845813618955,1.75895560824306,1.02435820029939,0.242388382964279,2.8425683096518,1.11449446752443,-0.126363026395354,1.07294594989144,2.31530368837028,3.88612318868762,-0.225467360774952,-0.0987287720359169,3.40659262726819,0.0102816029674067,3.75835333170496,2.53683766982581,2.17570285018726,2.28518517703643,0.163202624319722,3.33241074164027,2.7666836158124,2.70444958531496,5.91895708973933,1.05099180022101,3.04801538524466,2.94469919435796,3.24337235321055,2.39755982708307,3.25189482641572,3.33978796688213,-0.0911014723481354,1.53086497951519,4.20589183172349,1.1295163399085,3.42370510404358,1.28910531942504,6.26025832434788,1.92645293498864,3.09093897091779,2.5834355763562,1.71599137990964,4.78357570783366,2.03876570168214,1.70516373863743,-0.0852034919294543,0.356909750542117,4.67748188272989,4.39109102623584,0.054795669457909,3.53803659994772,1.35073924278539,2.81710589940523,5.65874031483146,1.81197169437187,1.81197169437187,2.21084398784443,3.01961574462765,1.80505235895989,1.57130828529471,1.61161687153686,7.8840187092297,1.63873177537018,2.39505747331136,5.93355537248081,4.86225579261885,3.95308550588787,6.44796280034525,0.158846328438409,2.09158385155506,4.45779565157152,3.4896086907174,2.4803312657353,2.8937077505356,5.61539955309348,1.11032068791213,1.94011527018808,1.4784864639784,3.36099838911879,1.70596310078279,0.140382183248494,4.26145821855439,2.86092091734784,2.34895741138079,"AD",-2.186327101
"187",0.21117436634206,1.2490778621333,1.50818602970441,0.16359264722689,0.417245615745163,1.61695824902182,0.0779734533606039,2.93077703666237,0.930052914116529,0.164931968827018,0.0728014057398048,1.95902782441902,3.00014238807544,0.286651928557695,0.135243461906161,2.15069166470643,0.451626918487527,2.9230850174732,2.09027823327555,3.34046263669872,1.1917685778501,0.0976219956069242,3.34345965495347,2.40417972205935,1.18438700644718,5.80733342508622,0.09971085324035,3.77467364109755,2.25936531634203,3.14615751871166,2.07178573086825,2.80414827029031,2.62030336328409,0.124231246759996,1.79414008207004,3.34969987260176,0.532573354512963,0.0762961648014557,2.15168949249653,5.10543145387012,2.02724969995763,0.892970708221954,2.49398901378601,1.94814351070522,4.47261894114647,-0.0188058345410509,1.82502803364915,0.152967554163864,0.398958335691079,4.28937863181882,3.80931361259706,2.61977726428883,1.54101651635721,1.4335777422926,2.37376288903483,4.56711725367809,1.69500924273131,1.69500924273131,1.23166830070277,2.79968131889691,0.960390515781791,0.0570095106757151,0.841199345142663,6.30173487574561,0.613577101079659,0.703577630363499,6.53120379464938,4.96936398851389,4.19880084141074,2.45541277772943,0.0736640288574439,3.17345390730613,4.88211288531902,4.34765964482556,1.2754950085565,2.13926635097517,3.63301600424249,1.27408429782206,1.29973817281473,1.33341626022565,2.94598399145305,1.1660746978615,0.868799256795487,2.62082736360479,-0.028086799002319,0.0498551480841518,"MCI",-0.141308437
"188",0.0201136176257449,1.73511501158947,0.42046511778703,0.0135085224128023,3.00663542590599,3.201419588869,0.950750239603964,1.16973037385467,2.42664149643247,0.014845617722979,-0.0495563902243945,2.51237699633485,2.95814949373775,0.0631149219236598,0.00526192608262122,3.37597024146437,3.35295831255956,2.68029375164322,2.64255467052864,2.32251447519666,2.65983550897727,0.369074200681823,3.12658053722904,3.35217711579724,2.92166651150448,3.91697953654509,2.21318961687837,2.19581328233604,3.07112853990581,2.57196150337048,2.86103536730556,4.02950599019945,3.87394099606685,0.000275785162796804,2.87787539916299,4.31637175251365,2.16164956352467,3.73035369227444,0.481190329567596,5.72638843009742,2.96498750562629,1.93495530882594,1.84382210581459,2.12131238408802,5.81104110981493,0.164915625825161,2.37793046015996,0.00493373194682689,0.249833092597149,4.94573625720742,3.34309766057254,2.4799433067495,3.21003491107459,2.79930253876564,2.83342875396915,5.35239950262663,0.0711127735459341,0.0711127735459341,2.00929994777504,0.214160192027244,0.154485305883349,0.0619224133769179,1.03379721473113,5.73451123626193,0.905183033443263,2.26571967154865,6.6327899052513,4.87530390815137,4.78634198736212,5.88344094455557,0.141450117400446,3.40444102096894,5.32467202925733,5.02522224267023,0.81342183500165,3.29698639176099,5.09586055116902,0.801502060499039,1.55579375325699,2.61703070016853,0.826807411093794,1.68258716985257,1.57354732682757,4.69549261185965,-0.162858164507083,1.5500312959769,"AD",-3.356556193
"189",0.0138135062561632,2.08359510590673,0.540777314268986,-0.13025702699126,0.687952730464565,2.22788569830435,0.262984591127661,1.29507226063102,0.809137110954143,-0.126363026395354,0.310921579959792,2.0068821067105,2.51640757613563,-0.145318717734681,-0.0987287720359169,3.42137010148564,0.294754346295626,3.05733108125426,2.56223954260923,2.87785690832076,1.86379958878839,1.81459965996938,3.59680656059713,2.66933121674785,2.02334421176818,3.8958951665433,0.736209476241184,4.26000306739946,3.23040639872656,3.53615160578046,1.68357841181483,3.22826726110947,3.07298338582584,-0.0911014723481354,0.524806133453867,4.2872070523234,1.80420621417784,3.57588445948837,2.19819732575312,4.18445660041605,2.51386431512181,1.93447418296565,2.65485375649805,2.09173510958861,4.55317930290418,0.0784593119733025,2.40975491435014,-0.120290071338173,0.344138113163487,4.62807769815079,2.75898180789445,1.71641665386922,1.99543185930897,1.59694967499955,2.70300639822938,4.13985073298851,1.34991792234217,1.34991792234217,1.59236535258861,2.84750807260066,1.91485564194727,-0.156863898412044,2.87177016440021,6.130946879086,0.689886243802822,0.690191752742988,6.62059073649181,5.41357373499438,4.88233247843449,3.12982310188385,0.199084904685206,3.3320438864338,5.54444182750374,6.17377598464879,0.869979768997919,3.17999114701547,2.40952381598565,1.53622337028745,0.0188822491746854,1.91881083234379,2.77695517055098,0.543170956629323,0.886347440724237,0.280804408650352,0.0472987807108459,0.111005529564437,"AD",-1.070423277
"190",-0.140196800023323,2.2819610952989,1.28476262115138,-0.129224589483851,1.1432366389706,4.40263752718835,0.517021496456583,3.10099161052203,1.8151169957063,-0.104339419854599,3.01010613018472,3.66936399618004,2.063374211561,-0.109761042237669,-0.0729915743641375,5.87140687125833,0.206953493157166,1.79541283482695,3.12999814617275,3.9543371381411,3.78982156329894,0.19482439442269,2.66946045414376,4.51999440161571,4.7209914471687,3.723459583713,0.778115051508906,3.20886769323214,4.63508434563507,3.77649857188849,3.2955376223176,5.21651070221817,4.91338465245686,-0.0943077960141329,1.5544814899943,5.13357639018049,3.34581611103913,3.66541143663762,0.315184584795738,6.13197502973347,3.58853691722736,2.21990410913412,6.05352176392361,0.214827510535806,3.51201378315112,-0.0452112393018886,1.25876940758563,-0.0822162621422898,0.311910689174834,4.96665026805171,5.16698026683901,0.258647994029693,0.54516788091106,2.7427600846142,2.74421047273976,5.85946470766528,1.74362396087204,1.74362396087204,1.92825030939805,-0.00654960074765154,0.186948921750162,-0.0933171301652451,3.29684904521615,6.31047860715609,0.70705739579647,0.23034581959994,6.47708749741563,5.30308910962785,4.67104950256243,2.89688710268097,1.84359645663344,2.58275353826097,5.4440088482148,5.75029691614915,2.19858348428353,3.61324019924602,5.56884040902432,3.6601567381869,2.3252802496642,0.109620797988157,2.42616219051696,3.11217654555562,0.204611212244276,0.259967574471242,2.46021207007058,0.805636983132292,"MCI",0.252335441
"191",-0.144146548420183,2.10246840840193,0.787507066821824,-0.13025702699126,2.02882529831678,4.05761913806347,0.577513066500866,0.707246108206138,0.964474907313772,-0.126363026395354,2.14731300685524,3.22389834592514,3.26570422809935,-0.152415820952626,-0.0987287720359169,2.99494234538534,4.19738082067461,3.46218935808612,2.72879414109109,4.08748596251155,5.30593177985058,1.97160951361188,2.84181678625136,4.06765251580045,4.77823421777526,6.42147689147915,1.41373411035355,1.91427889706085,3.31670911803111,4.23774519208069,3.10203437072304,4.62808907205896,4.42606075920637,-0.0911014723481354,0.330900499376415,3.71775584852088,2.12710740753459,4.28786108036469,0.182013060840859,5.71109179223482,2.93888031090699,2.72338731590117,3.24408315299505,2.6076297322172,4.92851726895574,0.390901047857961,-0.258203566576871,-0.120290071338173,1.09935536586893,4.30271810133766,4.23821217166748,2.16984324091143,2.5461864006488,2.41659703497277,3.10441439856273,5.34577593023978,2.63435185937958,2.63435185937958,1.88661688055588,2.08275348425467,0.844523560018578,0.620968230119852,1.37606080358971,8.6079122307834,1.84028380511542,0.245911795501695,6.63723656983207,5.63155205713037,-0.320385962773957,2.75091436833169,0.0541082240689679,3.41437201165361,-0.341195435954991,2.4509300027444,0.613545690253198,4.56159225502593,4.55337164183022,2.67034803110149,0.0188822491746854,2.40453882859961,2.45665294459737,2.58615903955244,1.0226273231393,0.280804408650352,0.0884031776194845,0.111005529564437,"AD",-0.853339571
"192",0.0780717231479213,2.27814106491468,0.639672334490845,0.0207992190362236,1.96416549334685,4.85185148935036,2.98528366308947,2.69963872548232,2.67006740166364,0.014845617722979,1.93025738254101,4.56961358835208,2.24060780633955,0.216154855850233,0.0151562740620701,4.21659692336254,3.87953440237966,2.43672490370267,3.56320494251052,2.75813121042435,3.65262577394387,1.71073576784211,2.95725690539184,4.39363912569195,4.19870691762248,4.22468388435299,1.52707714694471,3.06880206578642,5.03864077238566,3.69721545365737,3.81136889681528,4.98908400491409,4.90154558334644,0.000275785162796804,3.03489759970771,4.04262806823432,3.89462899713591,3.39500535086848,0.269827983457057,4.05815219006487,2.83504567458499,3.78157479428968,4.347607900124,1.89067056422767,4.39404520048273,4.21819912349594,1.52315295958042,0.0619744052384129,0.321590066671032,5.07665642609725,4.55229687824917,0.357865473763548,1.22938744844842,3.35118294495328,3.20494038192133,3.67799786533179,0.731569147779532,0.731569147779532,1.43530854827913,0.0414627821111239,2.75141821685106,0.398148468076949,2.32951445708461,5.9033812757594,0.0606110457446295,0.0309966160708286,7.15634620100642,4.91215194384802,4.72439425419803,1.58756290268453,0.0323839493149478,2.72379677576657,5.57479783311492,5.02186051415639,0.900022320741547,3.629586054549,2.80275317469237,2.48469996517441,-0.020714860308558,1.35568707181154,1.64840337954504,2.08851560504279,2.87186912188082,3.16224358464286,2.35045154357036,1.5500312959769,"AD",-2.299349817
"193",0.1822086093842,1.56565974351194,0.739273896246083,0.207138014546445,0.89874976658497,1.03282376198456,0.346949820493357,0.844367829420619,0.788752621152885,0.170773823119903,0.330453778851218,2.9336735399428,2.77468138622341,0.54300774448216,0.14077519271356,3.36505372009902,0.496467044817889,3.13491090927936,4.56696277168661,3.67126888390879,1.73782547203661,1.27411120732287,1.86299664838631,2.75241218690592,2.05493753550723,6.14857338020511,0.63732850112445,1.78084799475876,3.80349303709202,5.00011680439258,3.32546518027755,3.42353181583858,2.41799579733128,0.255670350363711,0.0730581036529188,5.05581741400504,2.80660914541528,3.9371828529477,0.227116481139932,6.14367931667484,1.4225708583299,1.52552484126067,1.9003687058919,2.13060803401941,5.86358027127573,0.330619507113643,-0.285137926002531,0.2634580561899,0.069074726399537,4.67552143565913,2.90961684752567,0.691690086309151,3.08627768077331,2.85813001400191,1.7059926376977,5.95521445344929,0.054085603191123,0.054085603191123,0.199848726090439,0.00636307819348836,0.379927374186154,0.896224289750902,1.67433709612318,5.14395610878788,0.678536375743327,0.415021387082574,5.77503314315394,4.60485910667096,3.14854273164296,2.31544435743075,0.254875866385285,3.15595625199537,4.46813802579183,2.84472476150663,2.31806736362153,4.2071920795952,6.16139940658997,0.864091498192645,-0.218446723263825,3.68303987932288,3.2750099478122,4.63789951957137,0.227745403328056,0.374795509978851,-0.00270605849996386,4.50018436223914,"AD",-3.264962206
"194",0.109004174038212,1.11794402406098,0.899476932322362,0.0962364692275152,3.460546012304,2.25519549725411,0.372290758931179,2.49225603725672,2.81182918447993,0.099985182419848,1.77259478938986,3.30727237216385,3.90579382379717,0.197048575061927,0.0850666771768579,4.89624655695795,-0.0886474270950701,2.63510203346249,2.72443970697461,2.21027961934473,2.16156105823605,-0.023609269260163,3.54923033445335,4.19662923554413,2.38001910029374,3.8200168853881,0.742465445327538,1.57404565690463,2.38528770714417,2.57257281425369,4.06670090083564,4.66820076624074,4.44548285200147,0.0779587903969914,-0.00124803833663356,5.75961096690318,2.19578315871302,2.95935974407422,1.43910948103477,4.87790468164745,2.45754465821464,2.01224555947324,3.13112505610691,1.86020107494488,5.47909157647718,0.986066228453728,1.99584349182418,0.101891749507961,0.325156719436552,6.47645123491684,4.50622482270562,1.53871643279583,2.76935695102168,2.52300282848993,2.57012377099916,4.2996989332573,0.0662101010997186,0.0662101010997186,1.51791364308964,3.07911883631217,0.464701230236361,0.94431634651527,1.15222568586595,6.79501153795152,0.35231520178489,2.43654077283465,2.54609088794507,4.80379560979127,4.4853718480976,6.628909562705,0.188681680176696,3.62648675828828,5.27323623636277,5.36881543972605,0.612850984396365,2.98209169390705,4.05643585991244,0.913407772778923,1.21089435822587,1.00200709568866,3.19904466313358,1.20862782098787,1.10221860309698,0.43376154676776,3.25303717393234,0.70709128997824,"AD",-3.99741708
"195",-0.0330634237557789,1.37869264326256,0.590243826619316,0.0035061353770216,2.00211759440306,3.25042348023253,1.88291307890058,2.2699738570536,3.37066528484532,-0.0179637213620701,3.43111810018193,4.28230729099942,2.39750864743081,-0.0432672063938651,-0.0256369184674275,3.98532927284705,0.173756213115129,2.44551691364984,3.28498583019138,2.88541494626815,2.76760393704555,1.60588462023294,2.33096723193393,3.11211728710697,2.82440299618763,6.59927424742274,1.61004214811137,3.2628356963564,3.13817523321755,4.76229963403401,3.70688649532499,3.72733859610605,3.33831099091282,-0.0454720876314101,1.29689202398502,3.70077720218449,3.46053622382625,4.10847136003393,0.249575734890314,5.53888178005838,1.94737362321205,0.874605892050813,3.58115652459251,1.5104673632599,4.50026410443,0.0159564404994189,0.876632807110797,0.00993323842005989,0.539840581998845,4.56532844849431,3.89805799242023,1.99503157404829,1.71638230376693,3.67169927403783,2.05972109998294,5.08307307773101,0.56129229941691,0.56129229941691,0.312398264678001,0.280829447346452,0.0922358262123459,1.24448325680288,1.80005424943671,4.4622243833917,0.549023671788262,2.26881346749089,0.280712828342031,4.77014171188019,-0.487938586121424,6.46929356833557,0.210686842012762,3.88630556062654,-0.642925268060676,1.52267513621633,2.26977035962237,3.06185169595506,4.74691706376382,2.30201021650813,1.71199496144288,0.706282906210201,-0.818149168214449,2.08021881846704,0.471970820348384,4.4191858216301,2.03173056017767,1.20935898899593,"NCI",0.677110233
"196",-0.025681335411617,2.44054686009151,0.391937103988007,-0.0308850319282753,0.290858999509254,1.75877981058476,0.417415514620712,1.32245979521411,0.364219162353216,-0.0346207155545607,0.826589716925015,2.26477985461052,3.7918291390068,-0.0330089896982442,-0.0335140897819493,2.74001188071136,-0.742965836455921,3.54449005924448,2.2277599251225,3.2922132171575,3.93239450873156,1.76503426147903,3.46333331663411,2.54167869913605,4.13532858842179,3.89230746600676,1.00427102168972,3.71657312004907,3.26063844758093,2.93487032845307,2.05108621146559,3.09464711941258,3.25836902442311,-0.0410312155853156,1.20375928803602,3.44701700533882,1.7277987509825,3.69337020651556,1.83420341647179,5.73224980576468,1.84460183050118,2.91681021290506,1.57588324498219,0.518979129238234,4.94167659163529,0.731314142179424,0.57271308770486,-0.0172810557049046,0.202459342364315,4.22591805317805,3.0084273016531,1.91419749430939,3.28197094393526,1.92278413230714,2.16878639064006,5.28050384457104,0.336219453276876,0.336219453276876,0.775027540911501,0.00907929369895089,2.44980739080738,-0.00968054528840356,1.19189813577078,6.14689535686237,0.484810870929466,2.36980609677644,2.37453936854647,5.03727691773107,4.64146483015543,6.2816818439115,1.59765115214161,2.97699207801688,5.34855884815372,6.02277023708617,2.23761633139573,3.16358102183441,4.88738983067465,1.27767195254021,0.290069668681307,1.37484297749955,3.07464537715468,2.25701443614385,1.29656508765881,4.08215454775114,-0.100452523770812,1.56850466565858,"MCI",-0.785266511
"197",0.0922678111211099,1.01164104974679,0.437549947359969,0.0588266748411901,0.583409194420386,0.470529304617838,-0.000967410319499984,1.18767258951373,0.92165330302193,0.0892049192103909,0.21206142030961,2.46823465835431,2.65192113990999,0.350669042260447,0.158346141208087,3.4896469984529,0.652525596562638,4.04058302768865,1.86874690450282,3.54682655983827,1.03566003717586,0.144939385686241,2.42645533605776,2.23587065337258,1.56283243645067,4.34653432086355,0.594032379213047,3.24047087827645,2.38327417133497,2.36283104576343,3.41080326615061,2.44741010367898,2.4382597425058,0.0365241669601672,2.3622530403764,4.78130065006328,1.00580741445779,3.22288647030446,0.174631463434316,4.7683864261714,2.67347000445187,0.899500746976988,2.9677268367656,0.827539776243672,6.08202800418299,0.156236053562518,0.581876547333159,0.159177752616069,0.52954972937517,6.66014281326106,2.82340871381102,0.155154667152541,4.45583828734505,1.76471595350593,2.62310656189111,4.16034037909414,0.0895138546094045,0.0895138546094045,1.54818444498898,0.201299926206804,0.722807637047584,0.0908216672798641,1.19321315479515,6.08243619635195,1.16450920354738,2.69404462570052,2.30644007081717,5.15418047933974,4.25309811896373,6.5679530138651,0.157434286408126,3.35049504750739,5.63197570451102,5.55024534758916,2.2433288748276,1.17033677423014,3.63248577885453,1.39082485490666,-0.0144093146664662,0.910631959896031,2.79238148006712,2.94552265011909,-0.382814352125649,4.39352223777637,2.18152954296585,1.01374715681126,"MCI",-0.507183199
"198",0.109004174038212,0.37439389552319,0.0570577261010421,0.0962364692275152,0.432604167441117,1.29493798661712,0.00288530681356847,2.61473850288254,1.11522580553141,0.099985182419848,-0.201443097814681,1.61817412420888,3.25175544062213,0.258113063502536,0.0850666771768579,3.51754795482273,3.14513087271971,2.76874975431086,1.8188331906886,1.84816493692012,0.5797712418966,1.48643818991286,3.50902679457994,2.16393391998027,0.5898168225252,4.60020663674502,0.329376377557797,3.89553125884808,2.12354245946876,1.70472484310203,1.76704323177915,2.64859583185544,2.76392905174614,0.0779587903969914,1.7233670385389,4.15332360510977,0.484616301196269,4.03129969534101,2.05460400693523,4.86267466687562,1.08804921001364,1.08603025062375,1.0082400498784,0.446171969184348,4.55964767475042,0.0656054568036426,0.38831091775396,0.101891749507961,0.463937230528447,4.37874227633746,4.38471807211631,1.69249644082303,2.67431499102855,1.06892797818193,2.45869536392255,4.33268106326262,1.27426093411117,1.27426093411117,0.446535909374826,3.58816992737316,1.18215349402062,0.632502225622649,0.770182726012372,6.38311643009139,0.780978279535432,2.49433107454704,5.95392527226557,4.94817141853721,4.25852862211425,6.25039039114851,0.250984825007845,3.57262090727097,5.10595000952707,5.46205645904813,1.04185899081267,1.78930255017416,3.60713709918402,1.20180329363613,0.0364254568867398,1.59583765468861,3.27079649161974,1.86002531894178,0.408945318089136,1.00438604551471,0.085848173951514,0.70709128997824,"AD",-3.623853375
"199",-0.0372752587046257,1.93842261855535,0.497538734098807,0.0013612271144835,0.907502015513937,2.91082884192779,0.145838218847743,1.14834471531247,0.589830105272986,-0.0386788269525492,0.1446092097859,3.12955907302058,2.57380795656634,0.0151470080892764,-0.0297870867037574,2.78834787979709,0.0595775946565587,3.52173352555995,3.62908853907846,3.57683000944326,4.7312733915715,1.45925626090029,2.69812146364734,2.8156060637499,4.46204437252528,4.03112148436994,0.929216380533814,3.26515305824087,4.34048195118338,3.66907347116654,3.48854831410712,3.1709641732838,3.54172313759015,-0.0399187764594087,0.0835635211856414,4.39053159602701,2.29224215655664,0.975798772701265,1.95487710638348,3.14889883502434,3.29336501923204,1.95158588266755,2.45429357962515,0.218348071418438,5.48207135751695,0.494741876107408,2.27822801563984,0.0157159903133119,0.311685635903183,4.68852814515022,2.80082573482927,1.33167452181457,1.82003784251034,1.52182109024097,0.247725083960201,3.15975192811132,1.2025671380802,1.2025671380802,0.280120084604638,0.150286749948065,1.84754704695972,0.814881456953687,2.06458679402895,4.42063359092341,0.508500175900402,2.77869469786818,0.35709018539121,5.24425115498451,4.47675884748403,6.67642022689392,0.154623081299543,3.17644695377638,5.28170605131815,5.09985331805854,2.19235977137642,3.74615224676018,0.515417792889714,1.74745048262879,-0.0555547120283072,3.52023880155751,2.54766958703254,2.38444341421531,0.449187060578447,4.09578916631349,0.0576378535788191,2.16844104442689,"MCI",0.197051765
"200",0.0280238313733804,1.31246554805875,0.428334121351094,0.00768024842755477,0.327135001574956,1.68131073966401,-0.0394966630842238,1.31642672858199,1.44375679247687,0.0400193959502059,-0.140242942390155,2.0038089286686,2.84897092605063,0.0533335370059393,0.023370671521591,3.93586964668453,3.25116854481153,1.72611574671659,2.09516990283179,3.13834569617076,2.31117231917786,1.96711734388687,2.80738020701151,2.60886989925705,2.37398014992733,4.3266503770373,0.680201410438015,2.54308259505918,2.66137161601114,2.96419190706839,1.62198652169826,3.11279444696947,3.24845069861164,0.00599214872033194,2.36725821967707,4.58695817230669,1.58699463283845,0.398122379531141,0.410545433437969,5.21019734594165,1.93237513069318,0.765598279836191,2.2752762405174,2.58299627656899,5.8958532425379,0.156236053562518,0.267750716837053,0.0037999099350674,0.605157737164561,4.57097515639277,4.76048059312503,1.89667265485927,4.04071549459869,2.18770784537809,2.93340301204738,4.87263525765148,0.0895138546094045,0.0895138546094045,1.97674215297299,2.35409836307521,1.74019910591054,2.52082445968293,0.89755352181132,7.64433353429164,0.923342568868999,2.14686032369944,6.64488807104426,4.96035659239734,4.50844996445508,5.94420625190205,0.0374923985965163,0.574060216332135,5.17951435403999,5.57122745868452,2.23167655599257,3.07335746447963,4.15007468158059,0.958263331591384,1.66771609244026,1.80678082404132,1.48148724396444,1.83113442325018,0.977922112135482,4.37320665968585,-0.0908623188633264,1.01374715681126,"MCI",-0.408646927
"201",0.040392242471326,2.81004173997726,0.518163160769443,-0.0199703324529626,0.858441004496824,3.40357824694736,2.12587367403631,1.13522834497617,1.42651495954039,-0.0386788269525492,0.364677945595082,3.11493864273576,4.19741858933581,0.00539307687481561,-0.0297870867037574,3.85499435352151,0.0797829116283886,3.89896453570362,3.32666101467882,3.93687523646605,2.4116845801193,1.67097465848535,3.79796814433104,3.64492497446964,2.51732821478212,6.0460436669785,3.25254632022092,2.14387586015763,3.60061201742516,3.39228611738511,2.60723847588755,4.19386613257598,4.07635032055758,-0.0399187764594087,1.77168691962698,4.44493972280209,2.29635854840215,4.45833761370576,0.452213504949692,5.58449375063456,2.76469492780924,3.17588258460683,3.0525389609603,2.47623618409026,5.1047590588482,2.36804557467265,2.17675274105418,-0.0317680891043611,0.678190984580301,4.78748412073322,3.02338946647072,2.536313970847,1.41619563851293,2.90497758742254,0.226184546288949,5.09023864107199,1.87315709075244,1.87315709075244,2.38986953375765,0.221841124411959,1.34264135843922,0.0312170662002285,2.6907809575287,6.94923275741848,0.978813634791906,2.22843148853923,6.10552876133108,5.28086539205104,3.5782330329927,6.0649727212344,0.474559069745313,3.91261787151963,4.17877682385909,3.37088344235637,0.679737623146929,3.68958011229301,4.32414200040071,2.57557568337818,-0.0555547120283072,1.82801280308848,-0.622694855148742,3.45772728774134,0.449187060578447,0.372265913078275,0.0576378535788191,0.829512586831658,"MCI",0.059113347
"202",0.1822086093842,2.30598911258609,1.51932446550999,0.164974603093072,1.74238779400325,2.77064606621909,0.222676513810395,2.4286781390284,1.46744974360632,0.170773823119903,1.21995537843287,2.67667479614571,3.42352754589834,0.339799174822963,0.144023217754929,4.25786541632548,-0.0182183073252868,2.9763776957558,2.98497408310973,3.71255335848168,3.01542700034392,1.91046026005502,3.22691062227869,3.64118117123729,3.4139490301739,5.77888490181951,0.678559199553015,3.8882918650234,4.10466676236603,2.74845093703895,2.59091639942676,4.14216042218451,4.12557879038624,0.1327433349301,0.095569845866577,5.39018933990399,1.94334961486659,4.29348423412242,1.48825537854911,5.68909404624267,3.77103222372821,0.964110094333021,3.46285333095345,1.59009389922352,4.55234942846016,0.279141206474231,1.66635454444907,0.159156707886327,0.515331180261076,4.92839502951204,4.15522460208656,2.6764246484053,1.70255890577076,1.60593695643363,2.79507362559874,5.2433145830516,1.26388272855403,1.26388272855403,0.199848726090439,2.32837774793566,0.465482337672133,0.0545244280718868,1.20858397698931,6.61540177462555,0.832715210145382,2.51202456141549,5.85957468807251,4.37523513960085,3.92221812387922,6.22180343521889,0.160832796429493,2.67075746237214,4.65972525705528,3.61144661852587,0.518203308654748,2.97185959582343,4.72531366830634,1.84123256217746,1.08327661941261,0.460835703479596,3.21471460768157,2.09832198574173,0.227745403328056,4.54506349416909,-0.00270605849996386,2.13198356559452,"AD",-2.555079442
"203",-0.0740210831201226,0.952659620477969,0.207701909840311,-0.1058150552033,0.737326660107349,1.49162268022652,0.180548431544877,1.32919383929113,1.30031943094492,-0.123705211853777,0.144302077304557,1.99592338857006,2.34322259051676,-0.19550458752512,-0.108173791488038,4.06538468759151,0.0328983366052993,3.17045957028939,2.00114925172129,2.85931761891153,1.96587918517288,1.59861178878232,2.48607375965026,3.04172402194596,1.68366179261554,3.67593341602019,0.264951110748173,3.46724923354642,2.37967897643447,3.00852753620679,1.79983352978059,3.20099542951924,3.25780750521195,0.0190799510007595,1.56344224825627,5.00701943405731,1.64273865442009,3.58537908448867,2.14846585842257,5.65493638735924,3.18862937311845,0.82246700600606,2.63612839748739,1.93406010190318,5.70572576486842,0.262160307302487,1.1992469390149,-0.116471362752311,1.07723936499263,4.85716917552951,4.0467399147007,2.02504587500552,3.71130510658954,1.5160276180528,2.04635578045527,5.27312720185195,2.36843901098819,2.36843901098819,2.31208714753906,0.209699172180488,2.39383176090028,0.208081164174019,2.33408226982524,7.91522950682358,0.947290162121219,1.74306160290897,6.37045998802371,5.40817418683717,4.45242232845168,5.79363144073791,-0.003603460756754,3.65269342425615,5.36623364011213,5.78821516173214,0.364436522021716,2.32709381283672,3.97439699966533,1.47923769773302,1.93693717949552,2.00209263013058,2.31949403669376,2.34059870268357,0.823943338928616,2.9899469196544,0.133071058083206,0.94594209902643,"NCI",0.211961793
"204",0.201896542582525,1.3794729460068,0.517600559603215,0.164974603093072,2.07746875913874,2.19255633885309,0.36560327124946,1.35752631869438,0.800968283643337,0.170773823119903,0.180088764537146,2.72509695454111,4.30218402444199,0.336562775048794,0.14077519271356,3.56901495218592,0.156390575832607,3.30751613297854,2.26099847224818,3.74091516027547,2.39619620157733,0.0536214078698791,3.73976643577277,3.67007024164173,2.63593751714575,3.70140199669403,1.3662394896439,2.49798629483184,2.33341593194123,4.31272307121527,2.51807444779953,4.10952631103167,3.95067684012735,0.1327433349301,1.50030736864861,5.04131069330884,1.90143711602257,4.26578982902773,0.307376773696537,6.53906748818447,2.95233265982164,1.1702901046528,3.5510767121096,1.42065221650618,4.57028814240975,0.331840437006069,1.95213486675731,0.159156707886327,0.434996754415178,4.82034649986677,4.07296537153433,1.97071196284113,2.82443243288415,2.1285555417122,3.14998379596703,6.19633727752347,0.992709910755895,0.992709910755895,1.43045169121731,0.0517847287741399,1.64135293595187,0.100527310828931,1.63253523111727,6.10193980499066,0.742922722884237,2.11776670849727,5.67930912572403,4.60789970140114,4.47021555658999,6.15642771353118,1.66394757158,3.83640820093701,5.43933911278276,5.42318894426912,2.14763718422479,3.1091760502894,5.62113684918702,1.62557342250994,0.953336639875583,0.885453782020944,2.79876152903603,2.44748550184427,0.227745403328056,4.12260319429016,0.0512928590340764,2.44317537431669,"AD",-3.482021238
"205",0.176003513133547,1.63769091389627,1.05696246346726,0.162369320741543,1.42981789737454,1.7407006281039,0.124390239871604,1.40044714204609,0.657226545124965,0.158552081562066,1.44648504210881,2.33639869368706,2.85078531605223,0.275163711713313,0.13455139789185,3.51434002573897,4.58857619073206,4.09707013524225,2.09137487706753,4.295891825071,2.0129318570866,1.6584523647637,2.57901773695659,2.80900045627834,1.75082780464652,5.80976768529991,0.181435142404103,4.86465094334077,2.57075290144304,2.00917866660889,1.87327489089147,3.49271365339075,3.39107971078596,0.112211599350085,2.92318414973316,3.52778758339325,0.921422057140237,3.32556086079514,0.492722484112062,5.24055736569259,2.86035021637062,3.14889412312899,3.58023102827814,2.19644914526539,4.33946527846036,2.42156557043538,0.135005737508598,0.148258497821216,0.319776324559566,4.56320700907633,3.78212499893967,0.512880747409477,2.71911530595772,1.39589322682231,1.16744169223472,4.93366974947366,1.53703712196151,1.53703712196151,1.67102344010857,0.120864604960632,2.32510859792221,0.0955038611104497,2.86745319854159,6.78574512463759,0.630967028692895,0.108481655993099,6.70998894774816,5.08798602472415,4.00163441040157,2.42670433620978,0.206756102659983,4.52298018527781,4.63890791717972,4.00041384014547,1.18428874363732,2.57596551912844,4.26363494098105,1.9502258750435,0.783415292180995,0.603079468070948,2.07469503666097,2.3416988173397,0.42423393105824,3.85784679539885,-0.0102447246674167,0.0609468482572579,"NCI",0.078893273
"206",-0.0490994235414306,1.9295166594783,0.210511895059918,-0.0462178153210226,1.69027001304972,2.08655090198048,0.86538409222932,3.01008404058216,0.779248172275874,-0.0336564544994639,2.26632676107493,2.66686112426345,3.53800427820555,-0.0574059243104201,-0.034359764888804,2.82688221453701,0.0340309732933177,1.52343468932729,1.97823159856529,3.92311218630204,2.50720941898159,1.53939159759365,2.80126630958042,2.85559638993972,2.66407017597823,4.2521059217254,0.556549593527325,3.52996649903892,2.59621022530771,3.47228316438698,2.98899623819152,3.06836908927528,3.11386878871877,-0.0359860259618263,1.63910838804131,4.83243073626419,2.05698267089028,3.43996347284571,2.02380617256151,6.07321140973839,3.14663077301977,1.08342029458402,1.54272065780238,0.361516636729242,4.85882101211806,0.187273553567702,1.12285349427886,-0.0361625672150933,0.561343530483194,5.08276160325339,2.98247015735715,2.60578350416472,1.84456241921939,1.41931596030534,2.97368191522424,5.81144889703365,1.69937408223156,1.69937408223156,0.197508359351341,0.0862326522557383,2.75145554812348,0.0427242430986782,0.394857065411684,6.69968269310355,0.528834809601306,2.27839936922986,5.98692210596052,5.35719419731969,4.56309768611841,6.04528968437018,0.388461832920723,3.06543811759638,5.36541497936685,5.4270259548179,0.795454717185528,2.31909817817216,5.63300161304406,1.18054238824926,1.48894815227909,0.831463196563306,2.43798208953543,2.32682187505,0.322031251268873,3.38775182588355,0.110137189887887,2.84833148826381,"AD",-0.265916522
"207",-0.0419733203015775,0.741744363763314,1.68189242271855,-0.0361446342687333,0.621607107301987,1.74698579721205,0.189379648213521,2.96357225102677,1.0790099199775,-0.0399223184962729,0.123248999952905,1.77121369674313,3.4979230344118,-0.0461286638325467,-0.034359764888804,3.37559913129053,0.114607726279033,3.52316145140067,2.24615234296443,2.64886834816839,1.74898365871489,0.518941545753293,3.8441567277327,2.72108803831351,2.33463757161067,4.21414179872855,0.266613648854678,3.54669371959045,2.61020650895214,2.96724458473428,2.39560301277825,3.16346650251865,3.03047250934349,-0.0359860259618263,-0.171774395096496,3.20488262644137,0.819858694190346,4.16472286258857,2.13149478984066,6.02542581346391,2.76679132363652,1.35996347737067,2.53239842151105,2.33102165072827,4.30030004629002,0.370977066378906,2.42119642214285,-0.0361625672150933,0.582692134449469,4.32895135849668,4.41879111572927,0.248902008544752,2.21755105814929,1.36767981706083,2.12750789214185,5.54539229630013,2.00486190767058,2.00486190767058,1.94728350955691,0.241756699533268,2.61594332546892,0.159382722826074,1.18177754349847,5.88316974730839,1.33854657969135,2.80144801154618,1.67425752936932,5.16511118428684,4.42050078983787,6.66378384074435,1.97986049281381,3.60691518624746,5.35634928782828,5.46635375703407,0.815391839550983,2.16911125503688,5.31033377314997,1.629883794979,-0.0511718859849966,2.16024508440041,2.52107307107762,3.62847039235919,0.322031251268873,3.33560525652799,0.110137189887887,-1.18055784502046,"AD",-0.81497034
"208",-0.0410865366644441,1.25425679604277,2.09206469322382,-0.0443781121331133,3.28539678571001,3.89080817801553,1.43160817385696,1.19005842394646,4.0464546881169,-0.0390245305635232,1.52774734149043,3.4997705379357,2.04003657197654,-0.0784291432093116,-0.034359764888804,5.06085412762987,2.69578332408259,2.19998716452929,3.42217877634675,2.71329347263691,3.81981477275978,2.1549854197016,1.45237769412504,4.01041949913981,4.21655946768085,4.24582750048282,2.02975775252247,1.81559921833872,4.03976437390573,3.72574723429142,3.41298352157929,4.36251937238642,3.96014962418087,-0.0359860259618263,0.238821625189139,4.11396548659212,2.71734785976521,4.27242842233098,1.59843019316245,4.91709525473155,3.45249257972987,1.15973679177702,3.97684248576306,2.05220447461408,5.72575019498042,-0.0853240045671387,1.943504684463,-0.0361625672150933,8.22069132920916,4.95920937881742,2.90208184250501,2.25726667529587,2.62821461377072,2.86493007974167,3.05905118177526,4.4381413663506,1.69770461722002,1.69770461722002,0.985009880491257,2.55975856217036,2.06287311385478,0.0463973897502818,1.65791425804239,8.15829240135623,0.356530140821816,1.96679464218486,5.70204567013645,4.72008034597965,4.44976558673597,5.80099556555833,1.97723006269058,0.383844862962938,5.50024117854408,4.79304903988971,0.815391839550983,3.33594942936262,4.02241413089838,2.10664613445691,1.74012321157841,1.24034529900669,2.8348581341689,1.65350050456975,0.322031251268873,3.9724869578932,2.7060110908106,1.2368407030589,"AD",-2.462388693
"209",-0.00918827988846582,1.90140597687694,0.796666989280509,-0.0353848818781799,0.590838378840808,3.90095739705689,2.81222870692983,2.37235336084791,1.90516464045101,-0.0386788269525492,2.52663008585813,3.76909150203894,3.20996776902611,-0.0725284538771369,-0.0131903108582552,4.3060672026114,0.336280021531174,3.42141503025685,3.21594542334133,2.64113870174917,3.86898614555921,1.69670497779088,2.03577864287803,4.3145511092164,3.96138607396144,6.04704594709507,2.24117926025322,3.55906902129944,3.2525472527351,4.13518636522091,3.47231551962759,4.51842973078,4.34919965239846,-0.0399187764594087,1.75403593650011,4.07609471136002,3.30006876077966,4.11210975991782,0.515179960449238,5.78176171734902,1.98907900464106,1.59654377403794,4.18364787094371,0.287881116194652,4.69280200503456,-0.0222405789588667,0.0169880941975269,-0.0317680891043611,0.424048697581045,7.17013880747716,2.80310541656683,1.68188212489709,2.45912663684406,2.58611126689904,0.390287136358435,5.45610753354753,0.270366329239996,0.270366329239996,0.280120084604638,2.29976555268189,0.101700275495089,0.0312170662002285,2.14739708912513,4.99736606944804,0.140745472978495,0.188998866084666,6.88232200246126,5.12261477418192,3.74676629593578,1.60418829708693,0.227654532244726,3.80523555465975,4.57720878804542,3.53284906976109,0.789457659230995,3.56326242712968,5.25089270264778,2.70287526072192,-0.0555547120283072,0.947026712045456,2.25149621927664,2.25989957799905,0.449187060578447,3.77924663860464,0.0722005680869868,2.30151912468779,"MCI",0.441614458
"210",0.0973935888293888,2.70162743167285,0.281621508080591,0.010368348932865,1.33642681253577,3.13551247667163,0.847278314151017,0.905068583966848,2.2052209280132,0.014845617722979,1.67094340588673,3.21359228604675,2.15568188164417,0.0166520503716121,0.00526192608262122,4.10904394612545,0.363707680649144,3.94539867503063,3.05898917672772,2.9406880956334,3.26975413615917,0.164707838563624,1.88943777701908,4.52425716653481,4.02730263573096,4.64277020545747,0.999499531100989,2.10439426435435,3.39914577528014,3.92299212687231,3.0258412399774,4.88801082722193,4.54888054024547,0.000275785162796804,1.91012994617455,5.07407989834078,2.61102872867567,3.29237124863149,0.503212568255547,6.83350686414687,3.09455304163984,2.29771038399512,2.7343839539845,0.542666525282001,5.48503196950243,0.267298022823346,1.17427386320822,0.00493373194682689,0.866827173679716,5.32305958532715,3.21861528862785,2.022972764556,3.43528864777315,2.69280425413539,2.86435814970863,6.24771751733521,1.62813401465746,1.62813401465746,2.51232265770335,0.170716351360325,3.17397995286534,0.0360374303149619,1.922835009831,7.75846711727547,0.528890603288607,1.97836420966833,6.24064472312297,5.18296141055808,4.99519860759481,5.90534301374665,1.04325548306551,2.54009852424959,5.68680791855569,5.37096467195663,1.75393198693652,3.01645779653657,5.76204059159538,2.04724923440691,-0.020714860308558,1.36091120688042,1.52124805532804,2.57153133104222,1.41839275154093,4.01752602751902,2.40157857170765,1.5500312959769,"AD",-2.533709994
"211",-0.0354937417314983,0.814345909374644,0.716879080539266,-0.0418078256851504,0.348533477725875,1.16183994638854,0.0583255618867352,2.18809524650634,0.675458696248383,-0.033273286525792,0.132774319956109,1.34840616652848,4.36535371074069,-0.0725284538771369,-0.0297870867037574,2.98622624956106,3.98038299861699,2.98967845265484,1.99397852328618,2.32479642525279,0.550374378653503,1.67792520540593,3.8959057894009,2.01316627235885,1.10996576400106,5.97997677255905,0.112493820659263,3.42662776112776,1.87281054668771,1.91770594178832,2.72717282033056,2.42937306054974,2.4025240680101,-0.0399187764594087,2.05540761145089,3.55826724539173,0.61620655072856,0.950076519575736,0.19040041534359,5.0386403785598,2.65797949082439,0.995842726117051,1.46079192922403,1.53373871834705,3.97333366162989,-0.0805503996565171,1.02323051776819,-0.0317680891043611,0.227974998495755,4.58091694152757,2.83062501361517,2.33896095699192,2.09172803043867,1.05236758996205,2.54376543657096,4.45165035269011,1.28553106257021,1.28553106257021,0.280120084604638,0.0867555645415348,0.807703705114738,0.0387024130501307,0.638387535604262,5.97803586800062,0.842485519153824,0.0283280281733551,6.73038964791981,5.01689451309725,3.83120418497913,1.22984275175804,0.321466980439453,3.72431706223427,4.40891290570105,2.99772055361263,0.860943634485153,0.954346051851011,3.74020374664951,1.25787392984472,1.81520370176622,0.90460372259618,2.32333133952436,3.37054497267193,0.449187060578447,0.371263009592808,0.109036081727202,2.80148221206589,"MCI",-0.571661374
"212",-0.0914291628223406,2.08387829682026,1.19339635293757,-0.112731739711262,2.496056877776,0.660831294921492,0.0277932972422708,2.29773588829928,1.26570432901845,-0.117151311019169,0.343332724081556,3.03239261761665,1.84800427286153,-0.144192403546719,-0.0955339274883289,3.10721361961807,3.7866254440245,3.78016509254257,2.29771872650017,4.03033765530229,1.77352050409507,0.0847870802915137,1.28292963869186,2.78950149804711,2.02610447430214,3.95914066711514,1.1662089601931,2.80809908277572,3.66855704811908,2.86257771256549,3.28867627868508,3.3201647875285,3.17589415205023,-0.0988353430950836,2.69921113571473,4.90123690831158,1.58397777080796,3.83727780268887,1.14146921293864,6.2402336006386,2.20724215179284,1.10725001216251,2.97838828813928,0.350612763637877,5.57443069468715,-0.00322910381752584,1.29155221499839,-0.123685071760345,0.466925807879455,5.97961058669023,4.33308974170864,1.67686573806282,3.72564265818705,1.620443189691,2.61216704130582,5.56284772711578,3.02909683029689,3.02909683029689,1.64554779086118,-0.00530025089948483,1.64611914296474,-0.148141042319624,2.53810446616256,6.8690450605314,1.30144618782097,2.11105402183463,6.12536742330106,5.5302879741489,4.39672262770781,6.30305324658607,0.0889134435322049,3.46897478350579,5.44829030661089,5.70528892638605,0.486738329913013,2.69569334905499,5.43653110529737,1.49423085202289,0.020232089335759,1.16322942312303,2.97636984617229,3.87705187413578,1.13618895831578,2.63903455573797,3.0849151200583,0.149953260232887,"NCI",-0.013444144
"213",0.109004174038212,0.263482880736726,1.16092560755731,0.0962364692275152,0.403332423307358,1.21627636296916,0.0449048864382751,1.4251174670168,1.62445953761468,0.099985182419848,-0.109523834335828,1.57431971172858,4.6862900028566,0.197048575061927,0.0850666771768579,3.46212677097284,-0.156004568308258,2.93012854437357,1.57179908006119,2.2623991249685,0.400597400215025,0.019022814502775,3.7356635319797,2.19591412791235,0.516265600774282,5.73654065314475,0.181448575628238,3.2993861453415,1.70012222597552,1.97206022126039,2.03281789471735,2.60779910721592,2.40670459971267,0.0779587903969914,-0.039458286696608,3.16605340321723,0.226408583050589,-1.19526780797105,1.87679359726215,4.09481701265028,2.47353529699542,2.48458955681704,2.43209329624326,0.179127740672369,3.96296243464609,1.60275888473963,2.09834611138298,0.101891749507961,-0.407275548336784,3.98388956039685,2.81872467396841,2.11689963315552,1.3191369757874,1.27833940948993,2.29079176120296,3.75270499447938,1.32485690675341,1.32485690675341,0.942412778092044,2.81669098626893,1.73181738920021,0.349003090487395,0.681372478312483,6.31222415902786,0.540444864997932,2.60416208586323,1.09169096930357,4.67340943195613,3.95970092797284,6.51173054802541,0.343645020932761,4.09351970375574,4.4964232974574,2.94065765088174,1.90065643891635,0.92043082748436,2.93127193368545,1.71601876938887,0.0364254568867398,0.261587709018976,2.7537699296387,2.9723009643857,0.159702361319696,2.77818799916847,2.49124238134361,2.35029379849248,"AD",-3.321711125
"214",-0.0348502799441609,2.32601151870747,1.00308438134851,0.00702053330469288,1.78174769469098,3.73234582467557,1.79112104733835,3.00550100914647,1.56897540970859,-0.0260118807689943,2.3126669874448,2.96657830332944,4.56642853106079,-0.0367048129810224,-0.0256369184674275,3.90507768472269,4.38542351595043,3.69332731931786,3.29769128029563,3.68899252820002,3.71994959200199,1.40375562675434,3.38445269226118,3.70759543423559,3.40575909149367,4.13501283946488,0.841100874006416,4.39475611226757,3.21951910316879,3.63689046319248,2.34923971935076,4.06636498426268,4.00268443128,-0.0454720876314101,2.44710718561225,2.88419286057689,2.40891131177032,0.868936881542598,0.357174104553534,6.16371049778515,3.48603102501679,3.0049020737052,4.22349618002383,0.592526794035022,4.88627745783855,2.35332263208682,2.45396384387455,0.00349250151345626,0.380676643041268,4.35714359686612,4.14437332887143,1.56195888724084,3.74173997763004,2.72076358594746,2.71377876026579,5.8589474911785,0.978369046153139,0.978369046153139,1.70185611533557,0.0898534936792377,1.67651358362925,0.0282087104349342,3.08148255077372,6.51117305082457,0.511982079654475,3.22465422604468,1.00594392195873,5.33952367826278,4.20710631358128,6.78590931531743,0.257862358357097,3.94703988558176,5.18769296195417,5.78569603462088,1.1485794428047,3.66605983481698,4.52301983171736,2.51816942263395,-0.0538671228877533,2.4770655057352,1.92518679248447,2.11163567770887,0.471970820348384,2.65318025109757,4.112795836494,2.78569929101686,"NCI",0.162549311
"215",-0.120580952144996,2.18852566895748,0.36590564408226,-0.13025702699126,1.09338687572084,3.08824458770542,0.893684043296639,1.09242949433124,3.23876684313038,-0.126363026395354,1.65304569082572,3.08329869997307,1.57365664749184,-0.185017983166841,-0.0987287720359169,4.80052192029488,3.44019196715382,2.21934773397958,3.02529620847936,2.40259297106663,2.32327971914298,2.10871636128252,3.0089263373035,4.24732202713194,2.44919547232389,6.02739073407334,1.61543652072181,1.93080398155456,2.92874416622004,3.7268535144194,2.87827204509266,4.65446294407035,4.44424642270586,-0.0911014723481354,1.63777418337257,5.55256134070011,2.86332390877412,3.87934453915418,0.222868384614123,4.43211111838312,2.75969192000653,1.52833401957178,2.29069114341627,2.10237782792779,6.4127537828716,0.0126876740720721,1.26415872518038,-0.120290071338173,0.709192393249682,5.67319884954997,4.72736612271118,1.28947231230949,4.89609039218689,3.61142494620377,2.23326137833133,4.0259535554769,1.91740444763125,1.91740444763125,2.38278609459404,2.35060678738813,0.857182718351044,0.0180612651599126,1.76931463109025,1.95696996543471,1.98607851614588,2.30578113937387,6.25429200195306,5.69287630636705,4.09133465328031,6.39841127553099,0.146030671147395,2.94982367039329,4.68372718806378,3.80350619647726,1.79914106702874,3.73954575292571,3.30004450145991,1.59528593817079,1.56716691505959,1.97507149420422,2.07516558142467,1.87045612920184,2.22300097147473,4.28791371137465,-0.0202098216700136,0.111005529564437,"AD",-1.057017398
"216",-0.128496274614455,0.899759744648648,0.886317874369067,-0.128310661493685,0.524452349819453,1.07635223638779,0.0277932972422708,2.45136812480907,1.01530360464697,-0.1078360309791,0.456007254157293,2.42527377392074,4.68205719405448,-0.142408250797563,-0.0955339274883289,3.33535615175112,3.27219084566583,3.14311137524658,1.90146507597247,2.18582929193169,0.637832259789858,1.73522480008234,4.54826550835387,2.55293328550238,0.789647751618174,5.90797905249762,0.659409487107569,2.16486427576552,2.57741836471816,2.12327001893883,2.64862733490532,2.90831794124857,2.82825765919461,-0.0988353430950836,1.65397715665463,3.599341225302,0.937245625661799,3.62593061735606,0.0450834691572032,5.0435015322029,2.26384018738089,1.18156929931072,2.08561087659333,0.190901725740927,4.12363806887792,-0.0434774050337835,1.13690908237916,-0.123685071760345,0.387402565064789,4.27444657162377,2.5363853136566,2.57014524066501,2.59005224377523,0.76203135438269,2.99949966759738,4.6376264900438,0.369211273604044,0.369211273604044,0.158304108422398,-0.00530025089948483,0.393635006128037,0.730281327338899,0.779510927448883,6.33184146924056,0.770545960000646,2.78505418799414,-0.0926579180259868,4.96150331269177,3.86096314866278,6.96511868447393,2.59266667742367,3.81821802084491,4.52761234847898,2.77541710280816,2.71577424597629,0.455592002272241,3.88279156924083,0.994665914830867,0.020232089335759,0.269948353980055,2.98390736310903,2.82026261795454,0.216119760495763,2.52710873029283,2.45950895283868,2.92571805754902,"NCI",0.040352524
"217",0.0436705240609532,1.47177950145974,1.00688638084696,0.165956119528011,1.51129698910326,1.31831155792587,-0.0389388299788699,1.26054256176068,1.16434307395647,0.0484383989295896,-0.101349496867035,2.13718181785834,3.25160792413037,0.0166520503716121,0.124148493099673,2.93332967067355,4.34406381068078,3.8518929468888,1.96488041388336,2.20787181658572,1.45457888873115,0.0928303626586244,2.88576345783039,2.94350421596778,1.86199528410546,6.23656630682859,0.506577360997874,2.51894409929565,2.53746140981636,2.81583238422821,2.1913526205911,3.44034745736266,3.20517349796685,0.000275785162796804,2.27231709872789,4.27376875653469,0.923116652438555,3.63444017997916,0.582269106828141,5.36091729588695,2.60522627858489,1.66571380896927,2.71346393238946,1.62458057038526,4.70642268497172,0.20080360688541,0.259951605947137,0.118686031728231,0.38015723283882,4.05977025506951,2.94457151381007,1.99196964659995,3.127476214172,1.50902941965719,2.74942660003806,4.87800514898221,1.53121262583119,1.53121262583119,1.2617955014965,1.9966648361105,1.22772460673624,3.03066037154715,1.23889155005336,6.39805910848824,0.156304585630045,2.26595304281826,6.16426240671192,4.76949363671963,4.20198545251961,5.82576732932136,0.117302363474735,2.58463267777762,4.41939932531697,2.91861440177797,1.85981246696385,1.8883732695536,4.99608698035185,1.74052452136241,-0.020714860308558,-0.0565229333422639,2.25930542524166,3.44209069343581,-0.359103320245932,3.01843482253051,-0.162858164507083,1.5500312959769,"AD",-1.335672317
"218",0.109004174038212,1.50797363192967,0.872682225309173,0.0962364692275152,0.706643787921824,2.2415191132958,0.293075231467023,2.82544811262702,1.5874261013653,0.099985182419848,0.0280401175704206,2.32333930182686,3.38676689704902,0.197048575061927,0.0850666771768579,3.34550352435237,0.0295574415970861,2.84068356903497,2.00323267833755,2.54878641212387,1.05356693706036,0.0152221416400696,3.706723009572,2.78245143278571,1.45927896777759,5.87568979424832,1.16228953536963,3.21626433339061,2.68615749698272,2.76335449658712,2.48706592891592,3.0584556365977,2.99201870061972,0.0779587903969914,2.2612099116648,4.85992487297166,1.6492816465394,3.74270445289074,0.439420539701034,5.25276485955996,3.11731062128324,1.44614146950809,2.00086069826627,0.338683742418256,4.78516979463156,0.0832597645550753,2.03068917947053,0.101891749507961,0.363084309410166,5.015895202721,2.59520301530645,1.46267440068574,2.46647982874688,1.2373192456699,2.20742057468683,4.24368074360475,1.09594346093404,1.09594346093404,-0.0260434241483634,0.141048957342314,1.67586726660143,0.0955667792834509,0.695691758209188,6.27472704900307,0.168835592522423,2.70811647339165,0.571630789043095,4.48295201269983,3.43655092941954,6.64483293028988,2.1360763109552,3.88949641016778,4.19382544121513,3.49066895348095,2.4476212894927,2.82323260659267,3.0612165567734,0.910179700575091,0.0364254568867398,1.19686448866602,0.548922935213479,2.05861060037919,0.159702361319696,0.434740209604659,0.085848173951514,0.70709128997824,"AD",-0.285872265
"219",0.105243880779742,1.85930235584462,0.273765580059759,0.0910100656650217,0.511544672608906,2.18269907890751,-0.00398474337961008,1.1150462218553,1.37420185876547,0.118964207234859,1.13514113222369,2.02895594104409,1.96141057642279,0.188703896915839,0.0823870215553205,4.56663442207851,3.14120652798574,3.48142248121744,2.9062242392743,2.43303948068784,2.70108172716456,0.0510357322178504,2.47694647224643,3.1756762716239,3.0160166794405,6.37202118163776,0.283399881782036,3.18053816144351,3.29087047630979,3.14612625142934,1.72831254883582,3.56741816526793,3.17786395851617,0.078920211081418,2.16718437874387,3.14426177220363,1.477160007301,4.4867818646476,0.121569903257504,5.44986805799858,2.29202548442815,1.16711769102903,3.96502694428013,1.57196795837666,4.35654895593082,0.0686725367624911,1.76587925047192,0.100560076896173,0.467711993953666,5.07785370495015,2.75936821649393,0.20771501085075,1.82220680303062,3.06271017290958,2.98167600685802,5.11145913281535,1.14807764921051,1.14807764921051,1.32041815825736,0.246587894500241,1.1787481465725,0.455255155711648,2.75843337946227,5.55501918760373,1.48805079531985,0.318629934631397,7.04644961740068,4.33704629505294,-0.15468883532979,1.81851679871922,0.355301946937333,4.00315756261003,-0.231386597595266,0.608972553611702,1.89948610081873,3.50710708972791,4.97518875418342,2.32918816402617,0.946826784493074,1.50286896763782,3.05101819029658,2.28541069568688,0.134576158231387,4.35814962274071,0.0904664942089619,0.608218984740984,"MCI",-0.050521937
"220",-0.117224196823579,0.977458932308825,0.476922290924464,-0.128310661493685,0.0560958106145946,0.947093478755888,0.0277932972422708,2.63823320269285,0.561380023068747,-0.0912986013895657,0.235598563879121,2.0795767682516,4.56468317545213,-0.178736434001852,-0.0955339274883289,3.1776109858013,3.82083275434203,3.79470248483032,1.87142099611612,2.62957183971678,1.27906864975734,0.0847870802915137,3.81593945158969,1.53219105471554,1.12772197060712,5.82716645770558,0.272894069306918,3.35456687547003,1.81849332070195,2.28598468989056,2.81050497705126,1.88331001069167,1.87801636260181,-0.0988353430950836,0.380328236579893,3.52550873671687,0.618034602910797,-0.0712326513577106,0.389695518925671,6.30746617807438,3.31234661017045,0.552228291425965,1.16715119994258,0.148024729831712,4.3037347854951,0.0276997337921352,2.02413829110671,-0.123685071760345,0.462973767275072,4.7749797363708,2.55810876593553,2.7977497100221,2.44866266711858,1.24234781238089,2.19179058329138,5.68838260566515,0.779877770689175,0.779877770689175,1.60248231389278,-0.00530025089948483,0.129896245790761,0.894754016045868,0.726758035835785,6.36837863615795,0.235265855233306,2.05411818209884,5.97690388222768,5.1771105036008,3.91580914575449,6.02948879805212,0.163616595182155,3.73558445512487,4.57825981604373,3.41001724720556,2.22240064689828,1.55569097629292,5.46717756014634,1.31023056056853,0.020232089335759,0.747845122689477,3.32548123924521,2.72712751448236,0.216119760495763,2.77995802946051,-0.0200532207278665,2.89281318848506,"NCI",-0.447685343
"221",-0.13799245404189,1.09868334474625,0.788465081265642,-0.111766219254734,0.436328960766192,2.1805448922291,0.0640342717533824,1.09029895559367,1.17932457137131,-0.117151311019169,0.181332373173334,1.98094639075257,4.40723618124122,-0.133536849083663,-0.0955339274883289,3.37122027602222,3.5115670474673,3.70371634942897,1.83728920387768,1.63163086053896,0.862705650343274,1.71972017552052,3.90664563763393,2.94505939269955,0.791646476212847,5.90797905249762,0.222332106382146,3.63258363058836,2.07660476914899,1.90502769493264,2.73146650033661,3.65809367616412,3.43345804498461,-0.0988353430950836,1.90382528587027,3.92431900251773,0.575270089941719,3.26464193887354,0.205903324885122,5.34708893047207,2.3136547714757,1.22620627183821,2.1837547835957,0.177377276211737,4.32546318624479,-0.01340329875281,1.73744091722469,-0.123685071760345,0.408624049095453,4.47210936988225,4.01769156542456,1.80289436847271,1.98754433781828,1.1194907842833,2.07943804624216,4.86666686011542,1.31808454892565,1.31808454892565,1.13588645860408,1.83454511973213,0.22408278140167,-0.076821915061153,0.506422088736769,6.30613043903057,0.600267283300896,0.514775983279649,6.39722265023726,5.18211830819071,3.95522493032107,2.16078655117323,1.98904127477636,-0.615669048004996,4.61279239382764,3.28984287807754,0.77213583370975,0.678683338397004,4.3604575981011,1.73587051401107,0.0376571626555955,0.82561043499106,3.35127739950128,2.97951224792985,0.216119760495763,2.6953442301107,0.0399672991744617,3.26504975777661,"NCI",0.07426514
"222",0.0201136176257449,1.42621329266297,0.205630393714286,0.010368348932865,0.51992894264932,2.91401456480737,1.9573043911385,1.40950321314208,1.26305606902102,0.014845617722979,1.69350172434911,3.01159561676449,2.78816305376707,0.0166520503716121,0.0528301115646673,2.92923967210886,0.308743838052646,3.20204093805259,2.17204569794194,3.40908698995626,1.59332590217471,0.20935188622068,2.85485030428837,2.13891796071752,1.72290904995923,4.44065023347733,0.827706817516706,3.69714162293306,3.31737498202019,3.1429242036736,3.34451169123554,2.27199423753535,2.33460182837433,0.000275785162796804,0.743669526141466,4.45217811604047,2.53850599601243,4.19833606502206,0.04413734677024,6.23141231627834,0.81414890359177,0.963389610237682,2.13164873899806,0.417827053912125,5.15319836669596,0.426286652651723,1.80180934366613,0.00493373194682689,0.329161717279095,4.69209839242269,2.45170855805038,0.227505270710583,2.42369042876367,1.6827554968308,3.06374717335485,5.9532503185147,0.0711127735459341,0.0711127735459341,1.05842301555795,0.00567667636730484,0.921467267137854,0.0530372158439328,1.54014073413385,5.68026519820678,-0.324948449203621,1.83416274420332,5.6742836992322,4.63767144678341,4.27518272796509,5.82777885665186,1.60784317399282,3.6954837766171,4.99233776870684,4.76779391659718,1.20349938881211,2.99805711525322,5.60321411578186,1.45868216012367,-0.020714860308558,-0.0771508731260582,3.5439116654356,3.25845487048516,-0.359103320245932,1.52798245807109,-0.102872286106832,1.5500312959769,"AD",-2.280749648
"223",-0.137064640909832,3.28626748268964,1.45573110144461,-0.1058150552033,0.735476876187612,4.70320426803728,4.65117439283858,2.39494585340127,3.00193645786218,-0.123705211853777,2.42938385364578,3.63061925574153,2.77944424189523,-0.19550458752512,-0.108173791488038,3.90019600628572,3.87795378368653,3.40397191634364,3.55834578103739,3.00820843095878,2.754554612407,1.55732241509731,3.14516179430441,4.46836191745444,3.28747675402922,5.83323228722346,2.88758322367567,3.30956726709348,4.46143334642816,3.85015062556327,3.18038277481035,5.17927755853395,5.08737461183315,-0.084661887330299,1.97043851050156,4.88657292428553,3.41420140544571,3.49905307256127,2.1491154848916,5.40254883142393,1.94506312311089,1.57723685740049,4.43954205642202,2.72859966663054,3.92155883093465,0.351894728861299,1.24952044928119,-0.0520073393477579,0.141934631243553,6.27144817386215,3.44011628072402,2.09521626966061,0.556456158590222,3.27107060483459,2.0404112599413,5.08436577231981,-0.0736884448619766,-0.0736884448619766,1.46961833857418,2.36263519791725,1.90205614330049,0.281496118669603,2.38175553932525,7.71171064151599,1.66813642337358,2.14785733305734,6.22117536634831,5.89385413845547,3.90137474845454,5.65579867278361,1.40052552824699,2.84138657043225,4.7348867978564,4.06083487699572,0.675354825308903,4.06098022478644,4.31505721223141,2.63457360572619,0.257362520708654,1.8601166426633,0.938877366189731,0.854066850106684,1.21379496024129,4.36473756973104,3.4647691588383,0.94594209902643,"NCI",-0.485965193
"224",0.0489536199959543,3.35725961119206,0.708525548340929,0.010368348932865,2.40367969690086,3.80281123470027,2.47880759455763,1.27770820596443,1.95560019586903,0.0623668400229715,2.69237878468366,3.88494855594903,2.33450842250822,0.0166520503716121,0.00526192608262122,3.41757306725284,5.70413576790204,2.7357689762493,3.30541967447148,3.24887144911417,2.38503558910711,0.121001690846045,2.45405565965915,4.45298880540563,2.68006575964295,4.18559349608416,2.25148192815073,2.44994738992316,4.11816841772406,4.0291509457521,4.27716055472115,4.81995687514342,4.47474790632162,0.000275785162796804,1.98990741944304,5.75318389756454,3.25323644781785,3.3617069297667,0.478569350962693,6.51411405200918,2.92564467727076,3.3986355164567,4.24436083851214,0.433290650800159,4.60669193125481,1.07074465754217,1.669200429953,0.00493373194682689,0.473823946994718,6.08466674229932,3.08780047697033,2.90911138918017,3.65939490886329,3.12517756360934,2.91858411805148,5.98484316848708,0.0711127735459341,0.0711127735459341,1.12318755392516,0.0251041444635673,2.09331562784454,0.0360374303149619,3.03944534990415,7.02404537841006,0.807828882152982,0.212907410406251,6.90231232490039,5.06810726987534,4.35046571287039,1.74518200939619,1.26070694266246,3.38789839886883,5.26951286173412,5.29154321666419,0.828082275432338,4.79693285809383,5.95416476281558,2.57399869393804,-0.020714860308558,0.902527122468583,2.7777477432916,3.76890961611323,0.106344280085615,4.27824749872609,-0.162858164507083,1.5500312959769,"AD",-1.340903133
"225",-0.0231215116594344,1.88625649031703,1.05843595086454,-0.0418078256851504,1.35659245089253,3.1273117184485,0.0771162431590013,2.62058258308303,0.962953466069686,-0.0386788269525492,0.107620792205979,2.11269059642457,3.87610447011278,0.0124965967037596,-0.0297870867037574,3.60801018789132,0.220164657508231,2.77482297063723,2.98139562429464,3.19282491795489,0.849606905409829,0.560962348344876,3.57355472780993,2.91281333492609,1.11901486457409,4.47405492439631,0.0351680104475889,3.86808363222881,3.15853870116099,3.26396414878664,2.00552621746197,3.50856234140706,3.2936432484321,-0.0399187764594087,2.43466895803785,3.58120629253251,1.23167961307667,1.01670888850191,0.32425007662566,5.37271884212374,2.9887800369882,1.34089531205104,2.60667556111138,0.422674873817029,4.12712528412239,-0.0086378235162865,1.60117501170328,-0.0317680891043611,0.565045024892487,4.78013485327583,4.82255770025648,0.252829028620928,1.97711304958677,1.62556097127298,1.50174488802899,4.32421126044685,1.59564929462546,1.59564929462546,1.09152921972184,0.15124880915824,1.81771559570013,0.0433506464788005,1.93209379231274,5.31826845462262,0.140745472978495,0.12558433252859,6.7206208333736,5.16099747516204,4.22338461992473,1.79977807206333,0.183281577024747,3.840182493942,5.48122540706364,5.38697286222394,0.640955547089951,2.33949618344113,4.12331627366428,1.9078419769585,1.87294189714337,0.888226735505248,3.28812573006074,2.23300373624664,0.449187060578447,3.2794713604964,3.13268580885543,1.57714506938387,"MCI",-0.316516304
"226",0.180179247609533,2.35941720937958,0.291389932115429,0.162369320741543,0.396084714696723,2.57188745518399,0.684407554057342,2.74388261412362,1.05825398129466,0.158552081562066,1.27168557397216,2.66860764423825,3.03503912226611,0.370874706722975,0.163325618893477,3.37974063610856,0.261293069809084,2.88065738835331,2.5944260582676,3.19132500367243,2.43451181158063,0.0689828099435461,3.16783295823093,3.41812875949701,1.98856476775395,5.9401431866607,1.13440645733805,3.67417466146269,3.47276296875375,2.60849096709885,2.13307337269764,3.84814704772066,3.94948251032912,0.112211599350085,2.19521820045842,4.09427586114268,2.25768847939355,3.50807175506679,0.581809255808718,5.88510789413871,1.85298752669141,2.67157290063761,2.61464511104111,1.86471092947903,5.06484821424106,2.38249016547287,1.013494201298,0.148258497821216,0.5132904302911,4.91596205190066,3.95119128225931,1.9098113528428,2.7960390057646,2.1289705322251,2.91130643015938,5.35951519001295,0.0411260605577115,0.0411260605577115,1.74050831563702,0.133810262259867,2.58591935939351,0.170774796958673,2.29878472678207,5.80084095283574,0.601681352563749,2.3721721049269,6.08064523526825,4.85909369349972,4.13369156792546,6.31233052490892,0.0883355238911148,2.95154424055808,4.68465034586395,4.23243910033421,1.15245289360265,2.92730465381574,4.62472296511255,1.3335458088997,1.18213601213409,1.76116251849217,1.55207538085941,2.2460604234487,0.42423393105824,3.65247684852005,3.28334242117545,0.0609468482572579,"NCI",0.070622956
"227",-0.135524354907777,0.593050390132749,-0.22980216702244,-0.10729778888829,0.230877332976282,0.923816569802518,0.00315458308597516,2.62582743504356,0.297257666711135,-0.12109560726291,0.0224718232762458,0.703017169496542,5.00005958148601,-0.202566801476304,-0.0203240377867202,3.26277538667304,2.1485483006809,1.78563337718552,1.56443283600136,0.723744271209972,0.0807252986886304,1.74892262943303,4.18068920263231,1.17031668600107,0.113347254846749,4.02117835111763,-0.230972337427448,3.6844176650902,1.83682408518888,1.02672790315135,1.82777723359865,1.70335118565607,1.59833466499677,-0.0944894737336466,1.11114802379288,2.9890716096629,0.117846264926909,4.4381171750418,0.0774983562604827,5.01589802086316,2.94778524355212,0.592309433032582,-0.0101184444210354,1.65519760432244,3.06811134323537,0.0638273013160253,2.69495650711844,-0.120904892634144,-0.0273677495746698,3.80562196400909,2.95134686178249,2.50585214073562,0.587593633099144,0.173492639517292,2.43463113466506,4.19183724062238,2.29073826474782,2.29073826474782,0.627840916771238,2.3677893020274,0.860274519032844,0.0285915896026019,0.0920313810630298,3.02992459140602,0.0510135268226651,1.98163367239058,5.46296774725558,4.47046877140581,4.02272146507922,5.34131417597768,0.111812299777055,4.25083855380205,5.56524854952712,5.26289552392468,1.03653647457981,1.51543725242668,3.76812055709897,0.73096260876213,0.261569311756582,0.294045971417857,3.97960374651073,1.17249053067345,-0.244801928597416,-0.424803622673362,0.102494333437896,0.986879193656174,"MCI",-0.221212959
"228",0.178226127566108,1.17088876675391,0.215430797075526,0.165640256103143,0.34080806586043,1.54958871757759,0.0517375776140265,2.7686850556497,0.600481707320262,0.164931968827018,0.872339404270069,1.76363201134221,3.92946360205569,0.286651928557695,0.156715415346018,3.23913617150159,3.97163048421015,1.71301910025894,1.90605381399255,2.8657253889348,1.22642031013104,1.42115766509742,3.04216357189861,1.90910729615309,0.719551040524755,3.51620573539973,0.221157590720952,3.70947142589245,2.42451570487042,3.15461375041485,1.44656096630823,2.21969298600846,2.53381994984415,0.124231246759996,2.37482551069982,4.80170595302216,1.23860114840262,4.15088833170791,0.476540048786853,6.19293779174016,2.00729673445422,0.782347176416463,1.13692694650628,2.6992496441207,4.89549713501003,-0.0597190921699492,1.4034253416826,0.152967554163864,0.67562535792404,4.28768057382649,2.13522741861751,0.387811479445425,1.96312167154012,0.986696973541506,3.08697594012567,5.55029012055722,0.0293791596594455,0.0293791596594455,1.24823342136618,0.308262437510513,3.11536938030616,0.0570095106757151,1.12499113331677,6.46798285056505,0.682846582732486,0.426161171017807,6.66508541629858,4.60195419615724,4.66387612482879,2.00040879886481,1.76680246799393,3.14227279179818,5.49029112906357,5.55202466184411,1.07649516731108,2.32562796468671,5.16842080581429,0.763134801801735,1.89028880712187,0.973308777731462,0.358771770541834,2.37657830623829,0.394376919724701,3.86476527040372,-0.0148847545858248,2.1267392932711,"MCI",0.356675321
"229",0.103145269298588,2.97551660820679,2.18018319157148,0.086383580798492,1.27229760529426,3.86061018678171,4.2630948714754,0.919868497314801,3.89794104859096,0.0914817584667591,4.13648284744952,4.42042388083016,3.44303296773854,0.183721487695386,0.0799549628810027,5.39672910001157,-0.0956086008240904,3.294389196773,3.93662514563679,3.16330577976794,3.50337401418468,1.01510638408067,2.67349003296067,3.61616483333142,3.67018347563833,4.42216736727177,4.81462190275982,4.29600007587671,4.8945264513592,4.17615286535507,3.71262330914278,3.95103818036626,3.68053290975867,0.0802778024747958,1.43377719326726,3.67680457561655,3.92891366947029,2.81393683351331,2.64663253097082,4.36879975297358,0.218779945077718,2.59322172088506,5.30564524580397,0.234476931593932,4.96659653008892,1.47530265149276,0.386295370302384,0.0995468654556309,0.478475142856819,4.7610831237073,4.26665634155088,2.27691632170548,2.62770038068442,4.47676433883275,3.22463693303479,3.7959895508692,1.45612179903813,1.45612179903813,1.22015215721297,0.172885821744216,1.51574012093007,0.021444341093927,0.99950564419914,6.50251817531821,-0.284419294753792,2.13119689459726,5.91555143279952,4.9721792652801,4.62089553875759,6.03690374452241,0.0503132493631475,3.76952858225445,5.57543624559284,5.46829533981055,2.19250777425946,3.82386668713917,3.54604192547763,3.86976490823945,1.7866824104024,0.713062976601125,2.32005788134512,3.00782382625995,0.130074048746944,2.82289657479183,3.32508746852447,0.586864468431435,"NCI",0.916599932
"230",-0.144146548420183,1.94737729977595,0.56019428144423,-0.13025702699126,1.05456497951233,2.15581539622209,0.643712802417275,1.36221356263121,0.922874464441334,-0.0986907283992176,0.57013264939413,3.39101738582124,2.6753012467932,-0.225467360774952,-0.0987287720359169,3.19446697017294,0.285996874018039,4.05463672391299,2.97246614425953,3.7285940338153,3.24829624551685,0.236846784964117,2.12806946147861,2.57836803531461,3.5103289367294,6.0089438738685,1.42349667528277,2.58786250876702,4.28775789372335,2.22308653440538,2.95431167186101,2.95662685580885,2.90435366386524,0.0296169534347814,1.95901891459955,5.6406160381763,2.65349406556959,3.32234424407564,0.498468773866198,5.33764422552991,4.68421260054032,2.49285323393369,2.38098617964008,1.74850967828026,5.65631210023222,1.65971177255248,0.587373447077442,-0.120290071338173,0.378303157626011,5.30887781005549,3.89837676881763,0.117012363793297,2.83291303335114,2.27831011603372,1.75517832629799,4.92636068533538,1.37568244578685,1.37568244578685,1.07019314410448,0.223387996017318,1.68969269662005,-0.156863898412044,1.60729179720792,0.88783100433322,1.00881806699565,2.13372534961435,6.0690771110281,5.22321892520472,3.83789748777388,6.54143404948606,0.154344252951348,2.3408789254419,4.43906883867505,3.6562674975718,1.74645780994911,3.35610925068521,4.31091995500022,1.72898407021822,0.0188822491746854,0.52579508607801,1.65744075207686,2.57665387580217,0.140382183248494,3.62288797532921,-0.0202098216700136,2.04260391047606,"AD",-3.521956222
"231",-0.123783385242817,2.53285011621889,6.49388375062449,-0.128310661493685,1.64799245068469,3.77479353431777,4.72133266856445,2.23683537140245,5.66784290114104,-0.0949484224641904,3.15221851341337,4.56826229561695,5.11489054554555,-0.138849854213887,-0.0955339274883289,7.95549714760927,0.207081060532808,2.53487535641062,4.12248366836346,0.475826431211021,4.70123072942496,0.432588180466298,3.93999659093662,4.65199926111321,5.24189302074869,5.77188440194552,5.1528381118238,4.15524942694625,4.40617058242037,3.47007345366769,3.89441912471056,5.16739066301,4.75522928206831,-0.0988353430950836,0.978205587455157,4.21648024322941,4.13713346523154,2.95765459903048,1.7874925282823,5.05457633770602,3.41252250843141,3.470543804015,6.92831468232991,1.4219738408502,3.21017655186028,1.07587630699232,0.349798525707134,-0.123685071760345,0.207335919329625,6.66692683281716,3.69745764752331,2.37586591084604,1.34257811592644,4.6242876570432,2.41569392121486,4.72946335635446,0.960938232192866,0.960938232192866,1.56541177191904,0.201261174768941,1.12501931868766,0.697181279186083,2.01587922681308,5.94938749311418,0.162911042553532,2.11983238376531,5.97121775042356,4.71372002028517,3.95374452377815,6.13725083614605,0.154520112699895,3.44263090611408,4.67185096536719,3.43902693079509,0.955183872999998,4.08861508819745,4.29673870378712,2.24188080029181,1.03873147445774,0.125186392996816,1.69089476760743,0.94595992702181,0.216119760495763,4.2767113652294,0.00944002917278985,0.149953260232887,"NCI",0.744858557
"232",0.105243880779742,2.05938738207531,0.483776918926473,0.0910100656650217,3.45873827833798,3.88291579017447,1.24203307327399,3.00184900328562,0.931200211075065,0.095920641904939,1.77669439196057,3.65931318249841,2.29395316122935,0.188703896915839,0.0823870215553205,4.00930661730662,-0.151481892664318,3.12324331700792,3.34669361466236,4.11855942764029,3.85627440127024,1.77429060233095,2.81470782018858,3.66748589625529,3.99709477259935,3.79819833183023,1.6055977755361,3.20335268470121,4.73715084775547,3.31389168108282,3.19388795678005,4.39894608329252,4.15440245282247,0.078920211081418,2.49584389168196,5.03785249301283,2.34140682762053,4.20183210262551,2.31032351270495,5.2749365072041,3.32849406250083,3.33774376697105,3.52229173981766,0.186121871524839,5.94513453977772,2.92059465530405,0.376278879304778,0.100560076896173,0.463209674347167,4.50771613763175,4.23198094487469,0.144046081098301,4.07789016581221,2.58452248145564,2.04715149038554,5.20415395831695,1.21843135644514,1.21843135644514,1.37229992164922,0.423524581973473,0.558103957302798,2.50131101603437,2.45302613667894,6.45385201583182,1.7064866107686,2.58154437132266,0.906122408984906,4.39727470780098,4.63255785650702,6.69653881286304,0.532641561151232,3.47869996933445,5.34599138381306,5.57731596742058,0.0504034737632297,4.00834092892816,4.91701723694319,1.33811230036858,1.67192693797834,0.780098556970183,3.65947799305448,2.23593446056929,1.2705100190218,0.425111751120541,3.07896100521266,0.608218984740984,"MCI",-0.590271022
"233",-0.0348502799441609,1.25422106102649,0.285662616910654,-0.0196703540457871,0.549549597603405,1.77592986465079,0.231420204482529,2.56194814004979,0.826782761407461,-0.0314174211957514,0.449783159478929,1.768069744053,3.57370023456859,-0.0690052923577873,-0.0256369184674275,3.24810160891724,0.116920246395215,3.20702400771385,2.23852558441771,2.80993317291062,1.45203600270353,2.03062843323557,3.08528338905775,2.43536205414508,1.86613112331779,3.93406888349817,0.73528455270075,3.65274924372705,2.57614748110904,2.66383155246205,1.70989029734875,2.99389714070364,3.08596626540855,-0.0454720876314101,2.53627360388126,4.04406254166473,1.26201545959134,3.71680187637423,0.489302804449213,6.41121642068495,2.58036152950586,2.50950799002087,1.77942817097473,0.330787083600723,5.28733887787122,1.91643155522676,0.00368266737650669,-0.0284245229323239,0.326026555005502,4.76151137266715,2.67322058559705,1.971672409517,2.55013677448649,1.25998813199209,2.32263438328279,5.77352131448045,0.474341110465836,0.474341110465836,1.85319524907623,0.0898534936792377,-0.0229972485552037,0.0632445966092072,1.1170753407099,6.39212141439599,0.143331504496455,2.74547860260552,0.09234686064132,4.94458971489143,4.53110123145146,6.70972453210759,2.17062284869448,3.8345982328208,5.50575335853218,4.99309984056705,1.02807228254528,1.65900599650805,5.70365295589006,1.54598477399404,2.56225367318298,0.730704974282767,2.95335473694559,2.57825642913144,0.471970820348384,2.65791864644143,2.48248249393743,2.27643835174554,"NCI",0.990055095
"234",0.0296105720591882,3.05258993241095,1.53081906320824,0.0864656225642403,2.65895395883403,2.59801989883316,0.126087695664684,2.818399776214,1.39550485921507,-0.00641829321060494,3.26407258460582,2.64608113709832,2.92052127155155,0.0855549964111757,0.077693316839113,4.49963011196335,3.73008700714631,1.5808227144331,2.48394663920719,3.91634219570797,2.84596826261139,1.78503259860534,3.28063550797213,4.33154554667196,3.71000365358705,6.29198675678936,0.18830538181404,3.68505469851749,4.05063728012915,3.39046171047482,3.40035235815804,4.95052195062235,4.63945261551751,-0.0359860259618263,1.45111617009543,6.45934109525502,1.69025057193522,4.27131168663023,1.68528895946283,5.71866026138739,2.84975240790841,1.74258608609601,5.33404296872524,0.150245443696162,4.92065090026956,-0.0947345317108796,1.25959894834386,0.00494226250433183,0.336963270988205,5.66363166597085,3.70132851521409,1.82954329564723,0.722054717241419,1.94034614498376,3.07005362477269,5.41198067256508,2.61019545052581,2.61019545052581,0.197508359351341,2.36372092730382,0.527465231564962,0.050968717794257,3.05068997048693,6.11414818730829,0.606603909032029,1.41043801554835,6.21297015148847,5.15250638802916,4.26395953898778,5.85305359650261,0.24753994340937,2.71815382158018,4.81917438635818,3.25436119930901,1.83199499216342,2.08730381084348,5.23208177629768,2.52616126506053,-0.0511718859849966,0.897688685905797,2.51440591531824,2.12009435592184,0.322031251268873,2.77536263065476,0.110137189887887,-1.19814049500937,"AD",-1.511069927
"235",0.125567260973594,1.03201429923463,-0.0133700151593299,0.0962364692275152,0.669615850978268,1.2546065306693,0.19457937338603,1.17070909430496,1.131483120866,0.099985182419848,1.90502586698124,2.19984864112641,3.37100539293188,0.197048575061927,0.0850666771768579,3.58549818348043,-0.156004568308258,1.1780064783593,2.36822554224625,3.25262985918592,0.0873035063951724,1.54580190204002,3.47392552383994,2.79737708483563,0.52704810941094,3.94870768249407,0.920162559039013,2.33602393692816,2.53972943279414,3.54707588974088,2.06830352657053,3.1434749290299,3.08227869532261,0.0779587903969914,0.231072265773275,4.4524369682867,1.55150820002082,3.28175252016853,0.304955646979402,6.36653700499405,2.86484544311911,2.39399603537872,1.6451611046254,0.589386363870578,6.17152589717822,2.12768971860717,0.991487769580188,0.101891749507961,2.39448529098741,4.45717247577427,4.05661619784588,1.6490810041912,4.03286398373789,2.06486469601246,2.92737805357583,5.71661099168768,1.49847537306346,1.49847537306346,1.4284573187746,0.141048957342314,2.63156747580455,0.0272012746204602,1.38242685622872,6.55241009468171,0.551373035127619,0.0934852013928358,6.96483072978863,4.53922141551056,4.73790360685231,1.6903866249657,0.113624939851046,3.26336291418617,5.39404600201765,5.40078764532406,1.62503249281557,2.4573737787715,5.69593843916252,0.772032279042714,0.0364254568867398,1.70781099165206,3.16072164728078,2.43272936787089,0.159702361319696,3.85918249912364,0.085848173951514,0.70709128997824,"AD",-2.303841434
"236",0.0121569153153768,1.91107419235677,0.879286794552323,-0.00304227787922384,1.01419590517159,1.69775604049058,0.159472921613373,2.70165311572421,0.534911505847095,-0.0386788269525492,1.40993839693196,2.20820855370057,3.80165126511533,-0.0725284538771369,0.0200227891549006,3.39715894388676,0.0190334305809645,4.01387837443979,2.57764826948992,3.43960336345885,1.76061673614757,1.9863876079617,3.99156097425129,2.42496092449045,1.88505578938649,6.33196829658898,0.626981165032551,4.03151593339306,2.80839539708543,3.5230425748291,2.07613037745089,3.46880580202331,3.60039455652488,0.0581901138340534,1.45959517141717,3.35122054692756,1.30741162496449,3.74132210077027,0.588575223226975,6.44887357887941,3.35838311934873,1.55149961304097,2.73883010976016,2.30880505766509,4.93829022895177,0.0264866041204908,1.76091182549739,-0.0317680891043611,0.460195885468535,4.50452994188614,2.71547193644061,0.168935799323184,2.20020692814988,1.75614605564964,1.98121441545392,5.65808137274467,1.22010550277826,1.22010550277826,1.24604267390634,0.486865682064162,1.91290265356018,1.28011930503356,2.13647522855513,5.47713697893973,1.17651017689037,2.44171286726347,6.18348718125982,5.49521033137014,3.88300646057421,6.17464571980685,0.219468142786206,2.99246105012758,4.46458612863045,3.83702153299256,1.08948186894568,3.33391918050286,4.75029063863425,1.7274457682996,-0.0555547120283072,2.6518573345375,2.67995415894532,1.3418085128177,0.449187060578447,4.27111953548541,3.31080463844586,-1.15862217108647,"MCI",0.144115278
"237",0.109004174038212,1.3772115726228,0.823097618731622,0.176364883119558,0.250438660053538,1.22066013266724,0.351240667650449,2.26851933408279,1.08855889070967,0.099985182419848,1.18978491950176,2.81690890134498,3.12241809289306,0.197048575061927,0.126889304423514,3.01486965079852,4.51133491507375,4.52356968178591,2.40468240488378,3.89769545830024,1.13975074935329,1.37554329076484,2.39629172645306,1.38389828865378,1.41111673699718,3.70869654896246,0.138787654356884,2.36860159484966,3.04745740502716,3.08515236362833,2.25003223050792,1.73366894790351,1.50199099814591,0.0779587903969914,1.30499493684273,4.26650505064583,1.70135801350559,4.40978420537203,0.49546966316862,5.69388359027403,3.50921921463942,0.592510043837153,1.81254149001592,2.49313447918978,5.33581626442283,0.0656054568036426,0.765372259480225,0.101891749507961,1.08753585012437,4.12213925606624,3.45257531011164,0.102330364659914,2.89624653626385,1.38615528797147,2.48990088053659,5.19500899414447,1.87810096024067,1.87810096024067,2.31075907369884,0.25086674758693,1.36970950570941,0.0844716718105457,1.8386893344127,7.79104759052065,1.58603397996753,2.06538179433841,6.22347647865071,4.82248487362389,4.55946844518015,6.15153902660576,0.0457336267817405,3.12143898070097,5.60147614486809,5.86878303606714,0.682813263898323,2.16225656636249,5.14911355049502,1.68717857452952,1.59688696012665,2.1975936875754,1.66893139189946,4.06065819174862,0.159702361319696,3.79188392301514,0.085848173951514,0.70709128997824,"AD",-1.451048724
"238",-0.135524354907777,1.86999352226145,0.381847184950606,-0.0627509814106538,2.59001087836363,4.71823517212524,2.13860794946385,2.86422878522156,0.939217743760751,-0.12109560726291,3.07025962700675,3.76025855233378,2.6356353182472,-0.140380665363143,-0.108238819896417,2.84431978848841,3.8604686434873,3.03052520793039,3.06114859462594,3.83942313517165,4.14155227665375,1.54857636127147,2.44261963119214,4.57726429319094,4.21559340641351,5.93204061595794,3.05437925603583,2.95278545990037,4.38259060164508,4.73751783236331,3.79073327931576,5.1141013346319,4.7521396944695,-0.0944894737336466,0.939647145858343,3.88083517485155,2.61342684794649,4.05269440397391,2.05063555849256,6.9042680112871,2.33975886629238,1.96863042416609,3.98022361967077,1.85806344820037,4.82115671930526,0.0734679232585275,1.08423634991704,-0.120904892634144,0.650470463530909,5.0893416284744,3.31376647610471,1.90421989295869,2.37619259927255,2.73932521455047,2.50370331344316,6.3490671905772,-0.0675289266595389,-0.0675289266595389,0.914308215863516,2.37815282759451,1.38421528455026,0.0285915896026019,2.1807042923151,5.70850128109006,0.695062027950268,2.09500164936193,6.11346877163666,5.06444820239828,4.20451589701826,5.65261883521046,0.113612574294851,2.69681041498871,5.05940013401232,4.46683100922538,0.70009218353846,4.8052476008011,5.79391159930662,2.01400688910956,0.261569311756582,0.980266639584753,1.92657387194083,2.06656299913439,0.850702291907845,2.35348826307226,0.108214428541703,0.986879193656174,"MCI",-1.665652163
"239",-0.135524354907777,1.79456459483411,0.861310857095241,-0.10729778888829,1.1616213997595,3.80809285466704,0.0886214013823151,3.5406969462658,1.27968018198558,-0.12109560726291,0.131653841390846,2.1656076162708,3.28902935501152,-0.12481822395314,-0.108238819896417,3.56046568331154,4.42444947751313,2.85159958983487,2.70086605926147,2.45825960211177,2.65270368561235,-0.157482463554318,3.65115682833498,3.66064117906645,3.27902532545272,6.16505414144117,0.380511870514307,4.04104701973244,3.14516891992402,3.00384543275308,2.38629341064358,4.13099777329538,4.00257926189771,-0.0944894737336466,1.07774818034562,3.212950796057,1.8318080736408,0.208542134309891,0.280673606946702,5.26613264075647,1.84207183615227,2.9456085370093,2.92889545878099,0.205524772721634,4.79472868043559,2.71542873705844,2.49515161643911,-0.120904892634144,-0.0464678872606816,4.14305309395317,4.01691618358189,1.56288869218567,2.61477756475449,1.60490143405735,2.71445995413467,4.95767396766952,1.04292187733076,1.04292187733076,1.0644280431714,0.28304463329009,1.31204142472902,3.28160977165465,2.05383362908598,4.49770017631539,1.23153370981414,2.4139140423238,0.559430913155813,5.17300021766052,0.438418339685445,6.5483687347505,1.79018845327978,3.10937636880248,0.574142388642565,1.71585621878717,1.50770677094656,2.88161017908614,4.26259463200142,1.7576133554016,0.261569311756582,1.10677424909318,3.32652295467883,0.816255304926662,0.624644507429835,2.55946547268477,3.69488525566935,0.986879193656174,"MCI",-0.684873273
"240",-0.0366657603627916,2.24125364456305,0.32789579042004,-0.0462178153210226,0.400687678369824,1.91595326963554,0.207712356969664,1.22838599565265,0.781478667397914,-0.0453278589230303,0.823151518775677,2.29837125606459,2.07717303285185,-0.000507612457359308,-0.034359764888804,2.94222696220591,3.98781213600322,2.53349536955812,2.63626967478165,2.5852041081891,1.64616164903915,-0.0240547839075205,1.81398688310879,2.40512722506668,1.62324861876176,4.02335349515329,0.471093492133918,2.91894781396981,3.46674306706328,3.31276552093499,1.52450256520754,3.06880415517886,3.19117761365057,-0.0359860259618263,1.56386697758212,4.78049799355316,1.97368298314805,0.955883932946514,1.50337034064238,5.32358422158143,2.71660871821223,2.52094438167079,2.28222757411742,0.47798038479167,3.84421144486622,1.63505258404009,1.33034033218196,-0.0361625672150933,0.96863419975554,4.60629543401735,3.27313881850298,0.286984395488538,0.707209438605599,1.69333791898197,2.27234420296863,5.23507602265208,-0.11550705811332,-0.11550705811332,1.94360508062379,2.60713822219313,3.00882150275235,2.03348159627547,1.72365515113169,6.53083324790918,0.130451103113123,2.2872515929457,6.20057337900265,5.21698383237845,4.41459594901593,6.13422149650555,0.159721036503692,3.0319969992081,5.30596069864534,5.73334643313686,0.866171175106598,3.36630987752558,4.05305407884317,1.76085030871812,1.46095728534666,1.09430126991448,2.38170023553056,1.75436970976981,0.322031251268873,3.94745834277928,0.110137189887887,1.63018850044365,"AD",-0.831603913
"241",-0.144146548420183,1.52076407887872,0.69283270291466,-0.113712584752309,1.75282589000489,1.90320758256676,0.0953923408197084,2.3945269319632,1.37516888707016,-0.126363026395354,2.11701815555091,2.52946371976562,2.97794545179897,-0.033631030211031,-0.0987287720359169,3.43223644344391,0.28038535987713,3.13387905724772,2.69734143799738,3.24095413661398,0.523323696494757,0.188079432740773,2.74506868166944,2.57751138002393,1.56222491033951,3.96271484759362,0.75499830947494,2.87144351955104,3.07583300363986,4.10547019913182,3.48440402048211,3.13389993185689,3.08779546847349,-0.0911014723481354,1.31533840518685,4.09058581712341,1.69914882720147,3.477034304127,1.2856923600382,4.66633013421275,2.45317425615436,1.01763418143033,2.45067941284391,1.84271604423654,5.60406215276937,0.234985592141641,1.91728570945168,-0.120290071338173,0.548581947707605,3.70111025527353,2.79196298089409,2.45460043414294,3.87959644385361,1.80750362496482,2.71226799293097,4.15264040982843,-0.175116063192892,-0.175116063192892,0.111822540215927,0.0328416117250254,2.41110287327272,-0.133033961424675,1.51552731579773,6.58571692757218,1.3958971600869,2.22788640487749,5.93355537248081,5.03288232878025,4.44623934351731,6.4281748720558,0.119830549854747,3.7047091620929,5.60784058630494,5.84442978051071,2.2582161742612,2.91141366300991,3.64295974275412,1.62815608200577,1.13711952352804,1.00549145829074,-0.0460203598497624,2.40524008343379,0.140382183248494,4.34452236714883,3.51797393889306,0.111005529564437,"AD",-2.188472571
"242",0.117318581118642,1.02992448594363,0.774144647151393,0.0962364692275152,1.32611094725177,1.64799999267202,0.463690549603799,2.50092597540723,2.75551571373345,0.099985182419848,1.35164157610464,2.598360800967,2.00204765665527,0.197048575061927,0.0850666771768579,4.72975500668272,2.93265021159727,1.9030484060089,2.3326469311873,2.3647206006833,0.901445552852996,0.0571609600765103,2.6578089853336,3.30143398535045,0.872630640331017,5.97540168421329,0.831950119919819,2.43417143103957,2.27580554554469,2.76763475051812,3.1414715926422,3.76794249820259,3.74611045554204,0.0779587903969914,1.74988749670887,5.36222370627147,1.90014299454953,3.13176153010848,0.131468357888251,4.97002889845582,2.69474521110873,1.27248607680212,2.6462815667485,0.373161098163195,5.09784396677201,0.401094627115974,1.00855318078827,0.101891749507961,0.676682746110263,5.70549319434626,2.4774281649094,1.77838567835095,2.33588196544916,1.2960487766897,2.94514790028878,4.31735079408399,0.0662101010997186,0.0662101010997186,2.00953785940966,2.71898902227024,0.566243466890079,0.0619301173604265,1.09056606308402,6.65060569264612,0.110135875850283,2.04460110096424,6.05491534124778,4.78345298493642,3.75408243081713,5.99262749057765,0.0520292673394159,3.33385548134053,4.4746957581922,3.25904924308975,1.65511306025809,2.56026917825189,4.01845039397825,1.24618616296471,1.15027602508995,0.745713736040572,3.12767866681029,2.65162042992693,0.159702361319696,4.10659266990964,0.085848173951514,0.70709128997824,"AD",-3.670866131
"243",-0.0843856619674832,0.500688655175868,0.858401701780031,-0.108972789420447,1.07953023022133,1.52213839632924,0.167518055555773,1.2817866829985,-0.206968414927272,-0.118706077613125,0.355109728743836,2.15276906584085,4.0624736114982,-0.120496321299171,-0.108310468554367,3.04194470380264,0.610063896806307,2.71169888610309,2.8869933910454,2.75793838180725,0.157742002755117,2.04234424583723,3.48122946652129,2.43538574516948,0.368770566792587,5.71574523889036,0.0195000205541902,2.78042278790568,2.96700853200027,3.38647711466799,2.28634624381858,2.66241970601613,2.84112702534501,-0.101449185538139,1.55495003352967,3.38735183099869,1.0112534376304,4.14932317445298,0.0582029135154052,5.81404073930991,2.97674895098046,2.77719004886002,1.82157032601524,2.0906036416731,4.43508211258831,1.95360103962461,2.41396044718459,-0.126731919531931,-0.280473881741968,3.88847955446921,4.33585506725092,0.360904567109999,1.92064520127151,2.42465898645234,2.24906287004401,5.36844349389568,0.450567953032299,0.450567953032299,0.575144475125641,3.58898468811832,1.43310937965325,0.629372748162932,1.57109129518325,1.62896089742534,-0.0727474237468058,2.45110081239579,5.90166211650407,4.56709541222187,3.34294572097101,5.72452269504002,0.287360226638016,5.01435514787516,5.22450916127569,3.51525425403558,1.88444195226796,2.30975324592977,4.90249237140913,2.29061387712099,0.250643883925508,3.38963874469499,3.77057114038769,3.37909666217966,-0.0267984609961964,2.75193335239758,0.147364799104254,11.2740005520603,"AD",-1.426932992
"244",-0.123378291201872,1.58330373809305,0.463649306573532,-0.13025702699126,0.955473027959737,1.49534244520318,0.333053917763951,2.65761959382811,1.50682831621882,-0.126363026395354,0.26807793664289,2.67299683097017,2.54429250057015,-0.0895193952535633,-0.0987287720359169,3.2800449457109,0.215722338484009,3.47676122697245,2.09567929655312,3.17426734589727,2.17332885407657,0.0816047024563267,1.49111724847821,2.69829598961736,2.00897344067442,5.85549621168908,0.733243977041199,2.19260835673829,2.84999590955802,3.13990766802506,2.57398468658972,3.21617203252078,3.00277017247856,-0.0911014723481354,0.0419897080556855,4.16490502481572,2.34866091215248,3.56750672173091,1.61938037836516,4.49757986084611,3.81621338264011,1.00355471173297,1.78371932626784,1.84238645245871,5.42353494356544,0.0156777383016187,1.7234824340092,-0.120290071338173,0.535720537417831,4.40447219062382,4.20759914886011,2.04302279675613,3.02489719546295,2.52836854920481,2.71871241771836,3.99549911048502,0.833336132985406,0.833336132985406,2.05804890904925,0.086718937661222,1.77590958382651,1.23210209663861,1.05656250120478,1.77021064891654,0.581788114565446,2.48628825669202,6.02064680989901,5.10744743873745,4.05641496751818,6.50022905081585,0.0074241510573535,3.15759222053112,4.70045153328488,3.94699331014185,0.692736448537322,3.32792208972034,3.1986698644371,1.58715310130847,2.09120821792164,0.699202012523689,3.18947881534043,2.45228404392349,0.140382183248494,3.74218239512422,2.40485064999325,2.95972303573048,"AD",-0.857436743
"245",-0.0348502799441609,2.74134741333895,0.714730617366787,0.0672674912276153,0.839566542626706,3.44430714317618,0.509639506004087,1.19833716382035,1.0288372467777,-0.0314174211957514,1.47501380007758,2.14651980099256,4.09572393460592,0.159618038002097,-0.0256369184674275,3.08625454483132,3.27156778196662,2.39711907520861,3.02359428505485,2.41380651194183,3.1281916476264,1.82983226924566,3.61719514658682,3.29616204552258,3.23340594323763,6.15024948894644,1.20196463601005,2.81164016775312,3.6377233948209,3.21976629874568,1.65112781022658,3.93362146443692,3.83189307801749,-0.0454720876314101,1.71917461122448,3.20651547381563,2.17532540849725,4.35936426397016,0.399987860660422,5.85005857322251,3.03999669395554,1.27257408012546,2.94657209604293,0.481657097569811,4.45083064216333,-0.0955449257798399,2.0834726082019,-0.0284245229323239,0.311956971563013,4.224274863939,3.05758775588472,2.13250800401729,1.7287117828762,2.64442376925238,2.32235711362277,5.56734086198531,1.64968000629525,1.64968000629525,0.312398264678001,2.82883417328865,1.18696649792025,0.125398447962557,2.44032731839718,7.60134584918239,0.857260414314064,2.22017804359316,5.79985483692415,4.74210949907354,3.94345263684283,5.8531230072691,0.182138142841214,4.57088529057214,4.43133440448024,3.59592320295427,0.405269057740448,2.82836247008337,5.0759161325367,1.49275982987947,1.39600905983443,1.73771621625926,2.42141166961133,-0.330380080199668,7.25992941658804,4.08412267552806,0.0945436743870222,-1.15008697317931,"NCI",1.142648737
"246",0.103145269298588,2.74049064886135,2.44755135195773,0.086383580798492,1.04367838706273,4.17176157369992,3.97639553588103,2.90579915559872,2.12918182734247,0.0914817584667591,0.578156274564828,3.26203636464707,3.27826021532212,0.351834557690268,0.0799549628810027,4.84733871474243,3.33684553004824,3.91149196993446,3.95661998441341,2.74830449033728,2.90939584746954,1.71653671312653,1.53225857446755,4.18324503744822,2.83025178824715,5.94177666176452,3.40461554723588,2.78045943515337,3.82558438345328,4.13516110403795,2.9501365630309,4.70876171656892,4.47467615587617,0.0802778024747958,0.104900428282382,4.23012182367868,3.02127882655974,3.02205629368095,0.846719001311551,3.78781939824484,3.84269638991045,2.4599680521161,5.36713247780646,0.390057615018734,3.88093920610999,0.253121379591994,1.21464868875193,0.0995468654556309,1.21091216896745,5.69786878997404,4.0193905950246,2.19587236267178,2.14484538049344,3.32805140908792,2.71779437639654,3.72087411314423,1.64838355002089,1.64838355002089,1.28876161753079,0.348694585469578,1.91181005746685,0.021444341093927,2.17517433976001,1.79543641340774,1.49707446978514,2.83704992311428,0.627552832066871,4.96119732987192,3.73680968127752,6.73011159445093,1.94144794535195,4.51937892828002,4.39624340488175,3.49016502553278,0.494755823821169,3.86350455335645,1.9199132056251,3.45596369239419,0.0325300116483972,1.33578842849563,1.20565373415441,1.9736711775552,0.130074048746944,4.84355131082726,0.0802432069139015,0.586864468431435,"NCI",0.474858825
"247",0.178226127566108,1.42587894372754,1.54129972122983,0.16359264722689,1.7159912965209,3.6132285885971,1.68299017795469,2.67714448854022,4.09353823013558,0.164931968827018,0.855233782730483,3.7639783139883,4.24749504618084,0.286651928557695,0.135243461906161,3.9523585969794,4.23926900522611,2.98374701346538,3.09945666015178,2.42285381492009,1.47166619499657,0.127644294392264,4.39345060352002,2.8247457738201,1.24503855805986,5.99213708197151,0.420118161569521,3.069239952523,3.44911192284933,3.63079585639531,3.28329997439954,2.93699884404539,2.96091926658557,0.124231246759996,0.471699700256242,2.51045903168808,3.1131693178952,3.41035025362196,0.394291297439423,4.44096601067335,2.0605965331134,1.97048384904947,3.15977662783634,1.87212467983578,4.83053538091039,0.19998923081037,2.52646872040445,0.152967554163864,0.162267943789964,4.32577385245764,2.32179971443873,0.25250871783712,4.64282623514809,2.939780565581,2.38548605237135,4.14216557384721,0.541677831482189,0.541677831482189,0.228344024160866,2.40497138380188,0.967122240587265,3.57824187309567,1.43290685103096,3.37381822134912,0.641213475280214,1.90880079685501,5.62186588688941,4.56165049640878,4.05792473917594,5.82206941510612,1.83225336617417,3.49553667483551,4.96195085932661,4.24602776962632,1.32360891839663,2.6127417309462,2.88321639807968,1.69649799014174,1.23598614022066,2.80056580415568,2.95510684439493,2.03880553496158,0.394376919724701,2.58503681384652,-0.028086799002319,2.55366679886381,"MCI",-0.294893953
"248",-0.12524774950444,1.8744899549191,0.309589206749733,-0.13025702699126,0.839889200238798,2.04577611079235,1.62964823707498,2.32936632831676,0.976885331619555,-0.126363026395354,0.267126507593303,3.4860632810221,3.32140218658973,-0.225467360774952,-0.0987287720359169,3.25539255550054,0.157686649338909,1.12787990329614,2.46056424795581,2.73517812710556,2.60030837690362,2.39489968601759,3.28240859307548,3.08731373313167,2.74452972776436,4.04736059418148,3.03246626471992,3.14888848786583,3.10743917791165,3.11602092739508,3.20815591253164,3.77169040035777,3.7388022396952,-0.0911014723481354,2.19629366023498,4.78006741547161,2.71621855978518,4.29500851553482,1.65840548214929,4.8384440332663,0.123863596334672,3.15129693430113,2.04837355628234,0.106945926662989,4.96005319455926,2.84641947039872,2.09416756136047,-0.120290071338173,8.08376173453333,4.47432158765308,2.72935144038292,1.87935992837045,2.00649076469017,1.86099068853978,2.96566689277517,4.50999818085925,1.68735530635796,1.68735530635796,1.02967382221046,-0.00676048368132265,0.365312288345637,-0.156863898412044,0.558518961641042,8.28452791633471,0.67730951278351,0.245911795501695,6.77701757990689,5.22384676956114,4.47861475014704,1.91544744430959,0.387812278075508,3.54780363756274,5.30968327759533,5.56282023623997,0.706055415586725,3.2737388321594,3.77650093770219,1.42603339727894,0.0188822491746854,1.16932797733266,3.33844693787454,2.7503736143582,0.140382183248494,0.280804408650352,-0.0202098216700136,0.111005529564437,"AD",-1.619333175
"249",-0.137064640909832,1.50269046409127,1.4012093197047,-0.1058150552033,0.490773291250292,0.770798663224092,-0.0325453530310282,1.37068901280119,1.02231779233881,-0.123705211853777,1.06110432747303,2.50440940447204,4.06329985697453,-0.0915485093108961,-0.108173791488038,3.03086403575463,3.78790262986349,3.39708813738786,2.14035073739644,3.74789302994199,1.38534535797712,1.42257509799287,3.51459564846694,2.62508723558799,1.12381647864904,4.15489914171221,0.488109851625898,3.1979554708822,2.72667537973686,2.48996800769693,2.0843600259777,3.3001178344343,3.04805665298581,-0.084661887330299,1.78740139373587,2.5208453858867,0.136056349232941,3.6194563061404,0.606596296243571,5.48248053538627,-0.295811049573785,2.04098809640456,1.98789298356721,0.318540846107189,4.97544875228433,0.154816545717582,1.07512996061513,-0.116471362752311,1.1582189912081,3.9326040982647,3.03133096769316,1.96084710974175,2.68336902357722,1.51578578138477,2.08552099504342,5.0378974038646,1.98381962941798,1.98381962941798,2.36053217894768,2.64608712187408,1.85860246071822,0.0363795071645929,1.28982748625667,7.38154049239214,1.61170152777658,2.62485199643794,6.0779164686222,5.44152018269936,4.63155921462038,6.00765292411643,-0.003603460756754,-0.176995545621132,5.45650989842935,5.68492932055883,1.00332931034468,0.997403200483441,4.12258547497985,2.1128540548867,0.257362520708654,2.00186801537019,0.932488689118472,1.52240779997489,0.9221541733317,3.45565045697375,0.0218836025148375,0.94594209902643,"NCI",0.315474942
"250",0.1822086093842,1.45381686123105,1.64837012279634,0.164974603093072,0.552995293287916,4.11289141095053,1.07522931571409,2.4083080705634,4.15758995959678,0.170773823119903,1.91983037708542,4.33846023934699,4.67478832546778,0.337642623200549,0.159053334667495,5.10271857201989,0.523366187887353,2.94418174159617,3.83840628263241,1.61066423467903,1.95988786787174,1.62415821109372,3.66280154354206,3.10191600650124,2.01676347005408,5.62704416966892,0.553001798156641,4.38054967017146,3.59969932313984,4.40531367784077,4.6574781410695,3.49585702848969,2.9305567533523,0.1327433349301,1.85021191708295,3.07132888094317,3.70959315029619,-0.372057598897376,0.183010414430089,4.52507603906781,2.74502130900137,2.88457738247607,4.21064642395199,1.6498186220944,3.84871849191631,2.01841166229959,2.34629485706192,0.218135531455003,0.620095291648045,4.9645968108915,3.79239534827848,2.6840454030251,1.70534035171265,2.36619015514709,0.237276114095721,4.17583583586152,1.22486649163517,1.22486649163517,0.852831270764878,2.02069206055006,1.08964188327206,0.0545244280718868,0.485153315924661,5.54504476878176,0.519734459539464,2.373417448531,-0.600692213640173,4.29173529197792,4.05968497854529,6.61642888398683,0.319626300745741,3.24868251253637,4.78207877532738,3.82776229755042,0.957044440907533,2.47411913985014,3.56446414862562,1.94928953842427,2.00239517461673,0.439093353838535,2.26933940813937,2.22239424487939,0.227745403328056,2.68920757338412,-0.00270605849996386,2.27432159007946,"AD",-1.940261849
"251",-0.0193438964988035,2.73289639159191,1.4293505947967,-0.0850854138919895,2.29076043469732,4.02617174641987,0.4946939920899,1.2855251740788,1.77739427331212,-0.0834437516608192,0.460894096211296,3.36342269614748,4.34305963235923,0.0341660385768543,-0.0970539751563605,4.13900672188889,0.151720275840014,2.57409544563013,3.97339956774069,2.8509524622342,1.97763633417418,0.28312492960446,3.65645443136802,3.39301586297832,2.36852797575129,5.9081631073743,0.464260684611737,3.78317775700741,3.59429530492219,3.85472159200061,2.77450470889967,3.79649323677724,3.66030079962029,-0.0943077960141329,1.63677039037021,3.94875240488929,2.67769705661576,3.37986704803939,1.88409132780967,5.48097680945967,2.7005905707176,2.72101991771572,3.68362740649295,0.534707932667986,4.55825323843794,2.32459433940078,1.83843341583399,-0.0734280338761797,0.47305680055203,4.75056248891061,4.14568698711447,1.92998933818877,3.30359778008213,2.88530047941618,3.26722563935157,4.98340764013187,-0.189053932758579,-0.189053932758579,0.145245168001175,2.31610079191856,2.4335333545575,-0.14290083243943,2.73261999073312,6.50517767526049,1.63608612536614,2.38141884846654,5.9851484819576,5.32059917052285,3.79666368253293,6.14746940580279,0.190269067128859,3.49365195698557,4.60679541252704,3.9859163485856,0.830768824634727,2.97684185891294,3.87905384395741,2.51593908788462,1.53452174499922,1.26433611675829,2.72905754197,1.98969986797948,0.27406547018773,0.259967574471242,3.359938057962,3.04645012273954,"MCI",-0.247692981
"252",0.0197604799112566,3.12457810095574,1.94469498765676,0.0157315747090819,0.623514798270197,3.69623445721783,0.0755740416839052,2.52278752033836,3.01138541303108,0.00984175381027386,0.0521743984019865,3.52180682827358,4.59765061704719,0.0799753139426935,0.00596621022715071,6.42350322041553,0.419501611445716,3.59076373621611,3.77386282615245,1.71494355510976,2.7744972364593,0.301910988088985,4.51831487072709,3.7551256288656,3.01486026745166,4.31239734977516,0.504744441153381,3.77998673852971,3.94577454536656,4.52789444382074,4.02693760208891,3.95719141859332,3.5873843666861,0.0140640428378962,0.360516251179577,5.11464333882461,2.63478513036371,3.40402392169144,0.492730754663047,4.79351070605784,2.9795867212944,1.5785454032589,5.25768348130897,1.35696052861787,4.2349631347263,0.196835571443248,1.082456234467,0.00293723436174465,0.522152371639888,5.38442329997338,4.38373023484428,0.286584673946008,2.64084929324704,2.99041537463151,2.41062031621004,4.30187627068545,2.20513922902502,2.20513922902502,0.380743269397951,2.4758180244306,0.302985490024345,0.0353379834935418,2.68545528844576,6.40131482734107,1.127063012138,1.60810055206292,6.29024663952223,4.62456354856318,4.51805140720521,5.60787271644029,0.106803340844053,3.14428212621135,5.52381758211256,5.37959719021201,0.772545280745572,2.05434709332666,4.1221500313102,3.85149381693154,-0.0168372390800081,1.24393168163726,2.51378963622248,2.64458986893416,-0.357461797431608,2.64708201874618,-0.126370908019867,0.8979200971621,"NCI",1.238003435
"253",-0.0230809076823252,3.33829048138109,3.11643143421472,-0.0249094886566422,2.45915062760588,4.29818067587571,0.977353796864226,2.73364635944212,2.06992040476798,-0.0318557778535877,2.650045797054,3.52673796946391,2.57334927431676,0.013729984057173,-0.0335002990630181,6.03599289804452,3.14833017301908,2.25113916495714,3.46444069841469,2.64381583884963,3.6528595352077,0.0938815755935689,2.85226443126311,4.01482461302556,3.76265425904539,4.13530496661194,0.688791202631655,3.62378409710372,4.71099527381638,3.83541544289144,3.56626831115492,4.46204270635101,4.25741831513302,-0.0541197819651644,2.89522616817058,3.75532752316273,2.88791928521005,4.19608375812593,0.200089974746702,6.12494824087386,3.11476340605043,1.99264205861753,5.65794949881257,0.380894079000834,3.97743812106761,0.234115836052167,1.57598673834345,-0.0528075280898942,0.906218681762299,5.65209640271267,3.91373586847648,1.80525479581214,1.57543616799485,3.2976946540035,3.95389402785705,6.58586226713456,0.959715478181352,0.959715478181352,0.533661924460283,0.075919149682742,2.37297484297256,2.36607391713254,2.59243091242591,5.58545079023313,0.309234799151123,1.44035061199144,6.28090763316472,5.07662778352913,4.80813953618961,5.14726183751722,2.09437151729735,3.87403087438995,6.08489143650864,6.0452885197547,0.884818741173134,3.38502309856136,5.880836035688,3.52232818991601,-0.481453223614827,0.47314269463575,2.48634119076901,1.34937194073819,0.0858048745115151,2.05091685946185,-0.0977473299304443,2.54745443156533,"NCI",0.09800953
"254",-0.0490994235414306,1.00309444260555,1.10836360763291,-0.0462178153210226,1.16199782062348,1.40017817873862,0.0454406113146048,2.81761324299932,0.894376516418675,-0.0336564544994639,0.35901478013731,2.23859874455989,3.81800656943368,-0.0526910572453894,-0.0325009894116655,3.1359085726857,0.284819695279697,2.81109590411352,1.74922412529284,2.57841763638791,0.675480240666857,-0.0365590814827713,3.09414315594718,2.61303526196528,0.897591039165045,5.85956966845331,0.422485484343262,3.08391028829733,2.32950717965096,2.53896807704095,2.60150493043614,3.12579318251744,3.18332574911017,-0.0296466480828828,-0.0732854237784972,3.94213133962199,0.715802279727587,1.17212996991579,0.167604442534392,4.41124086943558,1.27894278761184,2.43351283463957,2.47259170754673,0.299795226940703,4.17076339488122,1.75590252673076,1.60764901922331,-0.0361625672150933,0.627521168861352,4.1500790115194,3.13380410453714,1.81470779670361,1.87443534465998,1.15478451790522,2.70184861985409,4.05234104533505,2.27524318417734,2.27524318417734,0.197508359351341,0.144939938239625,1.52845747073874,0.115294489489104,1.05049975049752,6.81442410819438,0.936506309938322,2.86770708605337,1.05688330055689,5.38044135767718,3.96946698696376,6.71181503753428,0.45755088467936,3.21186673269528,4.55454296855491,3.07209408358179,1.86856857315969,1.81519415313267,3.34046261780309,1.05036913143582,2.23272855462641,0.979293397806497,3.4967925711354,1.79313576916568,0.322031251268873,3.08685344185545,2.86319125095707,2.3630682734162,"AD",-0.87262921
"255",-0.0362368640617261,1.41011050065043,0.967682264355096,-0.10729778888829,1.52499009489105,2.11402995029458,0.802867396342804,1.23155955016354,0.861602555770357,-0.12109560726291,1.75455639556913,3.18627955767347,3.95704520136934,-0.202566801476304,-0.108238819896417,3.90764513496729,3.99650851131537,3.51733527266976,2.30719556082055,2.99707491225529,0.325447614882737,-0.157482463554318,3.5755286551612,3.68907017579575,1.34824732037499,4.07991661995368,2.15654295097054,1.75671569133605,3.48865225034762,3.29397434007001,3.50493095049574,4.38958293852363,4.12973471756072,-0.0944894737336466,2.8742208638265,3.90340770803644,2.14911220887494,4.14904725939993,1.021304801019,6.16934682482418,1.9301767197199,3.54792491373605,2.53078048299918,0.391970512606084,5.11780100470352,2.98787256739842,0.983333108915768,-0.120904892634144,0.670016960372861,5.39996263857188,4.88187675953058,1.25327096487071,2.30418439489138,2.54118142578917,1.34598166992944,5.67663032517071,1.51641939174078,1.51641939174078,1.76709633154598,2.30816358895812,2.59424585637725,0.209234269826166,1.64053699393762,7.06019026108397,1.02428443481672,1.83723068944181,6.0355977665645,5.62686442204579,4.49098768103491,6.00996573360823,0.0797761614612009,3.6270383531729,5.31326371412983,5.57034752322677,2.02015455563339,3.05612520755259,5.01789607397348,2.31654234182537,0.261569311756582,1.6864883809738,1.09492341606063,2.43910615052252,0.872391907801813,3.36241886901514,3.60735856563072,0.986879193656174,"MCI",-0.715807037
"256",-0.0287630177041612,2.50969611079352,1.33251574366945,-0.0109902973792017,2.65027909347198,3.83505871261767,2.17285465665202,2.66629895568002,1.31069850689746,-0.0453278589230303,1.39497954349841,3.21776671958082,2.61319590266765,0.024129498342343,-0.034359764888804,3.19096663255623,0.470056679402246,3.79689432534066,3.39883500631813,3.19550813503999,2.03584485615997,0.0696915787345125,2.19227752513184,3.136524706156,1.75087644797695,4.21097563683737,2.37293515307792,4.45630148863619,3.78630578946914,3.91364298521122,2.64340715119724,3.86768039441286,3.68153983828224,-0.0359860259618263,1.96649362372656,3.29900366155957,2.60416306907211,4.17116722955928,0.244316488325096,6.88684926558208,1.62350263843406,2.65579571190831,3.24742997897883,0.624674479787537,5.49616451491635,0.763510529906997,1.03615226958707,0.0239535286462297,0.717640222463929,4.1250761222758,2.97464279105584,0.153209700198577,4.38661580251106,2.52303212224699,3.08791585125005,6.56741850131756,1.18236950702647,1.18236950702647,1.34694569133368,2.76591640283374,0.581310649820235,0.0232009998631409,2.57815072103016,6.9152991775892,0.883586399200484,2.8257230773166,0.710771552938328,5.1590186837033,4.5024903843446,6.81564042181651,0.70358215853687,3.03183596279392,5.36704026157822,5.6946009856369,0.702603172320141,3.91600356183954,6.02942037785587,2.0200203822063,-0.0511718859849966,1.69117104888339,1.01333667972998,2.16891557791131,0.322031251268873,3.1323114953711,3.83577526096048,1.64048823124915,"AD",-1.807358378
"257",0.105243880779742,1.9880427786092,2.94787244337244,0.104058685984047,1.42213704045994,3.38579474799268,0.448570927354705,2.98385159923738,2.09727439599276,0.095920641904939,0.221844364518554,2.95853368486615,4.00704548362141,0.188703896915839,0.0823870215553205,5.22966605384396,0.0847745064960506,1.48332045270541,4.49556776683193,1.98812782827795,2.83475571507817,2.09199721713933,3.09454526995563,3.30579152543202,2.72079383316628,4.24679214144311,0.83881450391477,3.89697671303271,4.47929609664024,4.385686919076,2.75169934707568,3.86006522586485,3.73297654325498,0.078920211081418,2.00802776089744,2.38236435858303,2.34541374798275,3.2386758846724,0.466655007806868,6.82074979270878,2.37804218490815,1.54666116322337,5.27663189148156,2.13776177711344,5.32120236567128,0.0686725367624911,1.38731055007308,0.100560076896173,0.478937948011136,7.01190470477889,2.44112771906323,1.98713201203687,3.24197318914955,3.17743541761004,3.06906835335123,6.39037994130267,1.31421465390098,1.31421465390098,0.77363215604648,3.00982755891427,2.45846520528772,0.77059032419337,2.42692156362631,1.80596010558878,0.5136043950414,0.0405528132856008,6.73947668842715,4.76186571688127,4.62369229621149,2.11122148468692,1.72585987567397,4.07717634179498,5.43374057884457,6.05737501920811,2.354075146821,3.23710585170436,5.27096327012454,3.2506008905471,0.0300909269523079,2.23786323193482,1.0860386491648,0.289688336862511,3.30124857545942,3.5154199233705,0.0669776986252448,0.608218984740984,"MCI",-0.910599421
"258",0.0470713176702532,1.77528724746651,0.425057724670279,0.0294664553215589,1.90023002061453,2.61907983517824,-0.0296763592175391,1.1818285686001,2.21630250814643,0.0717662720742407,1.85551523386283,3.07567636043818,2.25783930016702,0.253234358704295,0.0282426742498471,4.36345665480145,4.07177142287431,3.0121979443552,3.11162455828403,2.45943544336439,1.64829782022799,0.185769411477971,2.11965100311809,3.16379016937897,2.42444720600056,6.17954880610058,0.714407025526369,2.23935812294218,3.5246800930108,3.19559990484912,3.19991551620396,3.45647987773529,3.31088398454142,0.00599214872033194,0.618056485259327,5.04231285744583,2.15962949465817,3.8080190760049,1.39193555851456,5.58956111334853,2.71341586254804,2.75694062974104,2.83591583066319,0.738648339714027,6.12451564214371,2.57407972879558,1.01816033994713,0.0807251325148941,0.362137202609796,6.1292461814301,4.16109022410345,0.380774147896481,3.59333423799358,2.66662123162225,2.59121518950561,5.17717235523303,1.46479740992815,1.46479740992815,1.86906066846615,0.0787600757745804,1.77082463602672,0.0802717875574949,1.60576263175501,6.29157283279999,0.749315135403512,2.16628076434616,6.29053098928191,5.06912051470764,4.33312299543152,5.98540002616098,1.82903154017682,2.77139598722173,5.13769236588165,3.30480249721838,2.30804847296992,1.90160631184624,5.25231731578009,1.18807515234253,-0.0144093146664662,0.614855490357102,0.821002712676874,1.99053087377116,0.204017803593613,4.67000658455603,-0.0557165542936529,1.01374715681126,"MCI",-0.623724093
"259",-0.137064640909832,0.611228195457132,0.524305061018074,-0.1058150552033,0.929914375832679,2.14147001803631,0.164175293016009,2.76309773211811,1.25106546925313,-0.072240262733161,0.212066560132916,1.53042136713838,3.22034246357732,-0.126369709665205,-0.108173791488038,3.08704966379031,3.18812328536154,2.94668513368011,2.0535944640381,2.66185499601545,1.09164255068921,1.80602469760842,3.46959287440325,3.04200715147244,1.17920749787512,6.22284571076899,0.630629641783633,4.36409122052639,1.94535228755839,2.7532443558615,1.57294467106403,3.44313352787141,3.62741144631822,-0.084661887330299,0.357419575528319,4.32572860654085,0.826490482137637,0.423816936014859,2.06251064793777,4.94707376109423,2.27083520647568,1.29374908877705,1.9557801356905,0.557356320564938,4.75444062765514,0.130609359617001,0.68116714404282,-0.116471362752311,0.385580147850454,4.22911766689722,4.47828378590368,2.17475709319836,1.30842860998354,1.22936167633542,2.20873496849085,4.40185264136591,0.714162971656414,0.714162971656414,0.879722001493335,0.187111079141065,1.57692342310689,0.0363795071645929,1.43592708641527,5.3415305395423,0.951771600542975,-0.232832891277683,7.12027825266311,5.30510429390314,0.423791704461429,1.25372053444279,0.124175671490111,3.65512172801444,0.543127324064166,1.602365090973,0.564014482877567,2.30999090816228,3.13933109552595,0.983110455671536,0.257362520708654,1.86371341599145,1.75109404036381,1.46762027480423,0.687784027811742,-0.429175372740244,3.22357413979819,0.94594209902643,"NCI",-0.003617073
"260",-0.0903395172381579,0.804104200774148,0.815550361354006,-0.13025702699126,1.63512196655531,0.875714803218369,0.453325732417001,2.3782704375209,0.795441527584966,-0.126363026395354,1.55019546520346,2.21925864220796,4.35805145271535,-0.138273656071669,-0.0689787419519268,3.32965670172795,4.43061175453673,0.757471808666897,1.92022516616749,2.52798267381764,0.714618141083424,0.215756297305212,3.91967604241359,2.27391384866564,0.823553559006475,6.11482434907249,1.23078435064422,3.15704611810621,2.496101215967,2.44226504910134,1.99213005636934,2.94339433821673,2.78456488866027,-0.0911014723481354,0.465106449213204,2.95775080968717,1.15784723880572,2.78825580314639,0.525256026032508,5.85171644249469,1.6454746322719,1.15108963216375,1.52732131431199,0.273159227547527,4.04888612413838,0.103475106283174,1.89164068859456,-0.120290071338173,0.592547100941659,4.09912893236855,4.07219098269386,0.437176444080396,0.486688954910143,1.44271988068646,2.93208536770879,5.39047727126627,1.8131695414072,1.8131695414072,0.111822540215927,-0.00676048368132265,1.33449525784027,-0.0880259164938204,1.03236928784091,6.72956208039529,1.23465170318672,2.66846566785146,5.49301148120883,5.60709400446473,3.7010060554568,6.62819682328797,0.186841161409515,3.06970136296554,4.6139187225675,3.57009616672608,0.246441627793448,1.6308536498256,4.69032147765021,1.55716410240312,0.0188822491746854,2.48073957474861,3.01305875348807,2.2753452306918,0.835792483842599,1.16278260705133,-0.0202098216700136,0.111005529564437,"AD",-1.750360756
"261",-0.129441651767831,1.50706381492681,0.841179300577926,-0.0591590991307005,1.33018878903436,3.20275045283053,0.126531848098739,1.28760650271321,1.02824082914186,-0.117151311019169,0.703657541027587,2.10639071280968,3.72511977643498,-0.214568955155677,-0.0955339274883289,3.71899385961375,0.292706201515753,3.26314836945197,2.29465124017522,3.36137897400274,2.92274339351285,1.83607170069035,2.5274399987599,2.92453090500975,2.78721524446436,6.08970454482751,0.418980100659058,4.23848109387791,2.47404780689352,2.89441633587381,2.46676441549414,3.81523679998398,3.56539041435532,-0.0988353430950836,0.103223989089253,4.07156031597785,1.04942515810334,3.24802745009623,1.79221935811897,4.89808738364945,1.9921471447982,0.751134742677283,3.2737293858065,1.77277012182039,3.75897825968152,-0.0175006887681654,0.654368350155549,-0.123685071760345,0.440258778372784,4.36103115118948,4.20783020262165,0.0705101569990714,1.05258853592968,1.64990239523297,2.50503685193805,4.55721515632721,1.39012450344297,1.39012450344297,1.60248231389278,0.307399309714831,1.00945354938159,2.2283896267947,1.96139738082413,6.08141107214904,0.214150249434471,2.08674957034555,5.72220677311365,5.10241728184916,3.9760626276202,6.30343168294795,0.25864768613709,3.91614121581454,4.62522042919975,3.19075241789363,1.90268499713514,2.82776872377631,4.07352403043957,1.53423450621896,0.020232089335759,0.912746791564398,2.95346942908319,2.45869154495408,0.216119760495763,2.68802638330063,2.57271694158778,2.78565729883364,"NCI",-0.194864051
"262",0.103145269298588,1.78931455392205,0.653358863234124,0.102670179897602,1.20204030576337,1.42359530508888,0.0387793438594591,2.71697074574191,0.213061936442597,0.120723867050582,0.377414391909316,1.88302014609269,3.11123939365762,0.2711454328132,0.0799549628810027,2.36523113305777,4.60852791570998,3.15757968126552,2.27801260505833,3.45538123214445,2.049374243495,2.17941397497783,2.94604529101138,2.55260104647534,2.09566949140392,6.04899179100631,0.73742439379503,4.93956161417366,2.86722539949474,2.65235124310932,1.40215770081814,2.9914103912471,2.97753045246736,0.0802778024747958,2.40317598166454,3.43749558430889,0.801189264062937,3.35918615020921,0.350426045652289,5.40985721104817,2.0588876720383,2.49053246260109,1.67913772286772,2.01982386445364,5.27457868039319,1.73034938983136,2.24406967486247,0.0995468654556309,1.20744925129568,4.0721805502179,3.61466067710516,2.51126149467558,4.03203627326763,1.18898596606175,2.22206592056421,5.0031054367679,1.012865447235,1.012865447235,1.52772427036912,3.26871761342276,2.3964107846914,2.27162979927093,1.53255968255766,6.31136068190669,1.50344122413955,2.20105934611871,6.19643596976932,4.99740154105815,3.6219346796161,6.10707097759836,0.139053834143738,2.72378683435871,4.39823054482993,4.34213312109296,2.76702732930836,2.82320765335457,3.80380106459126,1.31226659014176,0.0325300116483972,2.18041572709909,3.5746153018717,0.77013135594831,2.95434539288384,3.5185545044269,0.0802432069139015,0.989628058308413,"NCI",0.338772799
"263",0.0122318559644509,0.85970111151764,0.099716589820142,0.0053007046057234,0.0871329248032982,0.890152117174825,-0.0444551231412769,2.70986570929774,0.274605006650766,0.00984175381027386,0.12423153072026,1.05332675759023,5.09431737956461,0.0608513919901166,0.00596621022715071,2.8242982489729,0.285251651794897,2.3710285221347,1.25742574618807,0.887091777509947,0.0324254807160695,1.9579176138482,4.94490277321356,1.05779128406811,0.482970809796164,6.60131219395896,0.0185185456444226,4.22544857311347,1.9349835335644,0.914988296132717,2.23349946067454,1.51296964779231,1.60346246632922,0.0140640428378962,1.46060602373696,3.88172154048025,0.124765069999528,0.281452558812463,1.68808639545096,5.12869565018523,3.20508286804842,0.654735716709757,0.264729847982669,1.32190162490879,2.97842061024333,0.460516149991156,2.29450302787964,0.0170029736580017,0.27248880840552,4.27034887992061,4.26017757566245,1.88251938631388,0.705331987387237,-0.133812840540724,2.47712085126078,4.52949167158991,2.8289721629081,2.8289721629081,0.523870571649296,0.136942112709269,1.38539620445084,3.05076105953904,0.506910545057452,5.75769192081947,0.574078133103801,1.54456245255312,6.28326541542024,4.55659009433658,-0.0771936407042335,5.45069395367065,0.290863296517241,3.93347575954797,0.400167737575233,0.505663413816471,0.934280221908699,1.1631636182281,4.33336737563777,1.02571468145178,1.42496255645145,0.0753848865671973,3.72252888791333,1.09075140320643,-0.387062891434848,1.28078333303646,2.37545266729721,0.8979200971621,"NCI",0.338363076
"264",0.1822086093842,1.4736104105086,1.43375582153245,0.169065737874024,0.964143708220235,4.13954975455908,2.03132546286669,2.23398103857784,3.91118032351427,0.170773823119903,2.42730501914678,4.183278419946,3.1495399389432,0.30589271505217,0.144023217754929,5.56627856433019,3.2779293235181,0.784528537739594,3.58744962232591,1.90092725359977,3.4733567585844,1.68617176240827,3.335490363473,3.39866003457915,3.75499019228395,5.89860265720952,1.21983712301657,2.59555486533999,3.67283684878713,4.84635869462811,3.60072648064109,3.65114839715678,3.39428472909395,0.1327433349301,1.78041859331226,3.16481790879053,3.84023664218393,-0.313984837309371,2.06239378418421,6.04454965847444,2.52051484604229,3.59888576947285,4.85007356133037,1.5736361729349,4.16798776039015,2.79743998654486,2.55589845344969,0.159156707886327,0.0701219472505638,4.76689539836131,4.25932483534309,1.38086566350541,1.16756628324316,3.28705169881682,2.62157133369746,5.6020840243154,1.48735253613509,1.48735253613509,0.199848726090439,0.440826028125345,0.581093387667689,0.0545244280718868,2.67415658849373,4.84001424626288,0.348582073105839,2.60826441164717,0.841398606777362,4.31256060483029,4.18689912831253,6.55152242601276,0.192478414802649,3.82669207181028,4.97592920736472,4.21332229506812,0.841048786104723,3.31702912112722,5.21116698041025,3.23322714140506,-0.218446723263825,1.74044106851414,0.468042451439568,2.53393191880151,0.227745403328056,2.49243171308004,-0.00270605849996386,3.38925169860803,"AD",-1.409922294
"265",-0.0312801305930671,3.28451969335785,4.02109175119674,0.0166165297084083,1.21890346174224,4.16378875566206,0.139182916313453,1.17131691876416,1.53051128721487,-0.0314174211957514,1.76515798028937,3.3636625579457,2.81506574393683,0.0396156912826393,-0.0256369184674275,4.55900390865561,4.17173067947531,3.61093471244696,2.99236705692688,4.86818918928352,2.83754957980923,1.49029638010581,2.73211301015023,4.68423382371803,3.92947873564616,6.34353103817634,0.119680582605144,3.94475108614171,4.89203433501899,3.74132574673808,3.27730508992232,5.45385174396984,5.11010600062171,-0.0265665999607458,-0.328045682124339,3.83726862083187,2.97622460222245,4.14929446500959,1.88965287053331,5.64645192935584,1.89076381879871,1.55450065468034,5.64190111109158,0.237135473163761,5.2889356045405,0.0845091939715376,1.87139771495517,0.0126803067871012,0.690274844774013,4.72605289072695,4.40774151275526,2.8358877745362,2.68831954397123,2.25657323165101,2.84167920964349,5.25952344757871,-0.139106466104553,-0.139106466104553,1.05692557758522,3.47448556050611,0.71548272904986,0.734979351554096,1.94618952015436,6.78308866053138,0.60586856025874,1.97037602868486,5.52051827021888,5.15648834446058,4.01684437536373,6.17092885079675,0.22424236939331,0.40021159554876,4.50244392995527,2.91359041618827,2.46708892676346,3.00334620802549,4.87690566697353,2.53722416089142,2.04632524980405,0.632275340427952,1.22701238755178,1.77073180346129,0.471970820348384,0.718350059553141,0.0945436743870222,7.57769834404761,"NCI",0.338738201
"266",-0.105272868259389,2.56570284133007,1.46239931053086,-0.108972789420447,0.201612795200992,2.85512083364129,0.404968031718976,1.61832661557266,1.28016869276875,-0.118706077613125,1.24670580548717,3.37388429452968,2.70206631307093,-0.176050681667881,-0.108310468554367,3.33814021559071,0.354428693338573,1.86083768341944,2.21992174518886,3.44179046852769,3.35987834781452,1.43752321405372,2.12818273583256,3.16606351495229,3.60683770643811,3.77461871829774,0.445998686706073,4.50825919729913,4.50770632284381,2.82101020530087,2.3554138466556,3.93010092527025,3.45247025505026,-0.101449185538139,0.751736303462884,4.31737714044131,1.77452450833339,3.45155304207596,0.0701010010014835,4.81186144973653,2.72256062791993,2.50980587439829,5.5570971063869,1.51746520463263,4.7864389529845,1.82486940399074,1.20748808179505,-0.126731919531931,0.295049247333773,5.29573754675966,4.06547200582616,2.10300530144718,1.8547590059065,1.76417185049313,2.30933602298711,4.69001465922276,-0.0804838149291184,-0.0804838149291184,0.320202724209152,0.41586515833209,1.77411431180738,0.049343278789396,2.53242370172349,3.80436526143609,0.0985876164345479,2.57771895343038,-0.155510679565369,5.18209760169138,4.70541345128529,6.66727858458653,-0.00267410916191257,3.89031237007557,5.35835976682181,5.4200256508832,2.50008637144028,3.71003013201677,3.8822878657086,3.12308890346378,1.86800031372852,0.761984386469932,2.6674329496869,1.97854433019039,-0.211157503239858,3.80170320551084,0.0132708750493539,1.17641965699828,"AD",-1.942798222
"267",-0.137064640909832,1.24624356433344,-0.238309785698512,-0.0557259050717983,0.367448139877066,1.38883492411009,0.191348729625258,1.57297885511947,0.878872746545097,-0.123705211853777,1.4720384950328,2.18308846490654,2.65211194755987,-0.114332697909083,-0.0415230120495972,4.03442974830979,3.41511840043413,1.89057896444115,1.84842079703162,3.58948428659443,2.19613764319174,-0.170569722172958,1.89826083562298,3.07359746381547,2.1941839369706,5.99376241682533,1.09753984679601,3.14615185517594,2.82016044064345,2.5326072543454,2.02846337956731,3.39302403277026,3.45789095610951,-0.084661887330299,2.24804902079601,4.49319562069908,1.43117515340818,3.10512002746749,0.822461183066095,5.5684842493961,2.18092347469513,0.903165099840011,2.98042590181616,1.09311146090787,6.06514721650626,0.000821019732305528,1.30497119099237,-0.116471362752311,0.504894716140353,6.27851065184596,3.94376863288481,1.50207658199212,3.57855037594715,2.09127383539176,2.89635812888945,5.07768264495815,-0.0736884448619766,-0.0736884448619766,2.13377183505165,0.20102250189429,2.59001308540836,2.66025787689896,1.31277315668965,7.01770267990041,0.880202753067549,2.18859000276799,5.98607421038532,5.3272903242317,4.2372003007699,6.0567187257643,1.83453079875832,2.71396477946083,4.66169677257106,3.92404269580236,3.15495074171922,2.26253722936995,4.62977367652048,1.19436122582973,0.257362520708654,0.976981202655144,1.99547138459127,1.70957173983809,1.43307155778924,4.76712309092358,0.0218836025148375,0.94594209902643,"NCI",0.22896847
"268",0.207937675148447,2.6636045919599,0.771990319896577,0.164416929617796,2.19436278231668,4.82539455230713,0.878506523574386,2.87577655854367,1.93902491011945,0.158552081562066,0.585195582859827,3.79145986021408,2.86020509548497,0.275163711713313,0.130222856352972,4.0061153584749,0.383066717017149,3.89619327053841,4.02428455186235,2.94173749381294,3.20631894358947,1.4720763830641,3.29039568539704,3.86922586480447,3.34189494049934,5.72640822047877,0.445073369073446,3.36822312193465,4.18013080335027,3.98326734519472,2.92965833977769,4.42875369671948,4.28567498131724,0.112211599350085,1.82431400956528,3.9678192773382,3.36111415630569,3.25496645432829,0.0937204428040113,4.69489478593674,2.51560291501783,1.6453461669909,3.77739887566477,0.131257285824697,5.05894369747099,0.647124683852314,1.18127931450688,0.148258497821216,0.391177269366954,4.34957335379143,4.15146513883613,2.28446067069008,3.00540012101713,2.61124642239903,2.79611562630569,4.18822752346362,1.58113119303389,1.58113119303389,0.239477750754049,0.0952435032054669,1.33769955355687,0.056076882094054,1.4487985406038,6.51212774366531,0.729293816238738,2.13079595695257,5.90225333402195,4.84604955724166,4.26352065380769,6.28218978115045,0.12764668187073,3.67086791297493,4.85761006465775,4.27323773988512,1.73292068827442,3.72774609580509,3.55025318440323,2.30452196035023,-0.225520022044273,0.701017226123802,0.564389941226108,2.2460604234487,0.42423393105824,2.67924904981335,2.59584233879038,2.98957648936999,"NCI",-0.251236357
"269",0.120734871385834,2.21598388604402,1.09976654767412,0.106972629360747,1.33595782599269,3.54779341306049,1.01012797444131,2.36199846909324,0.640208655823948,0.0914817584667591,1.41955082774458,2.80130561732013,3.82409755054217,0.227842561164895,0.0799549628810027,3.19074040723696,1.34352999880327,2.15358316965482,3.06286471679688,3.20613251667098,2.05083865960165,0.819971081300456,3.36389430302743,3.48562034153038,2.01031837398286,5.80190339985295,0.952240685238032,3.63047834564646,3.59044307621522,2.86961728465269,2.74428689245497,3.95005295634598,3.92063332545726,0.0802778024747958,1.97544994303647,4.17968228129591,2.27884744814047,3.00569439329547,1.67292074431011,5.78376842830863,2.79059287887166,2.2468022785088,2.35803788987653,0.753541884673516,4.75091690194245,0.107891207070561,1.60816284827016,0.0995468654556309,1.05640323349668,4.20233124039007,3.93473803572249,2.1102235190981,2.5340330268474,1.97270336059775,2.80307190120678,5.24359510145806,2.39062264625099,2.39062264625099,1.27867041163198,1.25343443319924,2.46658250467504,0.021444341093927,1.82939670046327,6.84004174204858,0.756815034352417,0.971293404596011,6.87060312573176,4.79211841669954,4.26241239395558,4.60508133025631,0.0512160544267437,3.79645751194151,4.93752601146509,4.41103938155645,0.758283776688906,3.62177049257438,4.60142601072438,1.65989204093535,0.0325300116483972,1.47834458743257,2.72417707235632,2.26999611199945,0.224328511566012,3.17156089131748,0.0802432069139015,0.586864468431435,"NCI",0.010150408
"270",0.109004174038212,2.14120997080385,1.60172511240611,0.0962364692275152,1.83563228144645,4.00006783494601,0.168977375030224,0.957329508799273,2.33383795463871,0.107371762920186,2.01664199332561,3.15166884798995,4.00839271945448,0.197048575061927,0.090257886712308,5.30425323164471,4.23826292289097,3.64206433714769,3.83665255987798,3.1706328662528,3.47497238611571,0.0415254664353648,4.01460610666739,4.21944272674582,4.08145149601765,5.99343069513863,0.895968011659644,2.91178707377367,3.74485047619447,4.30832878769059,2.94561401728166,4.58467436091408,4.22729281176522,0.0779587903969914,0.138908566845123,3.17695489787364,2.21274244199331,3.85225749903671,0.242162893221405,5.89419869154774,3.38770368311156,3.50226676893283,5.14226837901106,0.160504550938706,4.81324305692364,3.07687576633411,0.387258413401177,0.101891749507961,1.00777711528927,4.70083229019208,4.28387636719649,1.74464322242157,2.98421352084956,3.4366766369932,2.09380778694108,5.26023951213568,2.68995859251495,2.68995859251495,0.974787103069121,0.141048957342314,0.116780000569499,0.0272012746204602,2.29796149301069,6.70157070368557,0.905616221368344,1.81190626502022,6.1845968418272,4.60034484992892,4.086138526783,5.83402496703708,0.212433895319788,3.37606002705463,4.76113036186816,3.58183072794863,1.76487244037687,3.74403409965125,5.29566683170475,3.49127061890503,0.0364254568867398,0.49223525343962,2.84868208784137,2.59617909799669,0.159702361319696,3.82187465486277,0.108280313230849,4.68915832912408,"AD",-0.997649283
"271",0.176003513133547,2.37100383172041,1.23798024931856,0.162369320741543,1.21642678385369,3.16420487623583,1.41391841922827,1.28558622741745,0.894043582952826,0.158552081562066,2.43894460695455,3.12276502712921,2.30181746122287,0.296067598737109,0.130222856352972,4.9372430250886,3.61961156490811,2.2109741003936,2.51922572779654,3.65464883255981,3.01903262864615,1.65862375303961,2.45460286421278,3.87303115406305,3.46409378069362,3.91639722322543,1.39402345700884,3.11294218446504,4.55790547738376,3.66293168233788,2.61344176415494,4.39769025165512,4.23255525824324,0.112211599350085,1.86023759219043,4.74832885574323,2.31519389959025,-0.295723295299622,0.30145463226603,5.24882723913701,2.86779620591395,3.04779128292145,5.14829707099918,1.75812990906497,3.54823393187919,2.47268861327637,1.30347821964775,0.16094970006586,1.04310755793913,5.83364465244664,4.91449042509949,2.55263792889818,0.0946089486435906,2.40812567645585,2.88601564385259,4.84048085857982,0.0411260605577115,0.0411260605577115,0.794371136004231,0.00817546203014496,1.9793394412402,0.056076882094054,2.37533836208058,6.04691983415565,0.491893511722422,2.1908418310155,6.05274143471906,4.66929703249613,4.61276680716939,6.16143851082451,1.69780466459732,3.10555457951103,5.38476839036587,5.55154460837277,0.989042017862866,3.94561507785938,4.32360242198909,2.03038799442139,-0.225520022044273,0.766370063223059,3.23351090444669,1.70546542893083,0.42423393105824,3.9279465315747,-0.0102447246674167,0.0609468482572579,"NCI",0.269383859
"272",-0.108288048694725,0.850312922140937,0.697853429235672,-0.104032941836595,0.74290794061128,0.91010385746846,0.120042762305735,1.2002880314154,0.981278414029448,-0.121959930587728,1.75858857156451,2.0386402736252,3.18832970400755,0.0102391122533794,-0.0476546647512063,4.13345022432301,0.342101113373439,3.17171174659657,2.26855576100875,3.41683683171827,0.991001468800485,0.312934196452597,3.00281918885711,2.61711402613911,1.30489038826499,5.95018516431385,0.207552808434979,2.18281187108303,3.14168171535583,3.25441937118894,1.48589145862862,3.2937497463295,3.40189644646993,-0.0292514836605845,1.6427042651301,4.78102354778527,1.01643771312789,-0.210972823828614,0.617892946875489,5.80498804894569,2.14875870429016,1.03983633447959,3.20735236286891,0.414266649852487,5.14087148226809,0.123547722147449,0.236642913959126,-0.0532119454305882,0.3784280099761,5.82062244195277,4.01646131131191,1.7882643093907,3.80464582699939,1.7453984290845,2.76901439563558,5.28092469275639,1.42552040480523,1.42552040480523,1.81572554568663,0.0124551762495824,1.65106486374592,0.137375640822403,1.24663546201319,6.50913023416376,0.304673747579527,2.45553887097539,6.07656155336568,5.23328734803302,3.72207558408146,6.50769728759688,0.204574893513077,4.32570248690799,4.48002742040626,3.84058774142452,0.659611849486589,2.65654611038508,5.05445192189497,0.950951807760161,1.60029104773267,1.78050064102603,2.8160190720313,0.914323953362814,0.204611212244276,3.79053053722777,-0.0196825867737105,0.143035419945015,"MCI",-0.739842213
"273",-0.13799245404189,0.858833756338432,0.766459929839855,-0.0455339178114326,0.338236334408925,1.79367886945179,0.0956681550722458,1.29738173290217,1.14846037524965,-0.0831381610717309,0.261697629984932,1.51154075410797,4.46126408436122,-0.214568955155677,-0.0955339274883289,3.23398745984793,3.69471380895041,2.66587832755814,1.94225265777491,2.33796306105352,0.982807601753771,0.190384162314225,4.09941875805546,2.18739983328233,0.893954589532032,5.65059681978938,0.369103538843266,2.18346231015606,1.91908559066966,2.16648164364639,2.87295003019279,2.48774883681911,2.44165213798954,-0.0988353430950836,0.260340272317553,3.24719577166034,0.629447575036638,-0.23684911008203,0.267789515904647,5.84421811863038,3.60862762178241,1.9224419086056,1.7356325961907,1.39850429327552,4.34756788064214,0.283858160528999,0.592473734895309,-0.123685071760345,0.52367264747438,4.23518308484539,2.63654059529193,0.16309548657787,2.236476938957,1.04129723200738,2.74452752758897,5.30687341776857,0.652326617757035,0.652326617757035,0.158304108422398,2.16055285667455,0.258331055094565,1.10625118597324,0.872432814928661,1.7396465727525,1.26344332308912,0.240970801536949,6.38564933315764,5.03723359710335,4.02958176402681,2.45490803067763,0.470972834818552,4.04019276451918,4.38851529822229,2.5774080523154,1.90014425408557,0.423963076161021,4.96434030816142,1.63503042472462,2.21236343731014,0.349653738862236,2.74023828565594,2.93814712371,0.216119760495763,2.60893770711899,0.0161981354641043,3.2482121883863,"NCI",0.340920845
"274",-0.12475564142258,0.529236108073861,0.381115050263464,-0.0894652138786525,2.43830927002158,2.0784635781208,0.786235019858203,2.69640764163722,0.90832209064251,-0.123705211853777,0.124173073759309,2.28023917168355,4.99959974609145,-0.16344260680208,-0.108173791488038,2.71377432970354,3.66954871233863,3.42931393154425,1.80957017343516,2.52124389632653,0.949816526417178,1.71624986633074,4.64373972612038,2.08608935482425,0.57654748489797,5.6072335004116,0.443871645598008,4.10788861494864,1.7977313198741,1.94723436642461,2.55756669007704,2.47162593814026,2.50642748575026,-0.084661887330299,2.09548928260416,2.8708785049649,0.786996987077144,3.58945021940719,0.208310587936741,4.79256076530173,2.40683937874252,1.04315303410021,1.63980609004682,1.65702040410183,3.30758624332603,0.203341614186632,1.56931967924298,-0.116471362752311,0.0502310110629546,3.92052203587826,3.66171823993057,0.345019559532681,0.471815639752844,1.38569667407138,2.42516913446856,4.21125682588134,0.354258930404766,0.354258930404766,-0.360471347254197,1.85629946494434,1.15041695885677,1.40772690509033,0.526940108643328,2.59141826301372,-0.324565702323408,1.76920632306461,5.87030678927525,4.78194527642448,4.28299884572293,5.10558523929376,0.0731196131218931,3.57974825797297,4.50775175445926,2.58134806372829,2.1819913342354,1.18175971980647,3.01393705432768,1.04792513345496,1.30394001869408,0.548242701610811,3.38251536094995,1.93271060000299,0.508469464883609,1.4762689831472,0.0218836025148375,1.63492848202768,"NCI",0.10362649
"275",0.0129738780185404,1.57279789018347,0.867222385280068,0.00768024842755477,0.854769207144406,2.9558566522604,0.788224516022564,1.50106614519171,2.52353390781557,0.0460466085500338,1.70790491447089,3.90640611148265,3.29960103386515,0.033670617794735,0.00563112491843609,5.12445887515587,0.297145572408477,3.79904870569358,3.5879612740895,2.81701568701964,2.22710989917384,0.0922560733585346,3.11934005406098,2.31880064118699,2.47352854950949,6.27378333440741,0.816049453229758,3.37052006322408,3.7914214992106,3.93846816872735,3.42799027936011,2.73744212231097,2.47402763433528,0.00599214872033194,0.54519243247817,4.41466521339984,2.8642574723929,0.236287743442325,0.231470739908247,6.25327834302654,2.56440451730321,2.25438007588677,4.75323464711026,1.51850774040279,3.88799439472034,0.693208212689321,1.37132017479688,0.0037999099350674,0.361646963365866,4.23717293680158,2.58299681068592,1.84428557830808,1.33301260560347,3.35462020675666,2.83731619490613,5.70206510731437,0.0895138546094045,0.0895138546094045,0.38545543050371,0.0717858083374173,0.827581731793704,1.17524457894133,2.09778007935863,5.58426239029125,0.256742902491727,1.58028784078988,6.32401205458214,4.91442798866396,4.17305091943688,5.54774556580528,0.102915778296568,3.93212666525118,4.54231603199252,3.2835081470591,0.954550621396895,2.96034298002624,5.19394463728421,3.09395907424825,-0.0144093146664662,0.751957324654062,2.90100395311051,2.48648503202679,0.428590490090424,3.06570751023145,-0.127521666300063,1.01374715681126,"MCI",-0.102642124
"276",0.0770709652589961,1.62166424820632,1.003593052137,0.0677737601303937,0.243111647770456,2.44195707185959,0.370490713694817,2.40515944537893,1.23797036601533,0.0124538273434234,1.51658771187783,2.24897184641547,2.31835301988278,0.0943574417345356,0.1350495513872,4.36945900904561,3.98399579512197,2.53167086983452,2.828134539295,3.60905193487865,2.42124952483436,0.575543803166103,1.64220987801673,2.48699249533579,1.65136517314551,4.56303065951659,0.774231185551223,2.82117121748333,3.38201917986976,3.07464734477422,1.9463642809333,3.02813356956419,2.88842925360222,0.0617830618464444,1.69516259449223,2.81978452924711,1.99949999065726,4.07406949604139,0.680115374185343,5.00578651730888,2.10052257930403,1.42938871504515,3.01348515945882,2.36340176879026,3.51723851122017,0.156236053562518,0.267750716837053,0.0037999099350674,0.695450178923912,4.61721927724787,3.40988252195634,1.96615260377226,0.62665934249403,2.77887269600971,3.08931395340042,4.52685715143792,0.0895138546094045,0.0895138546094045,1.81878743994394,0.120453711218819,2.16418157199308,0.135608160107761,2.39538120567129,7.40719850559859,2.40986217111338,1.83767618388764,6.07384163130619,5.76350838559065,3.69497348735081,5.90233564931089,0.068359424188656,2.97413084143979,4.90015941504001,5.22989170803509,2.86257528269221,3.86632919764566,2.42572093823917,2.87847416125429,2.34409282433937,2.56688527691588,0.669402736350448,1.46069358324838,1.21280128969755,3.11394588902292,-0.127521666300063,1.01374715681126,"MCI",-0.923506552
"277",-0.137064640909832,1.92855338511664,1.09909943401566,-0.1058150552033,0.925393338252528,1.39300869956138,0.0976636012209645,3.12321184775889,0.79164827001649,-0.0663504794564088,0.0817060153102374,2.60454905955784,2.27673159632558,-0.14207787368572,-0.108173791488038,3.05596889323124,0.0530886240558845,2.67249288755376,2.05499326544946,3.91684354168649,1.88380935784591,-0.0396183105317254,3.07465812083006,2.92561629654799,1.81743340174673,3.89246426657652,0.94910355477638,3.54232123336119,3.43730636668917,2.19608892705038,2.29904198196184,3.66700034407134,3.60401212476841,-0.084661887330299,0.333300861707595,4.59823843472166,1.74464178922895,3.41515187654769,0.656392987857992,5.88541867854816,2.42141875869125,2.4413578720975,2.7875682757419,1.96726466530597,5.39717578613392,0.251876962545196,1.59296632560084,-0.116471362752311,0.0365974952434236,5.1900887608102,3.99214378668776,1.76340911235477,1.60585660376942,1.54064429929034,2.11094380917084,5.48291334020815,0.956323538698082,0.956323538698082,0.84093638194735,0.377295875196745,1.19889490640413,0.145588184119976,1.59574916879341,5.38510697660043,1.04322885552927,2.62865687993697,0.96486295492792,5.41309081766269,4.87223490876145,6.49629617153573,1.79151489698154,3.37681397527284,5.46944867071396,5.36841648181615,0.401034503715171,2.16424737969617,5.0366727174422,1.49522982764502,0.257362520708654,0.938454465403108,3.3282257375059,2.34310368362051,0.713854054195587,2.70233456933409,3.16495383141738,0.94594209902643,"NCI",0.61039017
"278",0.109004174038212,2.74269561258048,1.02865918705876,0.0962364692275152,0.687309322686573,3.73521737312326,0.699895033058961,2.48258591981952,1.92260825823182,0.099985182419848,1.11298145835123,3.23152903670167,2.27523228323383,0.197048575061927,0.0850666771768579,3.44650014903978,3.60543682927662,3.17641707913211,2.83421676078624,3.402331281859,3.43631759139164,1.46729732186261,1.09024061125544,3.83710723654637,3.48308813328364,3.88018081196071,1.04853191133944,2.32738973277953,4.31914429552466,4.01418874612019,2.8937748436018,4.47591769650164,4.34185084840759,0.0779587903969914,2.3091967131004,4.97287472134237,2.74585909531761,4.04673711938696,0.331700275863721,5.39725702733057,3.51485743551617,2.80349539618378,4.29840648365629,1.90255157556605,5.43937796512932,2.38529573245156,0.679613104608629,0.101891749507961,0.000508907217801835,4.60822223042699,2.84052578265321,0.259823935563396,2.06654871331241,2.57119745427807,2.16217213482884,5.24462266562972,1.31149547062163,1.31149547062163,0.961289288374669,0.141048957342314,1.26233977390839,0.0441803554793436,3.08347776005747,6.50724729828679,0.924760298976197,0.209799616051342,6.85825649575015,4.75402023949684,4.76521983267052,2.32326118492751,0.161128228595994,2.87146575456024,5.49120742997743,5.93797647398073,0.998633974790977,4.23313456729487,4.56107818920135,2.178265189819,1.62639185396531,0.906501884281694,3.03879207354164,1.98059431960509,0.159702361319696,4.03920245410869,2.83275181444543,0.70709128997824,"AD",-1.646921457
"279",-0.12190472684425,2.19737905863165,3.00206451213227,-0.128310661493685,2.85451249587725,3.00071280560314,0.430582078023719,0.867778392595188,3.08815527166824,-0.117151311019169,1.12719645863148,4.13719303327806,4.71186420222118,-0.137962310520911,-0.0955339274883289,6.00406455021657,0.295074679229585,1.64927149181342,3.94819535804684,2.01140356268876,2.25387909688544,1.76639253688612,4.60836930059242,3.08939134006079,2.5762557262158,4.33361365430631,0.43326829735354,2.11989152989831,4.74674929607005,4.59140785531518,4.03788389922058,3.7974472297663,3.2437698269689,-0.0988353430950836,0.0346731646675817,3.08406390085636,3.22358118938055,3.9280324931958,0.211268833560497,6.75979654285557,3.12880033969486,1.50534105023362,6.09596009075717,0.376813027579179,4.29224269090624,-0.0123814399482773,1.76222858538031,-0.123685071760345,0.348696156028039,5.17086423272196,4.92961934876635,0.330849889571168,1.24370555705473,2.54780963434638,3.26408274759409,6.34997706042935,0.547235658601864,0.547235658601864,1.76574081245166,0.112730175525664,1.90223859835076,-0.148141042319624,2.19715623229113,4.6334732577775,1.05568876426143,3.22355289812771,0.264952123361756,4.86362681667771,4.69626068910569,7.35378018812946,2.13691242241185,2.84106686390002,5.44835931961097,5.52285560701245,1.29098325467094,3.70984315788248,5.61650414355218,3.13376003110322,2.22766954984102,1.63887774147844,3.02410372812973,0.723295470791325,0.216119760495763,0.257093743159205,-0.0200532207278665,0.149953260232887,"NCI",0.009748119
"280",-0.0916439592418544,1.50055580210627,0.543508346643245,-0.1058150552033,1.06084884440957,1.37258344931446,0.387418013302238,1.50057572129023,0.659232065958732,-0.123705211853777,1.43312067438366,2.71851409536312,3.07894437829338,-0.19550458752512,-0.0546914833728224,3.18366739689473,0.256847012776902,3.37152492055492,2.09439318318389,3.26816076789849,1.87768387372464,1.80226033994151,2.38512278943101,2.64364773690546,1.54691601282315,5.81232180925509,1.10216542855708,3.53537055002048,2.42366536712331,3.34902194074848,2.2030744684479,3.08310902076228,3.05670236265869,-0.084661887330299,0.0379410940318872,3.65009584406085,1.98764261020613,4.20126326035404,0.324923269798388,5.91982534181389,2.43287894402415,1.10343446873874,2.2618366699199,0.356182604905957,5.63544000048518,0.000821019732305528,1.42907728267683,-0.116471362752311,0.141099591318563,4.25169373540655,2.54134038160211,2.10300022596982,4.47515227156211,2.28480007939501,2.94819334496121,5.41826155602831,1.0454439985455,1.0454439985455,1.25288175085223,0.00810601872225325,1.79001058544004,0.0363795071645929,1.0766375540004,6.35389995358652,1.40516433245675,2.2381406381557,6.29350755037711,5.35804899879847,4.06305735868204,5.75619493226057,1.48773896093301,3.2300094919039,4.69219215234538,4.06764539844674,1.87842388796867,3.22549808421746,4.37226753680469,1.14783742163493,0.257362520708654,2.20760988848672,2.74495350473788,1.85559175420816,0.721354064511836,3.18362549072895,3.28273095671625,0.94594209902643,"NCI",0.024820155
"281",-0.0610210663381544,0.816819080726491,0.681320358451622,-0.108972789420447,1.4829859392968,1.32393677602882,0.728015060687938,2.93332567730044,0.441256542910666,-0.118706077613125,0.776780595369714,1.83950911325198,4.30539982441035,-0.214394794684797,-0.0538817765276205,2.93860718202065,3.31872669997141,1.66534152130363,2.33597530782771,2.02167937762039,0.504244299877961,1.58295836670929,2.80025241255433,1.73086187151199,1.09338387681823,3.71570357407341,0.508381369331231,3.39102619730738,1.96021259046239,2.30227666492874,2.04023843318612,2.04667139355415,1.98876861962844,-0.101449185538139,1.91375006148842,2.90424260777781,0.793787931205378,4.39817142284362,0.306670224038405,6.31141108879375,2.95616683285692,0.400023314220949,2.02153562626273,0.32882621601159,4.18464232711671,0.12245382474442,2.07582635432073,-0.126731919531931,0.75096183886204,3.69111056005503,3.58289345528124,1.55717998913586,0.60661238940688,1.10027231608206,1.87517017179821,5.8206826177376,1.49739833889738,1.49739833889738,1.54640632426694,0.223245976390492,2.29011267531413,0.262190897298453,1.39793030266892,5.84895243743848,0.909689740809798,3.06447241336277,-0.155510679565369,5.67336544605853,4.40624836438786,6.77226697350429,1.71291102658963,4.13175145131563,5.43589250036315,5.6171304244566,0.946133872669156,2.7530355643413,5.08184764084439,1.33363463291673,1.8630169619916,3.44841382572252,0.867931971362092,1.77152420118944,3.07037783361737,3.32841988809656,0.0132708750493539,1.17641965699828,"AD",-0.975885839
"282",-0.00322069255086221,0.760375823002938,0.346255279555098,-0.0124767929319997,0.336545033520508,1.18049790551777,0.000524510026279068,2.71037799186721,1.5145742977468,0.0143900671730774,0.270839628367119,1.99044380382712,3.40878632962068,-0.0108921308262364,-0.0108696748080539,3.95086712013933,3.05294266485179,3.69426016930818,2.24065842895631,1.97090560530049,0.911058569221429,1.15339933205955,2.56031423081351,2.10881450241665,1.06048183937407,4.17131063244933,0.549481941299568,2.47809277241726,2.54673282702643,3.28891792954766,1.86213120446172,2.56697013596387,2.98871107473782,-0.00901588060291791,1.13292842093053,5.68087137209234,1.51605512391807,0.988699511396745,0.697694544374432,5.27872851680221,3.32455980181294,0.807608063178184,2.13797640045982,2.37634618020473,4.79959635287959,-0.0955449257798399,1.98246999739665,-0.0284245229323239,0.223802288071568,5.14648906471718,4.48764945768311,2.32667755378539,0.480806061075078,1.55885397707458,2.27861654432743,4.71257106071249,0.641636564023504,0.641636564023504,1.44410163973834,0.240968959228759,2.23377233113486,0.0495703222792603,0.703421393555469,6.70466879963391,0.665704770844739,0.0130055907937596,6.93892964941748,5.033278489028,3.91386402373692,2.44711536343936,0.386916541499527,3.15749339873491,5.33408832617092,5.74601589228633,0.291899258432267,2.37165162843861,3.63293890482379,0.741905197403259,1.44310512030897,2.12558240756648,2.52299308314634,1.99442756568211,0.471970820348384,4.24069585525863,0.12587953785208,2.20618071837092,"NCI",-0.387833209
"283",0.0129738780185404,1.35680819163295,0.256994706210566,0.00768024842755477,0.769738155318735,0.957457633428498,-0.0394966630842238,1.29267157557179,0.577470073275051,0.0124538273434234,0.802442550536095,1.70331871543526,2.9742889455907,0.130179058432728,0.00563112491843609,3.80053233865842,4.14725564833827,3.46106463299364,1.84159416456634,2.64658232701444,0.527832813898973,1.58616103359786,3.17157217268028,2.54270520067926,0.775247368528093,4.3934944720017,0.207322580997261,4.02619610448096,2.50257876674886,3.41745513342419,1.98676860479098,3.15417947232439,3.11424155504492,0.0258643399467797,0.281550451329402,4.99607753099637,1.18619740838954,4.07722664748661,1.47393879346506,5.44681162957338,1.78180389646611,1.19785620631924,2.2730128755134,1.86524570488489,5.32371578508127,0.28208715104151,2.13318445019951,0.0037999099350674,0.322919440878811,4.92950053961197,3.04245500536483,0.270623155387272,3.48675122156816,1.25416837934457,2.76543841140674,4.88291138595895,3.01949784928697,3.01949784928697,1.09339676223786,0.259572082020139,2.18818123482922,0.0349177944974788,0.820883132765443,6.06869543513636,0.108036692270597,2.60585788690288,1.70904186674766,5.05666796887008,4.51040459642344,6.43795277546972,0.213295576823126,3.34785798838266,5.36142337505299,5.20589184809433,2.02579042195113,1.99752616274131,4.87379572380583,1.0175587326125,1.19663835628555,0.772891695721672,0.757459472885893,2.64244553438675,0.248040403546554,2.71570724863562,2.76734417417177,1.01374715681126,"MCI",0.04313706
"284",0.178226127566108,1.18528275862123,0.353937262909958,0.16359264722689,1.48047814312872,1.97387535958954,0.392782215925012,2.61076608068011,1.53824411841796,0.164931968827018,0.143918378002343,2.87023886196419,2.38732919949542,0.339781202099973,0.135243461906161,3.83571920372845,0.018969791960489,2.84413270257763,2.65361183528577,2.86879013941495,0.900294011005388,0.00817276814293388,1.88009669743086,2.9296910007768,0.516107374854566,6.15071169829963,1.74578922456166,4.11514512707719,2.76648062745931,3.32403104469725,2.9966863638986,3.36275506622421,3.56588879476243,0.124231246759996,2.62364071111557,3.68740736678596,1.81924893722705,3.11693501192491,2.1672136253598,6.06356416690084,2.04357239056715,2.83321626902188,2.08150366462885,0.159332072495037,5.95642960887839,2.70928914301009,1.24151071782173,0.152967554163864,0.481161993351376,4.54677311639543,2.93537343414478,1.52474492192624,4.2748998155493,1.87596920627497,2.66062872265458,5.67365324828095,1.69829732189148,1.69829732189148,1.64298285323127,-0.0697308810973781,2.20678663129531,0.137057026346346,2.04182288706428,6.81051755612724,0.470192907429845,2.09951608114881,6.06523044447398,5.37063180307616,3.98536089117111,6.15524569554843,0.213796626959397,3.51670740104246,4.72559568810079,4.55880214383855,2.72493553156825,3.19500001324616,4.47147665940541,1.20393831989487,1.20332349090978,2.59210750427177,0.498306016051179,0.998572424162694,3.86532837098864,3.46244266776286,0.0488617455934994,0.510304191185158,"MCI",-0.196166843
"285",-0.132764469563748,0.982569067895976,1.2839429728391,-0.0746699375408979,0.158239157788833,0.98784389939011,0.117279939585576,1.75142886996954,1.09015495007413,-0.118706077613125,0.0229619337944642,1.69563314097756,3.74029359512351,-0.214394794684797,-0.108310468554367,3.38186569372728,4.23661081739098,3.44135859676112,2.02678531659504,3.37728163143734,0.687834931256999,1.71610847310658,2.67174353665936,2.12772834082058,0.741300933461386,5.78768286269011,0.00351169538092999,3.7688375728738,2.54714821450719,2.88668555416749,2.05645607327629,2.93868029451221,2.96654254079102,-0.101449185538139,1.93748067402879,3.83328980654815,0.701107565346473,4.16794905537853,0.80421060649872,5.02706946407663,2.98228989896207,0.586354658129083,2.51974613094333,0.405086908583386,5.12564612339422,-0.00136258482939389,0.167842115200345,-0.126731919531931,0.395867005227182,5.94664844482945,3.37809624870737,1.65652933031335,2.85891462087639,1.17370061743305,2.34795360347741,4.48196588261675,-0.0804838149291184,-0.0804838149291184,1.26433885998561,0.202098199775035,0.733880220452204,0.196858759392283,1.5584027049487,5.85691863107841,0.559466109471555,1.93856894119332,6.14559611797848,5.4888494831097,3.67625267297797,5.59914454383506,1.4012039026985,3.38359185404286,4.67836232533383,3.92242016507964,1.34040888933832,2.31575822059155,3.91416015431801,1.26406749068288,0.250643883925508,1.79390255903545,0.942232510695357,1.31709822710832,0.768124109466787,3.83672168422679,0.0132708750493539,1.17641965699828,"AD",-2.402990851
"286",0.178226127566108,0.820296900876871,0.778976785747462,0.192889870645585,1.03556689068812,1.34000189794665,0.662203067448866,2.84132455216275,0.9030254478447,0.164931968827018,1.37067727918357,2.27369634676589,3.12827437531063,0.461024018718787,0.135243461906161,3.21342580166203,0.321486052700921,1.99437296504805,2.45567290043073,3.38089295786241,1.36397649605783,1.83842996996698,2.86135325880769,2.02426164299809,1.63526845019482,4.33673127407884,0.873869477600841,4.34295740401457,2.74882760710629,4.35555410970897,2.07268312871965,2.1667589859501,2.51419164734356,0.20695146968579,0.223416407899617,3.39343292326023,1.92373911912403,3.99657919871401,0.262656190334938,5.09667911546169,2.81631638237952,0.724370474828928,1.90012961255796,2.36151623256383,5.00128903647538,0.0203966523522434,2.40831661584673,0.152967554163864,0.257289173950771,4.23594337864034,4.08181223008346,2.11860800138567,3.1467005491003,1.88041701871308,2.76547600380879,4.60495480653352,0.0293791596594455,0.0293791596594455,0.228344024160866,0.377580728578095,0.459015816253462,0.126144419627841,1.48365479134154,6.27318364990092,0.644169508068918,0.644287869883811,6.50918393557406,4.84316134048238,4.32553894347484,2.9199595041675,0.128588364644792,4.05174181266697,5.35633754888686,5.92953279571809,1.05107908663056,2.92055546023009,2.83867594258901,0.492709059954469,2.41794457895823,2.14197001379044,2.64096085711991,1.35836411407035,0.729229021048732,2.93618657202721,-0.028086799002319,3.10272101813246,"MCI",-0.781701586
"287",0.037589468360558,1.48692023605956,1.41763724210878,0.0263817239259222,0.463230443687302,3.14328514022741,0.15340324981544,1.58456729423985,2.07796135902922,0.0410263727406047,1.39679022142713,3.01760675047554,3.28813125032004,0.138268509003497,0.00563112491843609,4.15037219460987,3.80779799134,2.56636308181521,3.07150697625738,3.06334288341405,2.10141101517365,0.0922560733585346,2.98274531639987,2.73262233102386,1.77406017144002,4.30007360408575,0.232044841628155,4.14765338261325,4.5080084353838,3.89890687104765,2.13496328085413,3.42056364809682,3.21782008417815,0.00599214872033194,0.251995091139896,3.07227454559184,2.60865951801759,4.22700155357419,0.42992794008812,3.97758930865495,2.82155915574762,0.908578721202414,4.09642883269571,2.28071742909174,4.64863209523476,0.354781265294412,2.62368670895318,0.0037999099350674,0.41101515103043,3.99186529945537,3.36415051467415,2.5040690089688,2.61978859632107,2.24464566391465,1.78790138615966,3.72396101463024,0.995326202293318,0.995326202293318,1.2624785769468,2.75874666342262,1.3253368380522,0.0349177944974788,1.95506531300314,6.70322081658104,0.54379358814528,2.05117841603678,6.11828696235227,5.05052237288222,3.86032864052791,5.74598854663494,0.165235432169452,3.30267196618125,5.11186517081748,5.49608539273261,0.372408198676929,2.65916848502313,1.555735801361,3.07551679521669,-0.0144093146664662,1.74865129318838,2.8799033512802,0.491967997233238,2.41554985413303,2.87181920036733,2.70268531308372,1.01374715681126,"MCI",-0.682940949
"288",0.0215994551972608,2.35511750090778,2.11247015960469,0.0212202472445956,1.23275762726678,2.90875164917036,1.47607014238092,2.6205865102998,1.71782428355973,0.0217241901399876,0.664289344634456,3.01503934618342,3.44713766293502,0.0425662570416809,0.01256749223093,3.67712579938016,0.350054073754816,2.37132492400652,2.76336705710562,3.6707720279644,3.37394158075256,1.69310083200056,3.53579086712306,2.80923221521011,2.83093270408034,4.3288521856865,1.23980638729234,3.02886976780339,3.50548400343936,2.89648351725582,2.50382123693324,3.27564394740377,3.05393843695328,0.00599214872033194,1.61793640107768,3.72050101195723,2.56940207701397,3.68981126784612,1.53192125775034,6.05130534921357,3.0315892023813,1.11012148563941,4.82358520234256,0.430300107945,4.34728419728754,0.325630258534666,0.267750716837053,0.0037999099350674,0.716061355721186,3.76064843368788,2.69039643138078,1.88815914305271,2.05120947630665,3.20625562927861,2.66807303522631,5.57745511468822,1.32938413517477,1.32938413517477,1.441432126623,0.00953704541635358,1.52053172459709,0.156383331102063,1.54002573533145,6.53215043785573,1.44623153294862,0.111973257070447,6.83953565141377,4.9295451137812,4.3796181280162,1.38169504316334,1.53226227630772,3.2775324595528,5.28121669002552,5.32425226451946,1.87041378557444,4.02581114597916,4.84950344928705,2.57438563531337,1.14475143364816,1.40063139973436,0.869410540561675,2.49409691225633,0.14531268015974,-1.04754095332921,3.32119715474215,1.01374715681126,"MCI",-0.742864475
"289",0.0811455658430331,0.88672615207258,0.736369222344475,0.010368348932865,1.58247046544659,3.07800350858701,0.765447006245118,1.01559789407854,1.20339693178339,0.014845617722979,-0.0238922082540631,3.05594530037944,1.86006216579258,0.113989485497395,0.00526192608262122,2.90344915571486,0.674824068389308,3.47425510314345,2.84228650444506,3.04063027153123,3.80758016351461,0.0928303626586244,1.86998162952503,3.96302485510596,3.59377122460721,6.67799459728752,2.33905460880409,1.74712008383314,3.41434510372387,3.07807785641603,3.11186094580769,4.6124706830207,4.32561564580154,0.000275785162796804,0.805950526847062,4.45315729759082,2.42882762839126,4.07453428381318,1.07016695556148,4.34968261264254,2.91946544934268,3.63187721942961,2.22010195025452,0.656325924271434,5.23528757431922,3.84586474030792,0.259951605947137,0.0705442542562938,0.785240887139336,4.26610335431436,3.40084015235662,2.09993305638875,1.24808407765543,2.18206563789764,2.88507783239482,3.81819394470005,1.5929532696913,1.5929532696913,2.56300471364439,2.71564146197914,2.20068189011669,1.90741551959102,2.32077824273107,7.95837065906167,0.829877874311543,1.92422909385732,6.54259907081179,4.78048137798426,-0.195330509943239,5.88344094455557,2.11264999331137,2.71623321739655,-0.431966563296561,1.1177312606797,0.869189345159156,2.9101684684133,2.84346120598137,1.4842610583956,-0.020714860308558,2.36320897556876,0.71594513181851,2.1243946312925,0.36272901119789,2.71374137102323,0.000835414304332538,1.5500312959769,"AD",-1.609341348
"290",-0.0110238356298328,2.43369373742423,0.316329548186775,-0.0287420642657266,0.46741550490099,3.00443786805622,0.632460643517438,3.08508553508531,1.38586991337444,-0.0314174211957514,0.423649702673922,3.31240177561776,4.15521283316898,-0.0218703665105522,-0.0209969247251134,3.44942849170547,4.05888336048634,3.90358115828226,4.80147936926538,3.56708556477001,1.04032731791232,-0.00518197896086137,3.87969285321451,2.02212760562325,1.10598056691204,4.16625545585115,0.879181781276753,3.40427027190668,4.05297143094742,4.50725671642298,2.63940482456774,2.5599412620879,2.60620702181379,-0.0454720876314101,0.076889129184742,4.32843450248697,2.69313803158195,0.963810409037045,1.98613246532201,6.17727825057899,2.87221688929592,0.444146843956623,3.09731260659494,0.204089832759259,4.27139826666737,0.310528962474178,0.809571821291737,-0.0284245229323239,0.42204084584723,4.18868275567649,2.7375812422114,0.302617447691692,0.756663396720223,2.47190601893854,2.95647407150313,5.50321929680117,0.747301512935419,0.747301512935419,0.312398264678001,0.269720906723857,1.73352329208615,0.0282087104349342,1.43983542470692,4.90267896128532,0.525341395012816,2.77119339017542,0.355039767008704,5.0213396010201,4.52119384893472,6.58340779263666,1.92396197514818,3.74551862344333,5.34166809599052,4.87715235350878,1.74521377939677,3.66536035332144,5.31970095415217,2.72251213723297,-0.0538671228877533,1.28663043166343,2.78362704313859,1.98663424880708,0.471970820348384,0.371457846508864,3.28912740183669,2.38409277269358,"NCI",0.128341161
"291",0.0698318796836448,2.82411115566953,0.844287953064656,0.0300990771365809,3.30040675861349,3.46115976489213,1.81216221391452,2.38442397856855,2.07186880057241,0.014845617722979,2.43588580855108,4.49999986740431,3.50533973361339,0.150090563164596,0.00526192608262122,5.1186834910741,0.379082752252207,2.35602656506157,4.59514610262924,2.69604922724257,2.69668956520546,0.0928303626586244,3.41422215832044,3.37666325279149,3.30794690988114,4.10802242474471,1.87935680050784,3.46379389537536,3.8721878456449,5.51045846250174,5.208093325438,3.99033560807977,3.58961310755338,0.000275785162796804,0.951713383213599,4.7522619261509,3.54381527214277,3.39041370095299,0.319700669254885,2.52733240258856,2.65903785323173,2.30290559872092,4.66513585741505,0.251176075661558,4.85834895601998,0.480544417882477,1.11400055748891,0.00493373194682689,0.468911345352012,5.47579925224003,4.46152888464539,0.195458051456077,2.66347070459684,3.48845261705749,3.0453570842957,2.73388720946431,0.0711127735459341,0.0711127735459341,-0.0939820220329215,1.84568514370216,0.735501716541778,1.09363469521482,1.47134432633981,5.57981689219121,-0.0218138088077608,-0.0505089496412625,6.56595413540118,4.54789161891073,4.10025466304405,1.42658058930378,0.100878250930615,3.47473279096526,5.12436707574459,4.83419060187905,0.750908214766845,4.83094166400801,0.964866412433738,2.42068601726588,-0.020714860308558,0.214160832849312,1.6979179163588,2.76518426268371,-0.359103320245932,1.58196925484566,2.38260869285945,1.5500312959769,"AD",-1.819619079
"292",0.109004174038212,2.45119347287223,2.65993339558394,0.0962364692275152,2.07730619366828,3.29185317565302,0.0925857542633386,2.46966787371103,1.55155181596392,0.099985182419848,2.1153311185133,3.6868040275804,2.00418000134345,0.197048575061927,0.0850666771768579,6.22148378284583,0.0464817012712408,3.58094465920369,3.003739011959,4.63159107134563,2.45064018196411,1.89716984731457,2.40428569924247,4.02985852502465,2.866179105632,5.85285108904697,0.490639900827973,2.38380376687671,4.34904093078271,2.92692636467423,3.86907283674873,4.58446284631234,4.28705089113082,0.0779587903969914,1.53159466465725,4.71297248667069,2.41840194717051,3.65501427285571,1.74778890052447,6.69981774002483,3.23953836555322,2.01224555947324,6.28962469893454,2.4019111465449,5.02869739482198,0.0656054568036426,0.38831091775396,0.101891749507961,0.0287685084412254,4.67553425295595,4.80826964271792,2.65520788275295,3.08591530531036,2.15725553931869,2.80211189091569,6.24976232682238,0.0662101010997186,0.0662101010997186,0.767132627221208,0.510483259420492,1.6931884224662,0.0346628070610898,3.21027291844261,6.22867733729013,-0.394073532848705,2.65925170466127,0.412870428477116,4.83775532552144,4.13352267535782,6.72047326902618,0.0653805611373017,2.84072017502342,4.71789987679562,3.53833874239345,1.12222240123505,2.79670979021333,6.31856067261648,2.85542024766965,0.0364254568867398,0.633463854201897,3.1290103220861,2.50339974614689,0.159702361319696,2.66505779134545,2.99698189546907,4.73865053252048,"AD",-1.007615689
"293",2.57037407573212,0.0919640013863086,0.0711671927638873,2.41199116880497,1.73228169560358,0.856664717607329,0.115529813860501,1.24344529501712,0.987519850691059,2.57955431052319,0.186679291821589,1.73007719990974,4.32774330968163,4.44744676001114,2.09907646513089,2.90206691812282,1.99572891317941,1.99888004422773,1.69457949358722,1.20003200665386,0.222281492938243,0.115625965013774,3.58791627573754,2.40215461930535,0.521886988262878,4.22427299728645,0.503492220650565,2.77967629437143,1.79037117813019,1.67049193256671,2.01997995769155,3.0520858370886,3.01989722222469,1.74046296008696,2.13827700603648,4.16152321632668,0.50913397175634,3.10629407442766,1.56459401114334,4.74201130191369,2.48936273117126,3.07805051915292,1.68366257199278,0.209380929416502,3.86019153452034,2.23998116416779,1.57865936413272,2.25115943624634,1.29334954217299,4.08355269543404,4.04462427411869,2.57994138225607,1.78526066177874,0.870152996979807,3.01167181242663,4.42790789620882,0.0662101010997186,0.0662101010997186,0.755400824347719,0.338952891925704,0.244711494898586,0.0272012746204602,0.764995738375511,5.84641558261386,0.498374766948964,0.0990043925135295,6.50890301320938,0.277463717941228,4.58651484554224,2.36862161680272,0.150686303885894,3.3774714344892,5.33155505003745,5.09252774639894,0.769654016031774,0.384842864007575,3.57150054751292,0.672594561738858,2.2886366169093,0.355606681920783,2.81349551491632,1.02359545747995,0.159702361319696,4.12002626513816,0.132325481483109,0.70709128997824,"AD",-2.259334561
"294",0.178226127566108,0.546677474827095,0.803708947280167,0.16359264722689,0.342342188347402,1.18725381910613,0.193210402837727,1.33921539534157,0.917772261327993,0.169262020984848,0.121689482683882,2.01986944753409,4.30373718638399,0.286651928557695,0.135243461906161,2.89637854844358,3.60441137236963,1.77556721922452,2.00393175133436,1.83851705084802,0.870369198974648,1.5735331382838,3.49740469606233,1.86856474134934,0.753641392892848,4.51539631335597,0.492339305882033,3.88827369627845,2.0407414648144,2.38485168888906,1.89096565480328,2.38116243996917,2.56022367252363,0.124231246759996,1.47213831727422,3.5697757442401,1.01046032239288,3.19399166029256,0.478236089166083,5.42220891862894,2.76205419358034,0.84854320577308,1.94437767706614,1.93104533015965,3.95134962600885,-0.0681204089238319,1.00772833818159,0.177160848677406,0.718514688692831,3.99492339477075,4.28191908986303,1.64719791954707,1.12458972125507,1.2891792739868,2.03710900888652,4.93844150104578,0.951992426802712,0.951992426802712,1.35773442818865,1.84410978499157,0.570351549082338,0.104883156834644,1.27845651928088,6.58522339366758,5.27797230445968,0.123872065291943,6.5109505779342,4.51566013055474,4.53770999198484,2.61176930649159,0.547228514164932,3.97655866412435,5.25851147241345,5.38420880939815,0.334326301203375,1.45189878675273,4.1021464123324,1.42746078987,-0.229948880300692,1.30280306537119,2.52213171881609,1.58929419012593,0.394376919724701,0.380205038993027,0.239058438102279,0.0498551480841518,"MCI",-0.714486673
"295",0.224239568877572,2.77426764306211,0.840531715673394,0.177199335342464,2.24058360351898,3.41015210545989,0.489726277505088,1.20777784689899,1.61978990830923,0.170773823119903,0.69617197729537,3.04475669154561,2.28212444996713,0.335481875949766,0.14077519271356,4.19491522663257,3.78528400623381,2.63969509247256,3.76307892716656,3.59091473037875,3.69263374617035,1.61315251405451,2.54443234928638,3.88324915814292,3.41285969729399,4.74621260540213,0.88578247373651,3.3286139264499,3.55387853795253,4.123108134331,3.65200905103402,4.27773236965746,4.20368267661384,0.1327433349301,0.775495779856857,4.76410787823284,2.34035093790874,3.66284812711394,0.652645640751045,5.78134462891805,1.84374096233753,1.19683253461423,3.28180122478542,2.68470699120497,5.46578229845213,0.438410785730778,-0.18597079911381,0.202928986179418,0.522152456791137,5.54148328758945,2.25047776388836,2.31015076406564,3.44356326710205,2.73331808162277,2.22273969797205,5.47179054820562,2.14503937520879,2.14503937520879,2.92290768630774,-0.0180314350266104,1.24905102157954,0.0545244280718868,3.17217705918404,0.439817542859656,0.950442773174417,2.08912840905807,6.1654349160473,5.17614703968493,4.50479135742642,6.22788161364114,1.81591901307546,3.44956054410966,5.41582978046751,5.81056851541324,1.07272355333512,3.95406711044009,3.94542445657552,1.3653241342511,-0.218446723263825,1.28411581413755,0.217944593487257,2.06387081242482,0.227745403328056,4.83045967551228,0.0460099933147345,-0.00149988844388793,"AD",-0.845115751
"296",-0.0399542059642582,1.62880636697528,0.810411360896127,-0.0344709650396383,1.34165115236478,2.92771355500887,0.0583255618867352,1.25689181150983,1.66527438602174,-0.0386788269525492,2.2518974584869,2.5483646551596,3.86967748009957,0.00983889394348592,-0.0297870867037574,3.94379013461488,4.14541269785971,2.90636734725636,2.41747453160518,2.93667046321836,2.57599594402135,0.419364484137966,3.76781394466273,3.12137058079318,3.04588809467789,6.11220002434295,0.456346509641203,3.60917682335291,2.77691201513351,3.11050986934444,2.09912065703499,3.48695711477463,3.03213948226797,-0.0399187764594087,1.15773947159034,4.07790683723792,1.43796174242785,0.944081009928981,0.149726220689276,4.99212075120081,3.0715075780516,2.83466733889257,4.16633038946824,1.7218923893535,3.88310877172106,1.9007414300809,1.32976020549761,-0.0317680891043611,0.338668752703914,4.33212640769622,2.44510146009723,2.57761124559884,1.08438713589827,2.50006281912029,2.2670884967547,4.3944196833206,0.45485515568218,0.45485515568218,0.280120084604638,0.223634665945534,0.789719212443957,0.0312170662002285,2.16029170377351,5.72153921449206,0.140745472978495,2.38737438300365,0.288994611771581,5.00969637708142,3.58982907622061,6.50199369469991,0.0888519922250566,3.78974889215507,4.32748929991894,2.93126721714808,1.85880169849325,2.99688732864603,3.79338157691784,2.7813915200134,-0.0555547120283072,0.503602433119883,2.228030438801,2.19394523950373,0.449187060578447,2.80325570492389,2.39661025016075,0.528631940589025,"MCI",-0.546005949
"297",-0.030170385390229,1.85912523011632,2.30839293858807,-0.031734644632861,0.667360952868648,3.65630534916224,1.4761267536521,2.32610955103923,3.44046064280133,-0.0234463401665526,0.660597684895608,4.11237437121101,3.27265342499662,0.110026846761698,-0.0104527410060028,6.54787397312629,3.52621538360683,2.78878994678307,3.91069786041627,0.882298544587287,3.50310702537114,-0.0221901543456663,3.3993746148263,3.13934063738673,3.72274131392095,5.975966977012,0.369431008998146,1.8252385194986,4.20675969635803,4.72906403321529,3.30203625885031,3.03369808005069,2.7934558682357,-0.0399187764594087,2.22271387139335,3.29495300265679,3.35582103781224,4.32957723336675,0.477738001947932,5.45939765127576,1.79907041832289,3.24162603846946,5.44401689777188,1.45713379044543,3.3125242188809,2.50585648912746,1.23223778532628,0.0531213680706357,0.356669228272832,5.48698783981958,5.01593891439054,1.91622799148425,1.16457970477654,1.82668036371606,2.18573625216321,4.95955703449526,0.591067698087909,0.591067698087909,1.35338086740637,0.0867555645415348,1.14822786689177,1.38514160968118,2.01389480679245,5.76599089917143,0.140745472978495,2.0858217161746,5.75097110511847,5.05564353833594,3.50797125438083,5.79673068394078,1.63033560328451,2.86874778432147,4.165236764876,3.26141726017891,1.78577538013687,3.4893120659491,4.25577534979331,2.8892540900062,1.74551842765411,0.469306891101552,1.28133609218737,1.87604701134474,0.449187060578447,3.53832915329786,0.0576378535788191,1.07136147436223,"MCI",-0.75449374
"298",-0.132764469563748,2.13105933992599,1.43156938728514,-0.108972789420447,2.34307968925354,2.37587630581312,0.909047076353006,1.18723367465149,2.70509885719468,-0.118706077613125,0.420502870013586,3.37919784946685,1.78012674468341,-0.214394794684797,-0.108310468554367,4.27528564997604,4.87967734649299,2.31787052505181,2.58976451283347,3.66678999710955,3.35438345219951,0.0287822768758803,1.25244921713389,2.99167451399158,3.84539548865829,3.86399533246624,1.59147760022435,2.51691084784643,3.3445027460026,4.19703315594203,4.26032747438919,3.55202002158921,3.3547144101402,-0.101449185538139,0.0314247439609057,5.04901675719468,2.68101089977294,3.9088259268369,0.271546244311894,5.28255287892098,1.92812607307519,1.02548837180066,3.94205226389137,1.85072970555305,5.41718813660593,-0.00136258482939389,1.4825640979909,-0.126731919531931,4.23156129743258,5.31940066583718,4.91361312193219,1.79528529363282,2.16439909699551,2.07886911288595,2.00996558817778,4.86426366717758,-0.0804838149291184,-0.0804838149291184,2.07447644282787,2.42224812950852,1.08741109094785,0.22403296148241,2.26450202788417,6.15143213344759,0.3362446259406,1.69448038273292,6.08987473664448,5.18581774218462,4.20733207195109,5.51100678312077,0.32012942245038,3.24223103917231,5.5261696807546,5.60500574530106,0.0951121321016803,3.78573045202067,4.63696176312846,1.86760298915586,1.65864033466895,0.388394367140828,3.2320817065007,3.15425694413003,0.0517839783140754,3.87379793022303,2.8382447723331,1.17641965699828,"AD",-4.112517948
"299",0.180179247609533,2.61400165775748,1.01827443341337,0.162369320741543,1.76237443531569,2.02736350091304,0.0677550347184753,2.96588531650254,1.47990540753246,0.181094416022854,2.30380394725899,2.62150926907078,2.88802930754459,0.275163711713313,0.130222856352972,3.2529130435945,0.932959476542761,3.73808704534317,2.48473646847561,4.04138129280265,2.17837722145452,0.0265345253514033,3.63323999759421,2.91000592988335,2.2279430004931,6.07811257300966,0.662414708142497,3.76202706685814,3.57630934714296,3.3103704039393,2.46323808449731,3.38947592969364,3.47830388079831,0.112211599350085,0.078211848281212,3.63858394101548,1.69216729800346,3.50800576944542,0.253232405293257,5.76081610331964,2.74556715299458,1.34517289831007,3.49970869445325,0.0327863276074951,4.56531219629946,0.298042632250475,2.04498301462514,0.148258497821216,0.461653022078353,4.63170601606491,3.98186877193995,1.44818155905724,2.89245539269816,1.70486326582473,2.83795667423016,5.41489517591798,1.11635879376836,1.11635879376836,0.239477750754049,0.22553424149913,1.99304958372467,0.0619465811955725,2.43837417269917,6.21079693892633,0.55747753994859,3.11188678914343,0.484668003810227,5.43619337095499,4.21942964608611,6.98433454928401,1.94234567232321,3.7444824453214,4.93805437380347,4.45479052001256,1.28293525298405,3.2610554934391,4.5045372759559,1.54693546452773,2.30045027081925,1.81770403172935,3.23676390943759,0.978030325457155,0.42423393105824,3.11071127744618,-0.0102447246674167,3.56970341800196,"NCI",-0.083044641
"300",0.0261721721509954,0.66722790467185,0.753076131184309,0.0198750338433173,1.05616998580787,1.01040129846411,0.023680607084564,2.24680897050462,0.757912738555717,0.056374281748875,0.33271325975225,2.35672403575829,2.54182033911729,0.0134227682457033,0.00596621022715071,2.78202369082529,4.35565342542004,2.75133780639399,2.13628509528254,3.70654857716917,1.30746910247382,1.52556333516779,1.80846309503939,2.54112707201076,1.90947152932656,3.91650765251966,0.531925550917391,2.86271004263044,2.70653223845698,3.70821172513192,2.35390263649507,3.13488134395096,2.88755421389086,0.0140640428378962,1.84409541081018,4.09258135844355,1.39212382128154,3.64977368253886,0.620522694805718,6.34299761834378,4.03179992282782,1.22232453705846,1.52394061702367,2.10964504170704,5.31135649565278,0.162088327491164,0.692879014513785,0.00293723436174465,0.422889358667281,4.51305773003846,4.68540662786512,0.191970814639062,2.85513749188173,1.34399894966688,2.30878688677024,5.76559911698923,0.0807648950355021,0.0807648950355021,1.93134345530797,2.54422087908516,1.79678931682061,2.45104923220221,1.99877883190809,6.18466518316283,0.350331290118787,0.400178155725757,7.00961722181696,5.41516293718001,4.58917763283442,2.00610877484986,1.50200867093873,3.92852741300754,5.48459595684293,5.70469741976381,0.801474088881547,2.65986961540244,5.35056280275508,0.868859956736214,-0.0168372390800081,1.34019558562139,3.24789864788677,1.54842669708714,0.597098462931628,2.52663523195582,3.14707140322211,0.8979200971621,"NCI",-0.22703705
"301",0.178226127566108,0.912074403979955,1.52195373625585,0.171758649808346,1.14409544232236,0.810391942814948,0.0803916234180052,2.72231129158943,1.1050102752275,0.251418624837381,0.0527249498812696,1.87292416236423,4.2141051710344,0.286651928557695,0.135243461906161,3.49338238374523,3.69531987661665,2.77985094037018,2.13723354918385,2.00492982897824,0.941585100275752,1.56002285233116,3.26153002593982,1.98550626564883,1.06136814040259,3.5129133692881,0.448402777965395,3.7119414394789,2.30885007556353,1.89970412497127,2.38261189958542,2.39236220230014,2.43451078933038,0.124231246759996,0.22014893259481,3.29366943289021,0.588140640451677,4.50377692586551,0.432488975627918,3.8033764643266,2.95786820216298,1.39542968890147,3.13120057550391,0.369095975608395,3.75960709243136,0.0981376487951534,1.73031643279427,0.152967554163864,0.533942252380134,4.27585243658888,4.22609554188922,2.12994310869793,0.860433621287264,0.863367438913952,2.864397968271,3.67184191243187,1.26359635171698,1.26359635171698,2.18818096960469,2.37431087803025,2.1402857860164,0.578246982513377,1.3477314879119,6.47141219006282,0.296042208406787,2.28615639273903,5.95387962288983,4.83696167375809,4.71820724977834,6.27163669176305,0.134416160728157,4.32124583414904,5.53328355948858,5.79868130915713,0.833284704170688,1.82056874973192,2.03234598686763,1.13794963578228,1.38772298401701,0.895993493451505,3.17407412490216,0.868675041973475,0.394376919724701,0.381217570968105,-0.028086799002319,0.0498551480841518,"MCI",0.187250189
"302",-0.0250664593701316,1.95058516103109,2.11757565086389,-0.0287420642657266,1.92343094651522,3.81038901444299,0.174460736188488,1.43988019439204,1.98383702423462,-0.0314174211957514,0.59645693259604,3.52460827910476,2.50526030349728,-0.0690052923577873,-0.0256369184674275,5.20453054950966,0.537157624184919,3.47978443233874,4.03665093240462,3.40261575959359,3.3239918508933,1.49510686321622,2.6964498462736,4.00172862051068,4.10975922338632,4.44207639616644,0.301260918196542,2.00662298486966,4.22564240513754,4.84369697566165,3.69466038227436,4.51466079404442,4.5641934961801,-0.0454720876314101,2.04084850449086,4.68014257778266,3.00098897682332,3.47719749104323,0.396304222582867,7.16887082889439,2.86267993105273,1.54894766263662,4.95680874298145,0.447032508701484,5.5564323162397,-0.0955449257798399,2.17089358521576,-0.0284245229323239,0.406071703084736,5.3908717626635,4.6072993818305,0.330080189269903,4.01993427560815,2.69732891446839,2.66003445142298,6.97435086699457,0.537757632847828,0.537757632847828,0.312398264678001,0.0898534936792377,1.0247898359775,3.65056107454174,3.73091876125063,5.40622095579864,0.858607205671736,2.43069154063931,6.16050901828065,5.22022440102314,4.59405557180125,6.24577811425697,2.22438392302683,3.28826900135387,5.25530128270486,5.36825414213264,0.71001912771232,3.09965694250912,5.92750218252425,3.19816167474549,-0.0538671228877533,2.10259406436727,3.27375974662611,1.40226490819841,2.99202732085831,0.371457846508864,4.25395656424314,2.63150710941992,"NCI",0.404212651
"303",0.185341971978112,2.32703309558745,5.35717530292497,0.168044484275175,1.46575711607531,5.00942618168208,2.75428510659545,2.88206226507456,5.42912135370674,0.170773823119903,2.51195311052824,4.95959580969165,3.13501935043839,0.355841202449175,0.146183175073812,5.73536483274874,3.30575914617726,2.62928189308744,4.24336238434817,2.46608924360822,4.64406956978136,1.72300342943944,2.67755234989872,4.35425197655768,4.73986333042282,6.15299216167511,2.86381400919903,3.34119594485417,5.92939934986907,4.05570609736622,4.13204716301124,4.74103087268955,4.92986512852341,0.1327433349301,0.434867203949628,3.99856461959005,3.79991240068603,3.18721574497335,0.375491249964851,3.47022640002492,2.11812117217894,2.60501811934539,6.01293418074922,0.662961921213506,4.23880668149713,0.215047432673374,1.1741169584391,0.305074970300635,0.333435225644107,7.67853856529839,4.1219084858723,1.79948965371948,1.63350163257177,3.70380866983484,1.72513482417716,3.50891813040039,1.15700270149151,1.15700270149151,0.800057938559664,2.70065364382192,0.701917430874324,0.0816208471485942,2.16669100813073,5.90850559764745,0.436961473887014,2.53033811306288,5.89412362940723,4.93495660373411,0.734504929354578,6.35963001890924,1.37541011107434,3.65750302636146,0.886311158492179,1.91511222973827,0.836529228092642,3.66781146674299,1.21140283576821,3.03649992498412,0.843092000968573,0.516516270841177,2.51091934366753,1.08775100417774,0.227745403328056,3.50678391491437,2.7784070456963,-0.00149988844388793,"AD",-0.854586341
"304",-0.0490994235414306,1.59152743608264,1.76611049797522,-0.0434596371050968,1.08080706472402,4.45645882236427,1.01551400675727,2.44453142613295,2.3413318778383,-0.0453278589230303,1.70089486296015,3.54072890834441,2.24946218124284,0.0430558699727421,-0.034359764888804,5.81659866872078,0.237788562833477,3.00914037078223,2.81819010644321,3.50269382713922,2.98770627523075,-0.0365590814827713,3.17218097389377,3.62990690363305,2.79602642054209,4.43110097249527,0.871895325226873,3.99040936606587,4.09160825572126,2.86741651611647,2.67859715684099,4.37359041873819,4.2839813970983,-0.0359860259618263,-0.279124669614358,3.56789416233118,2.52828007246846,4.49333403631827,0.0845663208099035,5.04399561239682,2.99790759998102,0.958626181962088,5.32903656340854,1.79610116168722,3.73910088610794,0.241267976630354,0.00139034722361564,-0.0361625672150933,0.568217423554811,4.63409104474943,2.81351294958539,2.36727394559088,1.54845239445392,2.44605831990551,2.43549756680116,4.70684478002834,0.0762415625787377,0.0762415625787377,0.197508359351341,0.33984478410283,0.465145556768071,0.0269511288325663,2.08753713347339,6.60405026964038,0.130451103113123,2.22872157377404,6.11300838270583,5.18673730934156,4.7777684028445,6.03119182170752,0.253744966430746,3.14486327801594,5.80358894748734,5.48183422926593,0.805306740535906,4.01198714356231,3.46665131522729,3.41820389971495,1.85910511564132,0.889740972649733,1.36608017981517,0.123740738321974,0.322031251268873,3.27534520910879,2.92412038706533,0.879738851010104,"AD",-0.849167083
"305",-0.060058928999161,1.13755126167233,1.13923287717382,-0.0442570499374056,1.26218772264887,2.36612336683428,0.287156345851654,1.4527621312622,1.66132265442858,-0.118706077613125,1.14919671671924,2.9152460502025,2.59322653311388,-0.0744624872303983,-0.108310468554367,3.87907374558035,3.80062115587046,2.36981282573959,2.47190772767552,3.07796415659718,1.66067190273301,1.60373600166526,2.20086603922655,3.91251764132116,2.35931721988908,3.87025886236685,1.16101218860201,2.44002752297545,3.06639227606047,3.18370853823785,3.65931906966913,4.43815296576808,4.44275208604769,-0.101449185538139,2.34970503359334,5.03949641698966,2.00606493165577,3.94826387437281,1.13533586187536,5.08166532604126,4.44536034938568,3.04015442512112,2.79035085185954,2.05840197383532,5.15405334463632,2.3529477186176,1.3515419225917,-0.126731919531931,1.12273923200983,6.47740894844624,4.13180339223864,0.303293506497111,1.89732649492298,2.05315700654516,2.03172957118324,4.69176481757563,-0.0804838149291184,-0.0804838149291184,2.16555044735564,0.0814718272409386,1.78047000131678,1.4448329615138,2.34116420070368,6.11318973495599,6.85133764989445,2.40348055935532,6.17507135972905,5.4481292000027,4.26212720885934,5.99798695631522,1.0158814553878,3.3955705151816,5.58813138142559,5.89508789351766,0.926463045087979,1.841187618408,3.99162471661023,1.65685833684963,0.250643883925508,1.1277742866969,1.08184051679411,3.08699893337219,0.466929418208089,4.08209910603022,0.0132708750493539,1.17641965699828,"AD",-1.658302994
"306",0.179271625001571,1.30495002192013,1.23204724529677,0.165640256103143,0.591913253412957,1.89373468757834,0.0483997971534874,1.42944121312214,0.821824237571071,0.164931968827018,0.0585037816651084,1.85350561214055,4.10545257790545,0.304281246909798,0.135243461906161,3.3676648758346,3.59808598210628,3.18352392387304,2.15281796762392,3.0283450442034,1.10426440953274,0.105432447532845,3.4964944402714,2.87285159321854,1.3801092841851,6.03527374413483,0.267958036633831,4.22210839806344,2.68514098144851,2.83923051208889,2.69576430965875,3.48045747956007,3.32073297156479,0.124231246759996,0.30614356353027,2.91982911595352,0.853663647684312,-0.333582385039348,1.88412420088267,5.3759029630696,2.32922321169054,2.96351859115145,3.21861111866809,1.96653797971372,5.15125602409914,2.11885239892745,2.37687045931104,0.152967554163864,0.500918028149904,4.46152833066013,3.99069947815417,1.59322787222059,3.64871037531444,1.63992093631414,3.52770951719285,4.96152775398387,0.0293791596594455,0.0293791596594455,1.13792941657564,2.83898550397567,0.428699464562955,3.39816763934024,1.66209742063349,3.33115611668465,0.2954514626288,2.33334060805196,5.41140862900131,4.39726699093524,4.02775895164934,5.9840544549806,0.16686480326885,4.15542951268335,4.94050986719256,4.09318454696909,0.927976033500182,2.29923384116944,4.38060028770205,1.82617526943617,0.991634126484611,2.76369933302066,3.20116803173401,2.04951239299651,0.394376919724701,2.41242448864655,-0.028086799002319,2.27584172473448,"MCI",-0.112354521
"307",-0.0330634237557789,1.15256529460155,1.02709803031018,-0.0342283037689771,2.18091759436322,2.47265875437449,2.35152453059271,2.19188760574029,1.62173338433875,-0.0314174211957514,1.97926070338228,3.02367095146436,2.04566719211685,0.0326841864325191,-0.0209969247251134,3.10046416656865,0.196566753094717,4.44790434911503,2.06310777202818,3.11889858289939,1.92377608716739,0.140548264118394,2.40870334859715,2.66299453378741,1.87683546121893,6.28602706047107,2.57438278609912,4.35423470879556,2.66347317030205,3.53205981100269,2.70015674265551,3.0236776019677,2.94351146940439,0.0182747994355663,1.49031001122026,3.42916771752989,2.32907098460678,3.62806907356444,0.372404536584734,6.31038356480864,3.06757464368184,1.09151516735447,2.4855433494604,0.286358875739755,4.38424486296023,-0.0333539774929785,1.56193924757502,-0.0284245229323239,0.558520772912743,4.46461749928037,3.05639784710776,2.44569683176139,2.09741351838875,2.05158779537945,3.34874313686263,5.86507677228902,0.989112274719335,0.989112274719335,0.312398264678001,2.55437333590903,0.00956349928756817,0.0811727372897081,1.68714566042628,5.17232415345644,1.01262348802975,1.85590464762971,5.84052219435302,5.29920076494602,3.93488878998098,5.89444210288313,0.0998837635399711,3.96559378006647,4.60492388176991,3.39633914543608,1.86407739363546,3.55745550937593,5.38810102162835,1.37970578489875,1.57176571599483,0.88782304866746,1.20391713712818,2.94724559645636,0.471970820348384,0.371457846508864,0.0945436743870222,0.942544669656986,"NCI",0.496503618
"308",2.22057718608436,2.40091362606178,0.714453606292197,1.84042174499445,1.12319972431677,1.72026523422214,0.0618176022814456,2.51964025455523,0.712422372980396,1.97723571559617,2.46023894801543,2.31776022407666,1.78593070921723,3.6971555660675,1.63144069661623,2.87761178623813,0.0545909899853521,3.71588274633057,2.49066502901197,4.18763240653253,2.13208690143861,1.68577434318993,1.81999059837882,3.28505728474953,2.30517339610921,3.87463687711728,0.414843116477318,3.78810391290283,3.09238650565907,3.39160137052363,2.35139748915979,3.63731461163227,3.63927979577081,1.5355101897056,-0.0177647223054085,4.23136087481253,1.74405380795694,3.21973785238715,0.169219574728924,6.55988583479898,2.77590683661473,1.14188118747095,2.65756408928238,2.0216731334983,5.32359160776466,0.345674943549995,1.37125342921198,2.28777022486565,0.424877615060052,4.46048719531849,3.08833031786179,2.73803581670654,2.62340596160732,1.58461616766064,2.08132309942793,6.00664170756912,0.939143115409497,0.939143115409497,0.145245168001175,0.182580891412479,1.6175680223083,1.00208773179006,1.5088525142323,6.32376198199455,0.604840659836547,0.54553716826939,6.55755415829798,0.519150584178761,4.55452798700199,2.63254304397125,0.0806560834374874,2.78030351178768,5.38238885957808,5.52654075466566,0.531637010576169,3.37169812015705,5.62970942123354,2.03647589080499,0.0210772750019916,0.665613802820482,3.24405001174312,3.16325544973343,0.204611212244276,4.04060048036416,-0.0196825867737105,0.143035419945015,"MCI",-0.59663539
"309",2.07667074880558,2.36987650231889,1.79876418142338,1.84373298552808,2.81008992957729,3.65748701798652,2.33795933958798,2.71872176265455,0.197320649349392,1.99377591123294,2.20141418216157,3.77954669330538,2.70967890863036,3.69260669066315,1.59754962873859,2.79773549041463,0.144661844725682,1.17883647460995,2.77323210644155,3.79354656354696,2.54037233551464,-0.0678068476959242,3.04794321858365,3.04782034207212,2.81363731694638,3.93745272541522,2.45184593388562,2.97026606613256,4.18066416125047,3.38385078623281,3.14714351958074,3.54781685235652,3.51752981237252,1.46763612738757,0.138670708759305,4.85535549004762,2.57492176004536,0.267798705325281,1.68582501000542,5.43745823776633,2.56794405002199,1.03772914793826,3.3416207567238,0.428856535458138,4.13380285538709,0.00534090074140736,0.998147876044056,1.97245103617028,0.227126732659456,4.40170372082749,4.32055524402077,1.55137703365578,0.748823565022441,2.27102746724135,2.85479762148705,5.1821842059599,-0.0675289266595389,-0.0675289266595389,-0.352271136550277,0.193268382018874,1.26614000439617,0.211211814411449,2.2128038377415,5.59406462464782,0.661763881152906,1.85617599898174,6.09365725542242,0.75042931149269,4.60562208062777,5.5321051619989,0.212072277228059,3.71350807983387,5.44243546243271,5.58893032340006,1.81731138414589,4.28869248339404,4.61092439073797,1.99875007554394,0.261569311756582,-0.0887481696765573,1.2367936710031,2.73643915295424,-0.244801928597416,-0.424803622673362,2.90439628432727,0.986879193656174,"MCI",-0.459071768
"310",0.142986263596031,0.783603157400001,-0.0543514799616913,-0.0379040417411903,-0.116923174293556,1.40613459730605,0.000524510026279068,0.803658606007307,0.209866329304582,-0.0314174211957514,0.70649670144814,2.04150242148385,5.50741644331891,0.232300505844135,-0.0256369184674275,2.75485686442294,2.1577284858005,2.23338803085914,5.20193181785971,3.34797476680673,1.30547320292534,1.43233333253279,2.7121988935543,3.30994924621915,0.158260451765099,5.93361198266415,0.565680724403936,2.45825336384589,2.77829990246029,3.80209902223634,1.84322765427771,4.1813946718569,2.36425759164091,0.499250619755238,-0.196320829077209,4.80642019575085,2.20939782158273,1.48009757832379,0.0838312298930003,3.48032357231327,-0.0922811033995612,1.33911077231326,1.16151794860494,0.097536600224164,3.34740554638699,0.891756320382606,0.55036401660766,0.230801195802857,0.223802288071568,3.08076074983206,4.32951397539332,0.305623966207566,1.36578821039433,1.99531507479709,2.71407933338632,3.38669118326358,1.29450441777524,1.29450441777524,0.312398264678001,0.0898534936792377,1.14506636917097,0.0282087104349342,0.701453287668461,1.02939549838974,0.144544357059892,0.0130055907937596,4.63099119968359,4.26322736990312,0.46624262076373,1.93670413040114,0.215223706744507,0.407059664984737,2.09607702620832,1.88062153590931,3.58879507412841,3.68188985083849,4.4976996944543,1.26196646055124,-0.0538671228877533,6.10318630221728,3.13620993054563,3.35818393304075,0.471970820348384,4.77073484914657,0.0945436743870222,3.64855963799108,"NCI",0.443005447
"311",2.30295624329705,1.33776107352736,0.38397282703832,2.08427881196869,0.548196909575097,0.530292507061903,0.14143772377104,1.04958011458828,0.457557429861305,2.34440654236048,1.24481273113408,2.0770427121436,2.34803031659627,4.00385669747345,1.85728440666225,2.82956024654902,4.75657144920249,3.31667992239404,2.40060738635231,3.69168265250396,1.52722486286906,1.58442122620349,2.13591649741747,1.48860448002394,1.60052557119337,3.91732683519174,0.561108692233247,2.3443429828058,2.86126874747979,2.87857141359489,1.87341869840297,2.14714456910593,2.15610464132291,2.01343610168756,1.42259599691389,4.16384469780633,1.02490733107582,3.83143646132889,2.34055405032276,5.86564955457202,3.56723808205822,1.88212250816391,2.31995206015021,2.03464619701802,4.95423190390277,1.25651280089927,0.683039317543452,2.59229800012701,1.10775151106719,4.27858263199453,3.82866686028564,2.19683521319887,2.52070084650396,2.20666988672233,1.51978830585484,5.29332175234769,1.97310098952821,1.97310098952821,1.52663884655403,0.420078996391003,1.72090211042414,0.0285915896026019,0.0920313810630298,7.38801576169363,0.741963627432019,1.66080625305898,5.92593264675342,0.668370549850378,4.57881436743926,5.83572406669803,1.60395998573996,3.65062905515701,5.49867034555113,5.57775474981031,0.617576102264228,2.22646250583166,4.82208145416858,1.50291525089516,1.83273190725874,2.01792610032728,0.867854111235734,1.87622271326683,1.82678536192259,2.67011350039189,0.0422677023346252,0.986879193656174,"MCI",-0.694889283
"312",0.0587074669453284,2.47685411787134,0.633364630941621,0.0053007046057234,0.357543728884601,2.85160599140402,1.64763805852299,2.63205166332986,1.39582162208585,0.00984175381027386,0.0276281563174372,2.87806798065446,3.46349577053225,0.0569828391125553,0.0440096699389978,4.01287654018479,4.62630339513597,3.43395870963104,2.61030237116081,3.24519859001933,2.55992688143603,1.72355614120167,3.58631968689771,3.03583132916199,2.73664790702549,4.19836398169353,1.38236605327215,3.26768828493963,2.78710179346518,3.81487053279012,2.74853865874088,3.56920734185158,3.43717546826928,0.0294576499138208,1.9398331061724,3.9070323059841,2.45525970803723,3.74761002592065,0.192288723715673,5.09208292297456,1.58687193813601,1.58382815693362,2.95489942831061,2.05462502512571,4.8114455460662,0.678028087905741,2.15727551506551,0.00293723436174465,0.191281780782612,4.58822110402598,2.70392055865904,0.159329700664395,2.84048728941547,2.45171308467626,2.25987774469514,4.51616705266474,1.09499609543906,1.09499609543906,0.916619906323442,0.0223386036910532,1.06951312535698,0.0353379834935418,1.67218689895464,5.50628527619483,0.297070485826226,0.0188537586993909,6.8507797098911,5.08449214807837,4.7816544137473,2.18072139802005,0.343545072659168,3.95728261112595,5.45286378605557,5.45705488690884,0.986076500477435,2.98040170373116,4.4682645229048,2.90749861895519,-0.0168372390800081,0.965204243374027,0.816111021672833,2.89317165600014,0.470896831168378,2.66542349029331,2.91829624119893,0.8979200971621,"NCI",-0.000471965
"313",-0.132764469563748,1.9089342879069,0.361002276904195,-0.108972789420447,1.33772561376843,4.2602933428602,1.88247188622912,2.34289475015674,2.61548225879287,-0.118706077613125,1.82380253752571,3.60862608633559,2.05609788682974,-0.214394794684797,-0.108310468554367,4.71182763194949,0.0238772777402541,3.53194815429364,2.87260804502768,3.22424261586667,4.53399268461379,1.60190474413813,1.98809755466978,4.17406481742892,4.5402795834341,5.7497382808429,3.12289700455387,1.58456434654552,4.47503336497473,3.49157885912549,3.21298001797584,4.67875016346159,4.11697502133822,-0.101449185538139,3.42476579437148,4.4814050509272,2.97978294449878,0.207876166106709,1.2196882752627,4.92146708840946,3.29944098362619,3.88939149108935,2.83699492161857,0.473891588072239,5.8072744920144,3.45538675255661,0.168705914380469,-0.126731919531931,0.621499928190707,5.19781634603444,4.64772020793242,2.54415101763719,3.70929358962427,3.43876143132468,2.69217653117859,4.6415048702111,1.0905767245019,1.0905767245019,2.16867646906481,0.573957454192183,2.57563271613013,0.280334399775078,1.30962487747102,6.3672521594009,1.21922176385077,2.24184989155488,6.25216270656503,5.17863561910842,4.32711801003615,6.02775213124934,0.120650033068895,3.17580835801555,5.11438216886434,4.23969701168183,0.804516628334842,4.15887243374767,4.3070922557537,0.869198528792549,2.76884407012686,-0.322187024573747,1.85670782431482,1.61489294466038,0.586947545004639,3.8429535846293,3.04700034056675,1.17641965699828,"AD",-1.231191216
"314",0.103145269298588,1.704156576976,0.143001009264462,0.086383580798492,0.749312030857908,1.96600919176497,0.236084619123316,2.47819682823867,0.0916560960937856,0.0914817584667591,1.30908631335659,2.27571299207293,4.2780554177507,0.183721487695386,0.0799549628810027,3.04670856363044,5.15637264720836,4.34051341195877,2.13047047851248,4.50604254677128,1.90279228314569,-0.022164323317919,3.52515559482777,2.38359359040074,2.17298922397793,6.31417307828658,0.53645860569949,2.35041133125832,2.79596587111502,3.70296815217135,1.60937948746241,3.24498313371421,3.21346016886407,0.0802778024747958,-0.120574727441694,3.64377938013878,1.12715067352405,3.24904773354053,0.230960653609069,6.10335493643209,2.78227982060959,0.878995510108933,1.94409685989291,2.08376288622006,4.67856361632129,0.0666045325409591,0.71086014535826,0.0995468654556309,1.94040233076648,4.08655537003006,4.61851075239788,1.79728969208194,1.70369272639171,1.60759364798543,2.70258051479983,5.88508552065898,1.44836323739533,1.44836323739533,1.23214609632551,0.29104673167677,0.746108197795471,3.57134640436743,0.799395115458444,6.66009149275654,2.05669905147704,0.0470618505661695,6.69258145041869,5.13403519974152,-0.152789974855589,1.60235673925098,0.205731555687558,-0.391699714673605,-0.214395022684608,1.28767242093535,1.07945921729535,2.49862544778781,5.49151352979319,1.28169176602023,1.4677370079112,0.345209205357567,2.12073893435671,3.35278634262991,0.130074048746944,0.423918765019101,0.0802432069139015,0.586864468431435,"NCI",0.418413323
"315",0.1822086093842,1.95393987632549,0.732145573799851,0.172123406681206,0.562453574376022,1.62487911366552,0.114935927177612,3.07797217109451,1.19050397328462,0.182640120359098,0.205181738095326,2.34225428674471,2.7916091433246,0.363248915624677,0.14077519271356,3.85173755834355,0.56745162800028,1.93141288060221,2.43293874388089,3.02283278122236,1.03467394620119,1.72507041414359,2.82393751587985,2.97830797123038,1.10824049200861,6.02541230122964,0.594627703573498,2.38750649725092,3.1391021765154,2.99102183430411,3.69869953778494,3.69089199296081,3.73566816035606,0.1327433349301,1.45845898176896,4.7926386583061,1.41052447074095,3.43865654821578,1.77453519878488,6.8553710942533,3.34614626412637,1.32536870293363,2.89109978380101,1.96826169792992,5.05470299350522,-0.0712023000687908,1.92141173683347,0.159156707886327,0.437211079383571,6.17004611688715,1.98177626248787,2.23653383702493,2.50448840115758,1.76237143384371,2.59542817735012,6.37340445047209,2.25548429425043,2.25548429425043,0.736433644675202,-0.137863047919684,1.41432492618085,0.0545244280718868,1.05881786368486,6.19040285819406,0.567688442498016,0.101324569052962,7.07592828134045,4.55434555040235,0.71603748052627,2.12923881985611,0.130185889948068,3.55691499195974,0.866141251974681,1.6099628503907,0.781670357719309,2.08709245336051,6.38590278100613,1.65466863002946,-0.218446723263825,1.81255648456098,3.16315821108865,2.45383504622434,0.227745403328056,2.86254904383535,3.17237044656011,-0.00149988844388793,"AD",-2.226548712
"316",-0.132764469563748,2.63127541225839,0.663781043472785,-0.108972789420447,0.381677257478819,2.40075949584134,0.119606748151937,2.69152470348523,2.00725901863124,-0.118706077613125,0.834842490492454,2.43121479171366,2.88424449891545,-0.214394794684797,-0.108310468554367,4.24217314502087,0.317311789152179,3.93519231810524,2.75096360686248,3.10089217841141,1.87551605343928,1.25210599953945,2.92745805404055,2.26170559462221,2.26168258059732,5.83349415901464,0.435406675395682,2.84711430744745,3.93260150021775,3.09890306869591,2.01466339204337,3.09778352382745,3.00654100430979,-0.101449185538139,0.429221397037073,4.66100284673756,2.22312970055123,3.46744258464527,1.32171980298565,6.10574998949954,2.79116334543428,2.34208775416046,1.79297292206482,0.149174611912827,5.60414552050296,1.66542292189305,0.168705914380469,-0.126731919531931,0.517996769513893,4.2435298486559,3.17577537687557,1.74942239512433,3.33667021250164,2.40547561511133,2.70276065285271,5.66414924248208,0.795797002903633,0.795797002903633,1.37377869693425,0.12269686819251,0.314063067215031,0.584364053514473,0.684544468154509,5.80316493752994,0.17457613761849,2.25224718465507,5.97263622866556,5.03411367132076,4.05240606934367,5.81006632109946,0.103539388009159,2.39442244987712,4.94788621922752,3.26131293661285,0.742826722469484,2.74758072348612,5.56065648681507,1.63419565759887,0.250643883925508,0.398888158871438,1.09346342238803,3.29836607649379,0.363399760225162,4.20776130677148,2.0537766577378,1.17641965699828,"AD",-2.620813437
"317",2.31290007620906,2.12059851573122,0.356071930915636,2.08775797648026,0.158286672694857,1.92856695983912,0.197512819246964,2.12279701975813,1.28977062251417,2.3425836431691,1.85035614211729,2.69963702494542,2.28135796207425,4.08913295049911,1.95904301578942,2.36427317519355,3.71217250395351,3.10126653995642,2.01358442775511,3.99490442425747,2.98343938033161,1.75926255081203,1.88798803185048,1.75555529771819,2.45990608645605,4.28191264249101,0.583833762066324,3.45839473122425,3.77736165846738,2.33979082282218,1.53403286266524,2.13471872910491,2.2670795751177,1.36898902384014,-0.156486109687313,3.62674628058088,2.30926739818564,3.80334542895152,0.287281861316028,5.31937534739178,2.06291989788138,0.688167127619687,3.56053171733163,2.47695349421337,4.82277458908519,-0.066540374401808,1.62977888837546,2.33272017410235,0.393950625785152,3.87001094624808,2.82096283721104,0.690586056696307,1.33188406694708,1.53445030182819,3.84819767762108,4.73470642010803,0.685982670103469,0.685982670103469,1.80021483772622,2.76112374877124,0.347849726599648,0.029147647104097,1.74227019625186,6.06321443873161,0.428581860640161,1.98413285263153,5.91252472392224,0.689966029561802,4.55702684418129,5.77005560653917,2.04591116266274,3.87680358008678,5.42882559911725,5.33940124267747,1.51906908953564,3.06345328712452,4.06809023208243,2.0109598014897,-0.0538671228877533,0.922746290333568,3.69790083123011,2.33971708806502,0.471970820348384,2.64196658676905,0.0945436743870222,0.142621999311369,"NCI",0.44517889
"318",-0.135524354907777,1.08446230526231,0.904553108899668,-0.10729778888829,0.467100362905963,3.35362491545717,0.307294418940748,1.44763072267243,2.09797446342524,-0.12109560726291,1.41477028650216,2.7208058876033,3.52105394664415,-0.134297688350674,-0.108238819896417,5.0266571971441,0.118548668555424,3.27678583959242,2.77612233720239,3.13659280466403,2.37131182132993,-0.0637118081683963,3.48742803919317,3.36354811296702,2.58871670607796,5.96946430787411,0.48454259192385,4.72108492857644,4.11373712656735,3.78235827126409,2.15324464133818,3.71356468526481,3.38082314802033,-0.0944894737336466,2.25522987643559,4.00164922775863,1.94853722286579,3.42730584762746,1.69314561986024,5.98030525812954,2.66313432373647,2.4832929012839,4.64789601783461,1.78664224466286,4.32250004609353,1.71372145287711,1.91322400489713,-0.120904892634144,0.213512142979047,4.22069256122141,3.69857157929964,2.71937977758421,2.01816729964681,2.88336806248785,2.05356523459266,5.57687019075769,1.00578514494148,1.00578514494148,-0.352271136550277,0.0209287392647538,1.29708395576432,3.15260974213506,2.49288717106727,5.56119823678295,0.380596268624188,2.20836623981803,6.00192212071662,4.95941482425147,4.10561569154042,5.99220156866363,0.169588302566316,3.50972734598954,4.78440846899105,3.6947637139053,0.503117194765016,1.98898354850046,5.10550233614,3.35812292263817,1.96219716621238,0.36758955260149,2.5973353582845,2.52875847141467,-0.244801928597416,3.71013727067332,0.0422677023346252,0.986879193656174,"MCI",0.154748777
"319",0.17704901056901,2.715927097615,0.878028370271526,0.162369320741543,2.49981226273485,3.9677533263825,2.39962441515562,2.61392737902235,1.55012704971211,0.162882133719896,2.56023150836637,3.59501429735141,4.34535739923005,0.302587913374517,0.173791899148254,4.4517924367149,3.66336913018031,3.6747349701301,3.80615791612916,3.26758404738253,3.97282166794812,1.5347489650233,3.12850610504089,3.95012214431357,4.03395463748264,3.92869883940046,1.54479415194866,4.03634155177199,3.93821411325183,3.89020299488153,3.01405005280763,4.26983448924745,3.78254657951855,0.167309316973072,2.0514262450103,2.59278093427822,2.96920220288691,3.37811842272364,0.341327194055601,6.16012724993705,2.17261551955707,3.39325180213375,4.94741528684075,1.72235894089222,4.30628121290885,2.78693473771655,1.64469228345124,0.148258497821216,0.673024597724682,4.34645558340469,2.74253447844961,1.75742895727671,2.53721094871895,4.15886911011503,1.60062526188335,5.59235294372093,0.0411260605577115,0.0411260605577115,0.239477750754049,0.231724430990735,1.66594058578959,0.0677813760326829,2.44491629584063,5.76050395405837,5.39430647242176,0.108481655993099,6.34666431476768,4.56723988561841,4.58934241922971,1.95000550891179,1.13211392551291,2.87505541750626,5.45035858114901,5.47200998046669,0.739969861537969,3.49059935481788,4.97237586852891,3.09729281330829,-0.0913922618260784,1.01674349218587,3.00360506179711,2.55417928237603,0.42423393105824,2.5618279431402,2.57559264043296,1.712475505997,"NCI",-0.57035274
"320",2.15040869788182,2.69848293789812,-0.0242879241021479,1.97824488593708,1.16487148140499,1.58097464930817,0.00315458308597516,1.22503361732703,1.43299124342166,1.99095838348078,1.57508998022835,2.64736603672981,2.04565594964578,3.73314312603202,1.62523187976739,3.76770261677874,0.042004128591413,3.66529822188246,2.35628637606765,3.75876940140483,2.69201696032217,0.555546641650722,2.66153006811172,3.11900235675484,2.90408676583986,5.79363330188326,0.633821659301623,2.04957695100417,3.76961289908944,3.19140141992103,2.49102635101958,3.45675924047998,3.36814150404215,1.29876762197248,2.28095847082137,4.75201876683492,1.69723927526401,3.58327079092395,0.33363991726089,6.82831190469179,2.99237557932431,3.57964881064131,1.82235488520573,1.88596893621909,5.32840225910305,2.99609115694536,2.14031360953747,2.16242343894474,0.684379391654427,4.20420722814378,4.57657332149024,1.78358810551633,4.15589297398542,1.8320621746657,2.62515553685985,6.45782654391362,1.1359229391685,1.1359229391685,1.91520462684265,2.5833735082084,0.294120720252445,0.0285915896026019,0.819045227894121,6.2672496243891,1.15107601476034,2.26555730696902,6.05687680640514,1.0184764300086,4.06975531818172,5.96315725206093,0.165325289890283,2.52242397191088,5.22535783361329,3.94433791153408,1.62465634406805,2.6660981265276,6.39468156524411,2.00496145033493,0.261569311756582,0.0963187947057529,0.980423084241804,3.67316213871678,-0.244801928597416,-0.424803622673362,0.0422677023346252,0.986879193656174,"MCI",-1.018442834
"321",2.70496859789051,2.23891974349749,1.3318326509377,2.22840872238565,3.15411387433006,3.45496819709111,0.224706314827566,2.74254220561205,0.892617940645585,2.40598076354995,0.318113997387727,2.3831079002176,3.19927175028987,4.40574931062346,2.31339152555548,4.5316197417725,0.390852175691871,3.17066036538493,2.95499268321771,2.94294702382689,1.56882000619529,0.0922560733585346,2.30373186859296,3.45020943849045,1.73874787490465,4.1570322909294,0.316756440856933,3.60882128023165,3.33733065142686,2.46915014392335,2.2746424614999,3.83898155213492,3.60785300727838,1.96998538215556,2.46334769345781,3.8500398385349,1.6446422257215,0.38635901020686,0.489298429225309,3.86643026095768,3.86739790369684,1.67392534692278,3.05212883201578,2.1639027489957,4.77429292097171,0.42417692302597,1.00034713826226,2.21238083401411,0.253842123076629,4.10026863041371,2.8727706903275,2.34795234203917,2.15983944106573,1.62612744798025,0.264026955930092,3.74348257478831,0.0895138546094045,0.0895138546094045,0.596514875977184,0.210487515621182,0.76469867859686,0.0349177944974788,1.70719407818034,6.4252180482064,0.451493531510646,1.90252027853001,6.39356073424046,0.279025494784098,4.62144178267587,5.66750334048732,0.124716845400029,3.92397866774939,5.28598222351175,4.92997326060262,0.885759804143853,3.02388692060554,2.89321143429349,1.80240183831677,0.81032263821902,0.801034299044195,2.23985395595822,2.62647706476521,-0.382814352125649,3.24981934104848,-0.0998802330536575,1.01374715681126,"MCI",-0.825460733
"322",1.87538925096547,1.20988260306694,0.639643603065333,1.85135838721311,2.23023646267228,2.23100288593191,0.362650899316277,1.28790877682133,1.88500530054391,1.69871688802405,1.84833569434825,3.3016093492447,2.92952523880896,3.61194555665252,1.45574665596928,5.19914022403278,3.98259936813545,3.53492918917779,2.92631317392457,3.52260836558032,1.99051542886122,1.51746817832417,4.06759409005498,3.64727240554603,2.48366578406909,4.04046318113014,0.572776027317249,3.53787586560583,3.31624534341593,4.10150434302358,3.17169334627209,4.11238214554467,4.06820859701318,1.62033620828558,2.11179619110461,4.30579764113802,2.3264514860146,3.5189439394268,0.718682219611957,2.7799139394322,2.67664294584345,3.50468244135631,4.65870906628299,2.86323894873577,5.7846854593367,2.93364201143766,1.46254088639431,1.9055897586638,-0.0314602799894785,5.57915636240494,4.11848461586574,0.159907598404716,3.52677759768567,3.36609048559819,2.71805557558949,2.81743622770126,0.893915461898931,0.893915461898931,1.66339020844026,0.145175176645568,0.0494126398137786,0.0285915896026019,3.27977496056628,5.68520826888413,0.878448173684549,-0.139325761740675,6.75068108755118,0.563057218016148,4.42969063811045,1.22469012537348,-0.00254241806602973,3.52968480473984,5.48021927790996,5.70650823495853,0.900575333238339,2.85502962394674,1.17015116140252,3.11432494838596,1.76497764402965,1.51920442373709,3.69656396444355,2.45604969314368,0.370451085953041,4.31743357215665,3.17941746366941,0.986879193656174,"MCI",-1.066581574
"323",0.103145269298588,2.19608450276527,0.75501595986497,0.102670179897602,2.00330926744328,3.38608763459181,0.605981896824427,1.17977764233699,1.33853178755662,0.109332008913478,1.87291188009269,3.28187837927387,3.21985332764752,0.183721487695386,0.0799549628810027,3.42667528181143,3.55812884579365,2.52526330248604,3.68726772996796,3.36255111957372,1.83606607284241,2.00110674289749,2.67995713234809,4.06185983241577,2.23996692224884,3.91308986461553,1.09667709746324,3.56006384044841,3.80863185392223,3.85084637751369,3.07283306108953,4.53779707181098,4.43406842115774,0.0802778024747958,1.80573788221056,4.39607995843284,2.51594673512069,3.42549004394656,1.6417780520856,5.94824572960039,2.31327332056944,1.41319059746542,3.53815135942394,1.36783712818505,4.60567045276251,0.0666045325409591,0.386295370302384,0.0995468654556309,1.32297521317563,4.76961419438194,4.12710205623173,2.75248753444824,2.69971388960165,1.88706792925455,3.22851409027136,5.58075088821062,1.9941553640105,1.9941553640105,1.37114567687755,0.210027183346039,2.23203109334394,2.9534172905314,1.85158894100413,7.09728639556557,0.742498668007814,1.89378483273756,6.103563180472,4.8340176471587,4.73759114524723,5.996963281909,0.147242388991436,2.82812452446396,5.57907877389356,5.54745493762769,1.27699356983456,2.84595247962072,5.37647899642175,2.44016355469623,0.0325300116483972,1.70294663373941,3.1320976274271,2.81260035750788,0.130074048746944,4.6128114705097,3.31019189328003,0.586864468431435,"NCI",0.026658061
"324",2.40968110344929,1.75347119877283,0.118705980721328,2.39783337240518,0.46591065099097,3.71761659378936,0.627741819606497,2.5541042294551,1.75680776200787,2.38923386423305,2.0478535864563,3.92325215476931,2.54565996994064,4.04647163913292,1.91435213602707,3.23121403515429,4.31009569707806,1.4285164030524,3.04340667774924,2.55226887046819,1.8699170412108,-0.0319164357425128,2.81365078568829,2.57948730752007,2.289265745465,6.03429805619822,0.507658180732985,3.88436327270082,3.87938231363331,4.33824714875437,3.26608210545058,3.13227312895528,3.06378224362978,1.76187020260037,1.93837971149821,4.2699358523555,3.0702435781088,3.72258177379782,0.351016872909915,6.4649119759646,3.42514002905919,2.91823498781408,2.91832212284821,1.61215668955355,4.27797986295876,1.96597380214861,1.86697524125337,2.13849065623316,0.690274844774013,4.71168422130203,4.18129875631584,0.091647845785553,2.04538888385961,2.06776157893093,2.84011061650233,5.83684200022728,0.836917094321732,0.836917094321732,0.312398264678001,2.31669353985354,1.62026524566492,0.0282087104349342,1.88338934138769,5.11657405249265,0.607525159681487,2.25334444661568,0.301457039419482,0.470217783935235,4.01901634541431,6.5260330940696,0.309795130587325,3.68437463299735,4.64013976029236,3.20935490552692,2.06612508500158,2.46299077844026,5.99556574276524,2.54638676003383,1.18015768291512,0.576781649568847,2.6746288991659,2.47773526801345,0.471970820348384,0.371457846508864,0.0945436743870222,2.19407858724064,"NCI",-0.260535485
"325",0.0290908637007128,1.36792820731008,0.454633636992513,0.00768024842755477,0.932008213321853,0.947892126785456,-0.107766897503044,2.62501881983427,0.808699576925825,0.0124538273434234,0.201904558701866,2.22162785516717,3.45243738117937,0.160405614313652,0.0427170749100654,3.14257527271298,0.299020291716293,3.3379787091577,1.91167494546057,3.10627941406847,2.06430461453771,1.6309233252433,2.35637002586042,2.98074125021216,2.41203380469974,4.38570807341457,0.372203385330802,3.9219041307948,2.14025163693431,2.99598694341486,2.58637638298812,3.29159965328104,3.06135482138506,0.00599214872033194,0.254721946974167,3.90639182992064,0.826518945333022,1.96705964395772,0.499630202576429,5.7363435280543,4.3872289673883,1.11012148563941,2.41203719802135,2.08933890357706,4.79356316456855,0.722616362922444,0.268712566735826,0.0037999099350674,0.5244172365184,4.16722063842755,4.25302842191497,2.23121557300331,1.56901535159113,1.26573897627018,1.58572485727057,5.27665293794697,0.0895138546094045,0.0895138546094045,1.49982124257305,-0.00263475744048225,2.20037161942318,0.0349177944974788,1.1565670458462,6.5225919013654,1.11583167137944,-0.185122378329262,7.10390076149023,5.27593518680177,4.44679702993727,2.01544378208874,1.56815932982512,3.67583598189007,5.30785795156893,5.2693159156395,0.623713649911003,1.67450013189472,5.03296533866013,1.8053262067785,-0.0144093146664662,0.679585410608405,1.9256057907042,3.60631439210983,-0.03086206067342,3.84849652447719,2.23524864023696,1.01374715681126,"MCI",-1.389172482
"326",-0.144146548420183,1.64779595051575,0.722508951944444,-0.106980407200187,0.550007748688289,2.74308943244742,0.617158447464828,1.24119683535276,1.54521844038515,-0.126363026395354,0.305433137598118,2.42609228137919,2.27004168954872,-0.225467360774952,-0.0987287720359169,2.96452052869352,0.10196561417203,3.41559584152018,2.20060427329705,2.90979769142436,2.95209931873966,0.145954252072298,1.81310148513397,3.45196171974715,3.21368275674357,5.82065331904107,1.28201179184848,3.55267104950009,3.19502767755793,2.62260293990474,1.58139423727276,3.78685810012056,3.6582400932545,-0.0601032527363737,2.45551173710272,4.47933835769645,2.26845550139824,3.40591429615204,1.5040381518754,3.66535971114785,3.80413213532174,2.87864464569572,2.55109692474114,1.96605939970415,5.78145854834172,2.51327662058553,1.78135179093623,-0.120290071338173,0.316504211865943,4.54181772695616,4.36457302926023,2.61393896345374,3.27569150448926,2.43371695262386,2.15170072797514,3.29686667729318,0.594155102872382,0.594155102872382,1.89920399591917,2.81173173804353,1.02871163107399,0.692966236542948,2.02949443785278,6.51812760349421,0.164612798077556,0.664540801265345,6.56056235852816,5.19913467437874,4.1860876988155,2.73123797629234,0.0074241510573535,3.75403325237255,4.56256038396809,3.53713134567369,0.165496419401464,3.24144189684268,2.14489802311835,1.43566768642866,1.92065835462414,1.31676575293895,2.69190268923579,2.48575235763298,0.140382183248494,4.05173869853452,-0.0202098216700136,2.62456781129377,"AD",-3.107312015
"327",-0.13799245404189,1.95526409648005,0.482925850920215,-0.128310661493685,0.116106886551929,2.99693203268748,0.659560612713416,2.28623264178073,1.77968705476982,-0.0995308002860401,0.428768062966153,2.75411774831665,2.56041902777778,-0.214568955155677,-0.0955339274883289,3.83841434882402,2.82766452030722,3.12981016191472,2.43000926884851,2.16735936658656,1.91343206788724,2.30238955410327,3.10540220518602,2.85674486966586,2.20754311474682,6.12867540040834,0.692788724066253,2.72218286453432,3.21451201134538,3.67410311598207,2.46377592818612,3.27118950232394,3.19177230029233,-0.0988353430950836,2.14676690981488,4.31286777441086,2.29407593076704,-0.237887477860274,0.123106474146829,6.27133760085548,2.74602094043519,2.87153947453412,2.66366034810887,0.219872404995591,3.57856012236576,2.12713432529906,1.137413422357,-0.123685071760345,0.348696156028039,5.43395618630406,2.7609331313308,2.08325976896288,0.786926075626767,1.50199834235038,0.125102020409486,5.90745807438854,0.560988196401526,0.560988196401526,0.158304108422398,2.03389677323756,1.38184402091533,1.51097029596025,1.54232633486781,5.09545472174818,0.298918019843605,2.95727863392945,0.470802429569633,4.82578421491498,4.2275355453082,6.98253995714064,0.156802987461914,3.91138088925999,4.78685314554103,3.12944497043098,0.823137744622475,1.58414179594279,5.56141250129376,2.36368386302377,2.1557786840305,0.125186392996816,2.17710858627184,2.4395992634263,0.216119760495763,2.54938463409932,0.0427819196791431,0.149953260232887,"NCI",1.059541689
"328",2.7149167547641,2.33389510714655,0.617385602508182,2.46570082096923,0.923127437233778,2.16407326244287,-0.0362088564770142,2.27595036722929,1.23306243551283,2.18219091256208,0.974117024734254,2.01173774828714,2.38609388461303,4.24031252571141,1.90236555331178,3.11147843159394,0.531834535257512,1.20838176669873,2.71328076448604,2.84972054854721,2.09479939678314,1.72364872481661,2.38083122755381,3.44526896629586,1.64195995426188,4.410604437247,0.72265755400941,1.78835780735853,3.0029591837982,2.38448402428723,1.93231166259232,4.07306567115931,3.93285266710921,2.11267939169172,0.252904950977741,4.67165605635873,1.71923560768601,3.2138544706307,0.426492491353142,5.30269691447102,2.68643217760485,1.26806957922689,2.1127247818989,2.85915249125385,5.6604972858342,0.310263641055696,0.695068477400166,2.0470122946981,0.834007631228625,4.7630386937224,4.23074062764319,1.79523377446036,3.33366105706322,2.21032864365704,2.13960151981507,4.85638056798587,1.73335587622739,1.73335587622739,2.53703755119939,0.28536924031008,1.55950108931727,0.0349177944974788,2.01659394929227,7.95852991869354,1.75962035359765,2.21648523761359,6.59107184722067,0.46592309058898,4.35082497178224,5.96956482794367,0.00261930942928856,2.525765965925,5.3414087325115,5.4873737984542,0.628139650976055,2.63681112902762,3.64650371376859,0.922640146453501,-0.0144093146664662,2.30253540070412,1.55560449627204,1.25297539077278,0.955200143223199,3.21165429809827,3.12785697513439,1.01374715681126,"MCI",-0.916203954
"329",0.176003513133547,2.46373973025884,-0.0133079632126629,0.162369320741543,0.377355490149604,2.3376967605808,0.173032203986584,2.67776648180063,1.80607747435712,0.158552081562066,0.2251097831553,2.24233677644821,2.2185372316436,0.475801776570083,0.130222856352972,3.90522008409277,0.219890754105425,2.72748913698847,2.85148443451102,2.85527600332806,2.57592149545995,0.886081906399571,2.00137011128814,2.63682885375788,2.63845539679066,6.13654076966036,0.59193071453498,3.19370214378552,3.81827245324707,2.80404808288958,1.83306759483061,3.01650086481071,3.15183347528097,0.112211599350085,1.38980658528121,5.05422822444626,2.25273101638752,4.21437359384629,0.426503792511606,5.17265929520346,3.2749208440131,2.48956765564724,2.03086726339602,1.47490954274184,4.78775008687568,1.50831167713046,1.32002666571951,0.148258497821216,0.479625064338336,5.30751885110978,3.99418140100291,1.99862980920924,1.66975307842777,2.18785814389973,2.83782771801655,4.78137645036531,0.922481785566663,0.922481785566663,1.82720714084535,-0.0321163986881832,1.49588766652458,0.056076882094054,1.03967557272237,6.86605865757493,0.75273448735361,2.67574304743909,-0.637867369324982,4.72364634572265,0.707269929867409,6.90321826741534,0.091333509943851,2.79794375832013,0.851448272932276,1.11799953776159,0.354128117971208,3.1073170570224,4.16677590275846,1.28915730694771,0.610024551112156,0.463904884388281,3.05021603156725,0.819933368427232,0.42423393105824,0.381963657140826,2.78228939817578,0.0609468482572579,"NCI",-0.558086559
"330",2.47301290565711,0.633661141161128,0.811331487985836,2.43942798460299,0.189870832984496,1.4587974392261,0.000524510026279068,2.98248878705002,1.00592066956683,2.62934188900352,0.0694949525073598,1.41957328013485,4.0107968886364,4.25864997234234,2.05922984933379,2.77646313000364,0.0752398326107337,3.32638515400262,2.09023578698547,1.89557899845654,1.05602703980791,1.58442833267029,3.59223281095699,1.636280436805,1.26828375326995,4.13649084309299,0.0307988756578802,2.84477134125191,2.16317888942699,1.74734049928031,2.32629829883807,2.38651128363265,2.35566579610087,2.14497750318649,0.935806679416932,2.67586820471809,0.537025517506503,0.906987365738011,1.53031217664356,6.12286792099946,3.34514531853719,0.720113977411097,1.46331284622163,1.64736208293504,4.16276248827947,0.150523615853249,0.57459240132368,2.51507108434173,0.519946650023795,4.06725954812095,2.46069686889554,2.54860103132398,1.90972666368145,1.20190763550727,2.80826563510242,5.51482464777561,-0.139106466104553,-0.139106466104553,1.50196041188358,0.224939053549662,2.87083766311749,0.0282087104349342,1.30856141440867,6.09999309462453,1.03261308842207,2.12030735119914,5.95527182689648,0.235270744174837,4.65517498631372,5.96065394073963,0.372857184042834,4.36259545749343,5.52444930587658,5.45528724805626,1.65794025546004,1.68057523893036,4.97194722006072,1.23024646920775,-0.0538671228877533,0.959792827502244,3.41534119660284,1.34480984862305,0.471970820348384,0.372460749994331,0.0945436743870222,-1.15008697317931,"NCI",0.030483116
"331",-0.0268373930671745,0.294344216821688,0.107891674250446,-0.0269205579560944,0.215115791083029,1.24279552231279,0.000524510026279068,2.48225942257331,0.494444953821553,0.0169632729365703,0.19758148638196,1.34565069966889,4.3655266418624,-0.00907449276591787,-0.0256369184674275,2.62026355924292,3.48716987472401,3.41052326694826,1.71171148956585,1.61658667057778,0.415461604034163,2.20051998437319,4.111107948807,2.03018550533978,0.657477861129992,4.1480233491929,0.123991572964977,3.34619227250063,2.1181811543792,1.93657495351008,2.169476128187,2.31172924663591,2.4400348077606,-0.0454720876314101,1.89812044062823,3.49855065119939,0.468714128864555,3.73155826075541,0.0948419831161981,4.4056433669629,1.89588642216574,2.80506548779821,0.925168663130321,1.7082778454371,4.22661714160476,1.93892435415274,2.10142031380466,-0.0284245229323239,0.223802288071568,3.98034043205184,4.27111156794683,1.77746405062025,1.78932893035602,1.30311641566696,1.56172458602437,4.04738731341404,2.76864891518465,2.76864891518465,0.312398264678001,2.63365147374364,1.81607583549567,1.290929622219,1.48277905143321,5.3211665838893,0.655404372363709,0.0130055907937596,6.6550879394497,4.96021330804305,4.33950674013808,1.93456965717577,0.217033290817025,3.07077842405632,5.36548678290959,5.20049513859102,0.84409872378777,0.57313702309557,3.05465826067981,1.16144138472507,1.2603464234945,1.3665638006331,3.49012799864644,2.06186785694704,0.471970820348384,2.79738765418739,0.13181453458518,0.912484774856853,"NCI",0.476085839
"332",-0.0410865366644441,2.69215174256454,1.99867972075831,-0.0462178153210226,3.24907183702899,4.47261077333469,3.22000208877367,0.958787712455438,2.40907447365725,-0.0453278589230303,3.01818666194252,4.07253379916735,2.58458120420551,-0.00229168377523692,-0.034359764888804,3.64775832610246,0.0340309732933177,2.13831702275465,3.6469681549896,4.04089219983918,3.52435913258592,1.58106107135056,2.53259297377593,4.22076757868099,3.62481149617115,4.21349573293932,2.86339755792856,3.17811239183777,4.48261648683433,4.21961249539642,3.47971105561259,4.51746151920763,4.34736765507586,-0.0359860259618263,0.401333807882428,4.14129420066232,3.32501336068027,4.43461514593481,0.205798459862321,5.29163376907602,2.85843490142306,1.54517734877178,4.14200863124985,2.15265442289025,5.36613351276005,0.501405916740958,1.64684635761156,-0.0361625672150933,0.493951717222852,4.42792356114828,4.85465266547147,2.3027504393586,4.08032328093322,3.90400009968006,1.85091943095238,5.11764264032189,0.583993538396542,0.583993538396542,1.11624556522927,0.25313097741124,0.615872461978766,0.0232009998631409,2.41426053323128,6.34155306495533,0.720620191571998,1.97735782557049,6.18730573909369,5.14846928484487,4.47559695465667,5.87594532148563,0.295387152978765,3.63293625403786,5.33990939706704,5.65713865210405,1.76861318068998,4.07203572181149,4.58144317537568,2.9249359413336,1.27813254190657,1.82214707982029,1.36431861647322,2.62129606607624,0.322031251268873,2.78932043384939,0.13311528480339,1.0386864305833,"AD",-1.250648921
"333",2.73633058195483,1.31014955905981,0.77489733749078,2.09073748413527,1.35018108305698,2.53599681949756,0.135675645842201,1.44823310013414,1.11069757841913,2.44399816534519,0.631499205739036,2.04252058961692,4.4940752151466,3.86570804940211,1.69117404528621,3.25729153400813,0.44019836364753,3.70254668207424,2.24560580275341,2.34618342504482,1.32698834658346,-0.157482463554318,4.17746863738399,3.23656603945772,1.68440881937466,3.76217223844833,0.288212550920622,4.18304048827757,2.46061687483034,2.32017739717124,2.83354331468656,3.88496239424817,3.63012377173064,1.75954373386918,1.88226062852454,3.46425191009568,0.696316509042808,3.69482847060589,0.355400431425348,4.94478330196881,2.88544440636639,2.31533331670967,2.09056720590409,1.60423080866376,4.12811400974366,0.19337922350794,2.19690936549136,2.305140839402,0.974044929294344,4.79625958370064,2.76213531486491,0.131798784247413,1.54458742860972,1.41347958951175,3.26563883312699,4.49444784451297,1.10058807238855,1.10058807238855,-0.352271136550277,2.07248743065529,0.170347284554185,0.091626971478893,1.4013002514122,5.54367363168253,0.528135482166935,1.90364871374099,5.74501797365128,1.19910865368372,4.61622248507074,5.58586911164468,1.33868634819741,2.84239101797017,5.46945968183551,4.99194912441111,2.30623798719903,1.79536531916394,3.91980020300312,1.6131041065549,0.261569311756582,0.596131262959983,3.72696217273215,2.36022770064491,1.40381275954884,2.27418944263065,0.0422677023346252,0.986879193656174,"MCI",-0.490441026
"334",2.1247939742113,1.16223175539334,0.497858400317725,1.99500648220228,2.02321688842377,1.55063546849888,0.000524510026279068,2.45357338197328,1.27231509856954,2.10019912658834,0.618226397895998,2.83695568399692,2.39484398396929,3.79716320850775,1.77048060972186,3.6380410390985,0.239032672685282,1.43496909953786,2.18691138514069,2.7767151475291,3.8177779409412,1.52231265824197,2.15489550881787,2.69775314651289,3.66700172470155,4.16106870165021,0.670490712337749,3.42763020021698,2.78219300384085,2.84494578088092,2.67906962128826,3.02223309265842,2.84939068605255,1.54584949168747,2.49257868987119,4.71670036874926,1.42671599652867,0.88500838233259,0.410230965951248,5.6701809175423,2.67592253848944,3.65696407665633,2.75781093780546,0.332600486705664,5.06128639034382,3.01929694948772,0.874113775989311,2.07297480508233,0.294405782655615,4.33787790067147,5.04275208718947,1.69893579742911,2.06601227019493,1.60077664736709,2.15464119792666,5.23999947240783,0.944965166806969,0.944965166806969,1.21060318311783,0.145655495575902,0.727433219154411,0.0282087104349342,1.79981369120365,6.58929225149085,1.1423696168568,2.20642184348951,5.97251171684382,0.509510728185063,4.26601857483935,6.01397158013756,0.0775664663183847,3.81052836727646,5.27145241312045,5.29816611971333,2.64052404817755,1.4366829672826,4.73462484262497,2.06224641614192,0.310119221838448,0.432347625033448,1.85304872490113,3.04457084047836,0.471970820348384,2.73741142478161,3.63466181085677,2.87233173681119,"NCI",0.046437541
"335",2.50643791397175,2.14741137755631,0.6408901965542,2.16509991052003,1.58245791839455,2.33149617987537,0.370098498671096,2.79876844514122,1.13117826569537,2.25640572172708,0.943960492251867,2.15274548290437,3.66483911314576,3.92511274742322,1.6914716890741,3.52002684301589,0.312446855753473,3.20648516513228,2.23817684857884,2.90722852371667,2.99616503831269,-0.0356496643655043,3.46054228956837,3.4842701314929,3.32452483255322,4.29582968772962,0.509793975337962,3.75625710402176,2.4805549098152,3.0853783665796,2.72103813364199,4.03678028548709,3.60300827784722,1.61352171822052,-0.338082738170862,4.52024941784408,1.30396507091451,4.26009610290786,0.353182242541392,5.66575964386441,2.05895781967817,1.16288202104128,2.60820144762254,1.60109906457261,4.24187409717823,0.578029708687341,0.762707117214943,2.08430647947944,0.351403567187874,4.55918698502482,4.18618072821647,1.75071629788568,2.47484981078707,1.14741914584487,2.96970943431448,5.17085402711521,0.651345963567601,0.651345963567601,1.06954754936629,0.0867555645415348,0.529985885576996,0.0312170662002285,1.50716055602828,5.8552264943049,0.633569415523807,1.61885872147385,6.05431102781031,0.548847138588622,4.16156418504928,5.68807727585058,1.93181777758783,3.77070382989,5.06129908967586,4.93124745227571,0.875562332458621,2.14917619562072,4.94357884857688,1.67833951259658,1.08636506662282,0.429190988502029,1.52254254010526,2.68861849636839,0.449187060578447,2.73569642114558,2.91045681716679,1.89871574207424,"MCI",0.034027195
"336",2.77500047615807,0.985672190012045,0.472910231606199,2.37835019304543,1.08623076120592,1.36304542684383,0.123436059503585,1.37830859682837,1.01077279913806,2.7438485235036,1.05946916097578,2.22890445054978,2.68740234843348,4.70124247310528,2.10699589393158,3.31723550514697,3.77463646678504,3.33635158328842,1.8349999683503,3.22135651053603,2.38434903482213,1.50914704638599,2.34960323608163,2.72795956012123,2.6658824521068,3.66868263738083,0.592081701905341,3.65940476563473,2.6554173988552,2.42461225899659,2.13436037836839,3.05092557833641,2.98226119828739,1.99105916887095,0.20075491317745,4.85146778367204,1.02507679950355,3.02861463833266,0.690976849651534,5.312039617219,2.8857176619868,1.5300660046968,1.84153245014665,0.124081263909595,4.14560992728695,0.170472111619708,2.10909896071789,2.30003792616772,0.26271720401201,4.59377719392061,2.37791888346923,1.70079397847899,1.73744322518381,1.67624015468179,2.79176745887709,4.73333519108083,0.054085603191123,0.054085603191123,0.199848726090439,2.27869734151193,0.91714667116657,0.0882796276713117,1.63229326276244,5.90803185010386,0.52015408405242,2.12897997981848,5.69443240507758,-0.574831235642727,4.62042195276324,6.32264960854862,0.251404848111179,3.85118730788554,5.41012399640317,5.57251983852799,3.16824633905894,2.0681044884946,4.33301163815343,1.43091289215617,-0.218446723263825,1.2156912578789,3.06779715062042,2.89609774561464,0.227745403328056,0.374795509978851,-0.00270605849996386,-0.00149988844388793,"AD",-0.547619931
"337",2.10876195452095,1.99114714125909,0.710342728445145,2.14685048886803,2.06636581351359,4.15172914689497,0.253051905938714,2.73698738729506,1.76439066261341,1.93731099460074,1.13954668508724,2.86150767292931,2.17479410120566,3.53831332573549,1.83318919464988,3.13918089240819,0.175867511847082,1.46224547149552,3.37058156124759,3.26805011940461,2.69630217446299,1.64526366453005,2.90536111470371,3.48613488169998,2.93672623978565,5.70670822559887,0.872307760625403,3.0887883276387,4.13774814431008,3.01176158095088,2.61878365781257,4.11567160827364,3.80560832594779,1.19294810344605,2.25078793659015,4.76553521344882,2.24794016847439,4.07916853904474,1.67495587578764,5.0887229411699,2.06306052518001,2.91243093999406,2.71304576754353,0.366064710011576,5.71944281169955,2.37108433350973,1.84423278389133,1.70312258576962,0.511970510880134,4.65729982354811,4.15703201213384,0.128457379664038,3.32748968651781,1.73954055504774,2.72386733409911,4.51324737268979,1.74024828426682,1.74024828426682,1.2769305844341,0.0230931393562233,0.331567758343145,0.049343278789396,1.6036943396059,7.2354760487935,0.49436967413143,1.86815449238977,6.08338694220054,0.605477360697952,4.17516368583292,5.87699100531319,0.261289002530086,3.62477856083461,4.90861515332684,3.76567256156572,0.93445705378398,3.09642195871042,4.23742606551157,2.06023716329127,0.250643883925508,0.782781337209465,1.07839526030161,3.00622847668672,0.107931284914873,3.94788863833809,0.0132708750493539,1.17641965699828,"AD",-1.854575249
"338",2.068610104049,1.99436275821097,2.01086077072942,2.48590685053891,2.19929365198408,2.44707708960125,-0.00480360967159477,1.50728267874791,2.41962712277883,1.69035871921035,1.30837092123641,2.77072666937935,2.90107135455582,3.59222818451344,1.53354099021142,5.24127509467622,3.45901714168681,1.7970148570865,3.10916765735925,2.22803087990125,2.9449271276435,0.0193120154018128,2.46148876959306,4.16582762946363,3.49342763198016,3.76845458266291,1.54438854086454,2.28897071346457,3.29925127472666,3.73157504759766,2.62233036119445,4.7223410104695,4.42667117508878,1.3634333876626,1.49557810354839,4.9010245093421,2.02639350057518,3.78662506302577,1.19898119357099,6.25604108475658,1.75755426041044,1.4527350536181,3.93198586859852,0.569627419676933,4.96569479538123,0.108864197671158,0.407125102122759,2.11608739114464,0.723113264720484,5.36524936937663,4.23144516416885,1.98630074358244,1.6245017154778,2.05040599872962,2.69524431093233,5.57675452245792,1.31031495416079,1.31031495416079,2.52716844506906,2.43295896301663,2.30890056538081,0.522260780300303,1.40555956367276,6.9598972450818,1.14878145464951,-0.228085661706473,6.68875505159208,1.01513600559683,4.66210400075913,1.97465382126923,0.351157469351818,3.25003731991905,5.67258801161514,5.97616496647296,0.79091055618278,2.0153916473997,5.62003416084603,1.28460219700549,0.250643883925508,1.07536314084677,2.2377534274456,2.76327244349379,0.641482498644235,3.31985473949849,0.154869387465178,1.17641965699828,"AD",-1.607412057
"339",0.217238267945116,2.71867097851711,2.01247729380477,0.341864849949089,0.610236744090818,3.87342084247729,4.78585672012214,1.10964597494652,3.52691738104256,0.181081298778641,3.20317009848517,4.5644377661181,4.16507444734933,0.488216671596376,0.168346224446666,6.68566546606444,3.93738986817636,3.87696080337087,4.10091375887706,1.61335680449386,4.63429307663644,1.33022941736448,3.86575676202851,3.80071231437873,4.80371605375079,5.79959926417759,3.32938017110806,2.67116283666761,4.22589057341593,4.8675176980009,3.63527520119461,3.91797167044366,3.69120183947092,0.183622806823297,2.52097634197196,3.82866042498302,4.06767369292897,3.27192030554833,1.8877555281587,5.59754887463896,3.38088959481824,1.74264756600087,6.16728186399303,2.05399788886367,4.77809932402059,0.0862832048771311,2.00318656449106,0.304436784853037,0.269564143838439,5.59757661143408,4.45805839210422,0.390270000714252,2.24471487528096,4.01076362892954,2.69768915840613,5.0585010467575,1.40875880294186,1.40875880294186,1.39151570255569,0.0165268507580031,0.341153487940176,3.70512086881559,3.72646044527272,6.1309435674562,0.37599713627771,0.123872065291943,6.40611983003271,5.09881958016956,4.14629164370122,2.40756634376839,0.274239944057204,3.1377206104111,4.84302909550627,4.08537331570108,1.41028605316546,4.79734930761099,4.75977134265902,3.96147282465725,1.27508109359527,1.89090303634396,3.08089063152563,2.59854114811702,0.394376919724701,0.380205038993027,-0.028086799002319,2.28081072062195,"MCI",-0.750603573
"340",-0.0239995885338745,2.56704502768364,0.866883717022198,-0.0271921038989951,2.06515105693236,3.59361208625425,0.622763274477617,1.22542741444775,1.68002163539701,-0.0386788269525492,2.50787459933925,2.87395119050529,2.75052637864577,0.046397420473115,-0.0297870867037574,3.82566989619654,0.300326211556804,1.5390489834483,2.43099991745989,3.01634930157544,2.82113251874335,1.327973614899,3.55167039253204,4.54266330123933,3.31201489679347,5.91234741079676,0.672852779635677,2.96129564528347,4.07075007837425,2.90867586186637,2.42017672880538,4.87191897724365,4.63935665240382,-0.0399187764594087,0.45742140044706,4.83205427309411,1.84593085229249,3.76011979798052,0.410125289567573,6.69441570557472,3.35884463844852,1.97355827204733,4.33842374439405,0.382109416158027,4.21981090594148,-0.0232189789963988,1.0979854757108,-0.0317680891043611,0.612465549841795,5.04550781657255,3.39030455166674,2.81439493662695,1.74111670373288,1.48957562953596,2.20771883815463,6.13340907115672,1.79274500061164,1.79274500061164,2.14721383168739,0.418829040111818,1.73483166177405,0.0562446575625313,3.01237220669362,6.82314047924849,0.359961067955609,1.76822739358023,6.16658273069506,5.21006932116847,4.37869148694308,6.12728398752294,0.0533909844107088,3.1447334590689,4.6194328631506,3.4584547020575,1.98440701040641,2.84208279869377,5.9164348910465,3.35407908148633,2.0813922478823,0.773448732519106,2.14981035356177,2.21993653923842,0.449187060578447,0.371263009592808,0.0853988201303866,1.99321895672076,"MCI",-0.183979885
"341",2.85831401428035,2.84020218596467,1.84985451953345,2.79143568252619,2.88500636286181,3.91236357940964,0.776933634295798,2.48279579820884,1.75991342716604,2.39535343409719,2.9861437023212,3.59427902811169,1.47850201602202,4.53948363898182,2.21805600659113,6.05403069400931,0.0748489572639888,3.30884886262131,2.5411754792531,3.26737356663019,3.93313271758968,1.46116728062568,2.2622244980047,5.05596828751409,4.64564205253621,3.61945896359664,1.05886537088648,3.434786980357,5.16436510960603,2.71408331106061,4.26599099414396,5.52684785543875,5.16577959781723,2.1449898852918,2.50460158524819,5.16871584437449,2.28936960982774,3.91728868932421,1.74019109246738,6.38357571809317,3.33791484564944,3.40074315875998,6.46903789262454,1.29301376140258,4.27694081683253,2.93413464178613,1.58577132142242,2.64949342510126,0.303863258108863,6.37653980955671,4.47832274157468,1.67070630731273,2.06885150242834,2.88350798322428,2.72373256634059,5.9401395264771,2.01786695847623,2.01786695847623,0.228344024160866,-0.0137418228128637,2.37150132086691,0.111402882529699,2.67105526228465,6.35216430567554,0.592146220104023,2.26986061875498,5.85451362398887,-0.512237564513303,4.71699502015519,6.27282988131015,0.257927507119958,0.386256488437598,5.5877653439429,5.80637830012791,1.20780230479247,3.72679348320221,5.74359992027058,4.15632940799867,1.73920234153309,0.708047574999969,1.99204170962943,1.24435612257518,0.394376919724701,3.07110340360515,-0.0214660917204814,1.62728453865794,"MCI",-0.613372287
"342",0.0129738780185404,1.53979655339553,0.513860579629043,0.0477866189899064,0.772497021877847,2.51369289438691,0.433235357241878,1.13920111168728,1.91394140637813,0.102567983176019,1.91599889336186,2.59376676189761,1.98948794607293,0.240367726183467,0.0321231621700828,3.73511193630738,4.45756216861089,2.32331636400791,2.76690460367218,3.11673800788437,2.94583837066651,0.169822075336762,1.70548482359768,3.28858461970113,3.23180985862169,6.32588633604879,1.10023161459004,1.51076705594006,2.82761693273898,2.88606522804158,2.12440521853094,3.89727460649404,3.80909228706058,0.106214604871813,1.82236561738522,3.83121813238091,2.05556450000783,3.94579884725771,0.170265841804567,5.74802330750976,2.55884900944899,1.00096900076443,1.82059836591899,0.700890072401194,5.59618196310539,0.313353076467874,0.978986381713233,0.149587991361137,0.649120907751573,4.84460198783506,3.84229631357976,0.252557068492516,1.65810737000033,1.95916068144079,0.700680357413743,5.39201639845578,1.50530778632837,1.50530778632837,2.40509899658944,2.7784669887302,2.65070673869904,0.0349177944974788,2.20693624160946,0.705535824186865,1.98537711064025,1.79975214309088,6.48012472595984,5.33674830243609,3.72601642122198,5.83946455865771,1.38407344796867,0.673575133977276,4.9021169873159,3.63389570465867,2.25907402718499,3.3919952694718,4.60416519003249,1.09144323778911,1.99437465141814,2.18777649493459,2.24259567587091,0.868643092592857,0.728259379464492,4.40238832187903,-0.0525922751155945,1.01374715681126,"MCI",-0.851183309
"343",2.19043463984053,0.926681278736682,0.566592031322047,1.86031015894845,0.997887419606264,2.20241888068679,0.381498929534376,3.1746797612908,1.27748600991986,2.13383598896104,1.39160923488619,2.53967469574585,4.79387148445376,3.73708082526611,1.6663955212802,3.07180472761423,3.72953088428646,3.01182237909238,2.18022865921124,1.67806689028577,0.216090242073523,1.54984545838598,3.9283757072412,2.65710622060212,0.333734203449309,5.90205788720583,0.698828460232342,3.38665537921535,2.52654534217136,2.73948734303565,3.93473398522526,3.0935424992381,2.73308000971147,1.34321744020334,0.0562693645662264,2.88757490495911,1.22775985109374,3.50796340393602,2.21157804466681,4.76978121940691,2.38168516658111,0.961132260283769,1.38823978031914,0.350669787547643,3.58551263585645,0.0563155562432178,2.32753285322908,1.83386533128724,0.823836397910312,4.09656812191939,3.73077093876722,2.26772901119249,0.787113925742104,1.61375595846596,3.14512156415727,4.33114719577192,0.664160573474725,0.664160573474725,0.447678042285371,2.06445590904084,1.7648947077527,0.049343278789396,0.931883745601634,5.1416064727746,0.494904503436639,2.08093743405793,5.7348139046056,0.669035237834871,4.11158546039623,5.72514398446301,2.83070386492489,4.11459968078527,4.60753689987902,3.69698058896517,1.839016552644,1.40619011937488,3.40758083830585,1.30315307289855,0.250643883925508,1.57696459814474,3.15065145298945,2.42301236192009,0.671736775287859,2.68346821777371,0.0519190866714165,1.17641965699828,"AD",-0.923328472
"344",0.176003513133547,1.99499287827237,1.79520665108893,0.170535323323,0.670151910343738,3.63672914150578,3.4755067790363,2.34156049108985,2.6549983453354,0.158552081562066,2.05448486080421,3.24985429310659,4.3768431609252,0.275163711713313,0.130222856352972,5.93743999270056,0.195024561948075,2.68659773335662,4.76986621325733,2.07004176148333,3.38019204639376,0.163449841847198,4.38153123104661,4.13989009388647,3.52279626161576,5.34042175691678,4.58725221855095,3.24011489869387,3.09052159560858,4.98596125764045,3.5182920518828,4.45530819095683,4.12517070260126,0.112211599350085,1.36617781561641,4.04486083141577,3.24483043858955,3.58908871669188,1.74209596407858,3.53446436871603,2.65824221957189,3.25077254213593,5.92389748484712,1.0117789718289,3.84668106369231,2.05770136470276,2.28217753496707,0.148258497821216,0.153689598429182,5.97175060359232,4.03104972923342,0.152179807518765,2.12128320243356,4.06041639928794,1.73736840678104,3.22285558202595,1.07008903922639,1.07008903922639,0.239477750754049,2.40277025531417,0.78104361181545,0.056076882094054,3.35665692696861,3.22012103850149,0.665174367130046,0.238913736794233,6.10712694095072,4.54940418116948,4.08085562163427,2.29437887284521,0.219252746721404,0.669611418597814,5.33383370644235,5.14016456197169,2.05169546911562,6.12850712153654,1.44737477131104,3.92648872794718,2.5873220674785,2.35381398494871,3.4139247974715,1.96831194911787,0.42423393105824,3.72798056635551,2.30767248691532,4.56514959633257,"NCI",-0.193538075
"345",0.222046059891225,0.584958087303096,0.337677055685295,0.166460455522495,0.417431696437832,0.887575273489678,0.212697998771229,1.31547969320226,0.76818435654098,0.181094416022854,0.603459564556792,2.5181457117287,4.5995722962547,0.275163711713313,0.130222856352972,2.86427614729251,3.87643834386294,2.83838126399106,1.80125420071722,2.08116795901673,0.435409697719152,0.154411968267797,4.52615829785187,2.26158515778009,0.722761011436573,5.95929486425123,0.131416158511017,3.13454854939105,1.56922841433468,1.59911079729496,2.98072517433894,2.60194470617918,2.2449511561078,0.112211599350085,0.159063046243086,3.77994456635127,0.87163912664793,3.34672465201609,0.380166586910869,4.38247452716421,3.32285378386516,0.829622230812936,0.999075705967109,0.122303181407547,3.97066926931577,-0.0334221557490025,1.20240264111557,0.148258497821216,0.437447840338571,3.9518231659066,3.96708803827814,0.5879480458757,0.879231503431285,0.994182127858319,2.81948191041562,4.0049966068032,1.59776735826139,1.59776735826139,1.39486697180391,1.87260399195277,0.339202520684936,0.0609707331717687,0.505633378067907,6.42808648254255,0.536804305894225,0.108481655993099,6.46724750991755,4.30460947839124,0.707269929867409,2.09882363027146,2.32903331548977,4.16368922251765,0.851448272932276,1.32698154117591,0.989431498056899,0.494030654144005,3.05741658832034,1.32311934713349,1.27097200056057,0.20143966970556,2.33819810439124,2.33044543428283,0.42423393105824,0.381963657140826,-0.0102447246674167,1.8615883029719,"NCI",0.353439614
"346",0.0129738780185404,2.14566321964407,0.517798516406141,0.00768024842755477,1.90653642496437,3.28975316250466,1.05388654372328,1.12754925596409,0.462964690249405,0.0237730394638684,1.20919279813288,2.95861281449252,3.46304346036995,0.0146300541737574,0.0292142168455627,3.22447140099257,4.33978501605504,3.68452165719038,2.37728300573457,3.69391967836108,3.62298207765923,0.0922560733585346,3.5753975716817,4.53711575163011,4.1185423754207,4.21250452500809,1.30330784164679,1.85185359641324,3.473561173565,3.74321128371406,3.06990931968739,5.04759573184004,4.64752266512151,0.00599214872033194,3.24764693675637,5.04515592508364,2.23362354612531,0.330021156130015,1.54696204435539,6.49138885536096,3.34461423361062,2.51514414496785,2.50809165273286,1.52842383851861,5.21557749316862,0.156236053562518,1.05240134391757,0.0037999099350674,0.390989336978975,5.36966780311658,4.70472489223777,2.07509394544396,3.11974478781372,2.06163785574704,2.72210759348326,5.93885853851558,0.0895138546094045,0.0895138546094045,1.09907689536558,0.0370761932985351,2.11084361050243,2.22910615766498,2.01810562163409,6.31186542803132,0.721232260771994,1.9667653254404,6.34360537234146,5.34027840540886,4.52222809591316,5.66042063507408,0.255237078781527,3.51144505929363,5.52285358789725,5.32881057737752,0.720938307156232,3.2645530834925,5.98255316260948,1.82208973197693,1.16501021474342,0.742053359255849,3.32344709600214,3.29282930224105,-0.382814352125649,3.41470804406939,-0.104839655547299,1.01374715681126,"MCI",-0.133879716
"347",0.0201136176257449,2.37825932200085,1.17769150438472,0.0514831792133786,0.470693392648599,3.27408275069121,1.11343077656785,0.968865407940981,1.03381252242356,0.0819448805462346,1.79779711073064,2.92261699263377,1.85153502234256,0.121313501884007,0.0641406460320422,3.62805298096047,0.514589147615145,3.56038256195885,2.28492046958079,3.44361349321525,2.70350440913827,1.63936823431169,1.86874998746697,3.44871348476998,2.57615461805041,6.20972751183495,0.742049333577541,2.84929782624614,3.28924909609902,3.86530016812704,2.57691629121326,4.03277481068686,3.9885141453743,0.0290397845000939,2.41153891747225,4.28153680928516,2.33754960276842,4.34250310062815,0.604654548694214,5.67678787400294,2.83672224434851,3.52919778665696,2.99673630000407,1.87384316308971,4.2866208013252,3.97796361682797,1.43308902269364,0.0752741003535504,0.434076502341508,4.73092691288855,4.58265910038891,0.484816291058764,1.65953643632664,2.56966478919593,1.71467240902013,5.21715232508964,0.0711127735459341,0.0711127735459341,1.90048328471822,0.205007430954036,1.08471099940405,0.081391423374978,2.04979686763652,6.82641141472267,0.459212484663896,2.19997551254506,6.24064472312297,5.12993461040191,2.45800916389625,5.87847461728927,0.0851183730732569,2.64834170341325,3.30236939865837,2.03707504378928,2.14496790685386,2.59097063386926,4.88636703664407,2.12352348321903,-0.020714860308558,0.96467560408373,3.79376521576472,2.71150020453887,2.76253819102624,3.50788191504278,2.62319546039972,1.5500312959769,"AD",-2.057237392
"348",0.0201136176257449,2.75550208157686,1.52635485045621,0.0454178172808829,1.56404310268782,3.10619147235564,2.27410801465108,2.85525221928774,3.10117753748752,0.0574138934156315,1.27299655719663,3.32128591610554,2.86717351457011,0.0592426670725867,0.00526192608262122,4.76133521946185,4.15780858623784,3.00621481321033,3.76660625243084,3.39659989951046,3.26150297533063,2.26137047215641,3.18313879642048,2.83880572225225,2.85766782490653,6.67799459728752,2.4264520666665,2.49229039685891,3.69836762633408,3.86138699628472,3.14978279017448,3.55356119894535,3.40102858232355,0.000275785162796804,0.745240388812517,3.23992217868207,3.10193984844045,0.316383061095356,2.03088256068289,5.65410314667378,2.14015921393171,2.99839372759773,4.84184546650046,0.464666860441522,4.73523354875267,0.896946898749504,1.54567662217142,0.00493373194682689,0.759358066316846,4.21177403187887,4.82328252322065,2.00581941475451,0.353817612405142,4.02122130369965,3.18157723606685,5.24370236000422,1.27798018364195,1.27798018364195,1.73991735225922,0.0441635462801344,1.75338967350975,0.0938476616921085,3.24205665008675,6.6060900716289,1.23213327673097,2.20710989604297,6.51971194316461,4.94560581252068,-0.195330509943239,5.7620380064977,1.96832601464669,3.4798657481798,-0.431966563296561,1.69286514610289,0.916621334982806,3.72761906191564,5.13620562015752,3.5132330230141,1.19946449629382,1.78915819304131,1.36552373887033,1.99433792923351,1.12027225828567,3.04675205631516,-0.136866664181307,1.5500312959769,"AD",-1.154683182
"349",-0.126183853707294,4.00303940007787,1.44242333259235,-0.10889917900373,2.58335828587251,3.48664431696414,4.03115355904258,2.6587397924747,2.94664943389329,-0.126363026395354,3.13506654588403,3.97569722608617,2.30332301421813,-0.161361565091391,-0.0987287720359169,5.05776276880561,2.80583223642193,3.1340418339291,4.00363599719487,2.42835585814077,3.24051118045309,1.56016394964545,2.4452594936748,4.58503823074832,3.90992229163293,4.28772762405114,2.76771972520339,2.15207146103204,4.8342068504802,4.26459093855919,3.90708141268552,4.9273296817584,4.58652395435029,-0.0911014723481354,1.96472476574106,5.99812799386097,3.79079309672188,3.29093404152096,0.681354435683757,4.9045593793,3.3294708219218,2.20330483657268,4.52832725023344,0.48922544410269,5.25121097260276,0.0324627592843242,1.09262448234897,-0.120290071338173,0.335780467418535,6.33278205859626,3.57124006141226,2.86722445700238,3.6052172611651,3.33447171968314,3.00072441118767,5.22714167612925,2.18900952427526,2.18900952427526,2.08465354006539,2.44376329848939,3.27470221184966,2.06955999065018,2.14987459259795,6.77119290173599,1.74459806937064,2.31170118043531,5.88858131608819,5.32723850364602,4.88745405835873,6.46122869981997,0.597035582987335,3.03214548900538,5.74373652668208,5.62306219510481,1.72609752605481,3.73168801185507,5.14583445507483,1.83611922108939,1.12460498640654,1.10959765352076,2.5623774008298,2.543953469116,0.140382183248494,4.80515397467897,-0.0202098216700136,0.111005529564437,"AD",-2.436229642
"350",-0.0610210663381544,1.84388265085219,1.39216981155492,-0.108972789420447,3.05877709751488,3.33812397775036,0.139215804655557,1.35323248864614,2.11031036994029,-0.118706077613125,2.2726239355939,3.94659939880893,2.38639026572184,-0.068864898815741,-0.108310468554367,5.90526051486723,3.72192670679854,3.53675579255929,5.06019860057076,3.1061667866808,2.66813615481101,0.228497546266568,3.06496302862128,3.68187071273581,3.01810230153326,3.80639419006809,1.10082191437159,3.59607681486933,3.93906281528482,5.21990196021993,4.11732472426466,4.31210832208236,4.23698455047036,-0.101449185538139,1.84259029574634,4.53432053217213,3.27634551325944,3.54802101068809,0.430204791427017,5.54354033691601,3.58250321318556,1.63285022249368,5.79966744073854,1.73570706358207,4.60705618399618,0.38635709140859,0.466619827673221,-0.126731919531931,0.70415759524237,6.00197950933825,4.49765264134109,1.8085965835586,3.103557941147,2.92836731528254,2.14124510684724,5.14579459686451,-0.0804838149291184,-0.0804838149291184,0.647480139763766,2.74570963502522,1.52283817553369,0.049343278789396,2.98010822219313,6.19819501162566,0.594989052050733,2.08249583845684,6.06652458777766,5.10088306608495,4.73069205646537,5.78712115023112,0.12776860650462,2.01375511433907,5.75905069510858,5.922788030994,2.87473369336765,3.08693305966619,4.84771370535723,2.76843553330993,0.250643883925508,0.895979045531431,2.83895793268903,2.99218911895672,-0.211157503239858,4.07139591599378,0.0953583405764306,1.17641965699828,"AD",-2.425164505
"351",2.52921004808035,2.62940322642507,2.70131506909455,2.44677029911539,3.85342786185347,1.57939697823577,1.63424892649948,0.860550581228299,1.72021266187061,2.16614545237566,1.37239725636586,3.78907163108758,5.43507952946698,3.96047290194771,1.46436531766354,5.28534765637848,1.74059195485552,1.50898151359442,2.87031685478209,1.02704851150636,1.732086058656,1.72943422075273,4.54551482135334,3.7647353182504,2.04424613074546,4.37496705442899,1.16034798027256,1.83655549796229,3.71914921040155,3.4358819104394,5.63259770543728,4.60067991327893,3.85058706994316,2.12685046507465,2.62997988657821,2.84275946638208,3.035264683084,3.2258292814576,0.247011099075597,5.04535985918092,2.28670242325398,3.62789650490713,4.57360158208433,0.140308415963836,2.87155955670637,3.47663468675345,1.74696265302762,2.20771871772702,0.313045255263806,5.90646226564194,2.92123645692707,1.85167334563048,1.13948084577546,1.9416758568672,3.31157581917945,4.77080015548457,-0.139106466104553,-0.139106466104553,2.12545277410809,2.55076714138303,1.40666337306374,0.0282087104349342,2.47201493749806,4.63797090339038,0.542054757365223,2.07292378519381,5.7332734419613,0.556961914872503,4.36758427106233,5.79035991367663,0.177464200809702,3.6324034328498,5.50301325115706,5.16261309133876,0.937294056011101,3.8434837620495,3.93596120314526,1.85511656410764,2.06955086473565,0.600569524617974,1.42476919240708,0.499481502103084,0.471970820348384,2.60224473323224,0.0945436743870222,1.1248633211906,"NCI",0.43379126
"352",2.01857938018785,1.07175908325625,0.609246722851958,1.51408211142507,0.123154886598066,2.40407832137808,0.409376969886937,2.75568961008387,1.6303814353672,2.32650434307747,1.01700619562006,2.4247508338119,4.59919050864992,3.71287164187658,1.72973179774994,3.27453115421713,0.0328983366052993,2.85512068843335,2.40430040115493,2.70628279927851,1.39724905640343,-0.170569722172958,4.44785073715647,1.27068795566734,1.00534894358716,5.97829816854913,0.535475039402648,3.56755647408329,2.98311452845907,2.82660790404774,2.03332441629566,1.65167348299704,1.84497469906296,1.86072189052192,1.23359888184429,2.41091844320772,2.39502217752803,3.67316719198378,0.934461731548075,4.48997684136236,2.57153084290665,0.514355827853643,2.12049806883613,2.68017931956775,4.61637368327714,0.000821019732305528,2.33332963440245,1.4948459664747,0.801259255913079,3.90701191660807,1.70971633249629,1.53127230769579,2.08376918176494,1.49379012371933,3.47583480632872,4.19050933308312,0.739433897865716,0.739433897865716,1.15182332408335,2.22797400527665,1.79697664597166,0.0363795071645929,2.13027621119265,5.22700107514272,-0.0134445434772037,2.88577583728492,-0.153748540059619,0.542442893656904,3.7166949268417,6.64407029681722,0.537156843471639,3.73694887821455,4.43774999962597,4.33486633449842,0.569117532846625,3.00797890622021,2.46057975025424,1.80036442241165,0.257362520708654,1.89267322741619,3.06924249106011,1.3885450072552,0.372331309954402,2.56972104400395,0.0975503338132948,0.94594209902643,"NCI",-0.552776564
"353",2.69625618130111,1.04074916523527,1.23181155716984,2.57373475585384,1.75331788974255,2.86267456337321,0.115190228425947,2.4530740416181,0.89516929754453,2.59782943695704,0.319837286794929,2.30120707738187,4.03421350993152,4.22768538988888,2.12648000410706,4.51983233211924,0.0605043549596247,0.83427719506397,2.19752409700058,3.35079046456588,1.78521404159948,0.0822280773677126,3.94696146005114,3.39879619352135,1.93099855594827,5.85941628393474,0.65943772299095,4.28274233863814,2.88546625311492,2.58860026206195,2.48499686266056,4.02077891129837,3.90884366623518,2.00817468285525,2.29883754043096,3.68117567014778,1.08770568114078,3.57159532938667,0.392670999442936,4.78569341032395,2.63712632457427,1.22429162585741,4.35058457600225,1.60027913386471,4.83909691956686,0.0220258066914666,2.3708455695662,2.56304192196148,0.578444448627184,4.04197367135576,2.62554568999773,1.93829454551299,2.15596410521365,1.73171725754226,1.99257516503727,4.53171792566318,1.51316498377585,1.51316498377585,1.82560968151123,-0.00654960074765154,1.1912498087318,2.39416256601953,1.63187982895322,6.2645637722004,0.397301987499,0.23034581959994,6.52004989482876,0.514268237043887,3.84619810020518,2.78111912661643,2.56531354482337,-0.701413580641261,4.45302398203122,3.59002146291242,0.599963265073179,2.82464512781738,3.2421019245448,1.67951728921458,0.753175471454754,1.18057674744492,1.77805258345719,0.770779690725397,0.204611212244276,0.26091687853722,0.0223252217728735,0.143035419945015,"MCI",-0.523226106
"354",0.0563069034470206,1.86441956153632,0.730949892348735,0.010368348932865,1.32169398620362,2.54621076868119,0.33940933696033,2.11161925911084,2.38252063611562,0.0672961898442763,1.19710717026474,2.90189579549369,2.04265579794717,0.0746435406487111,0.00526192608262122,5.17433824150624,4.18839730240275,3.38677910357877,2.2975634842739,2.586061645603,1.85047978654227,0.270287037043763,2.2242905772162,3.83508058256177,2.13093760908116,4.1126904466627,1.35474045800112,2.34199136008255,2.72537560400603,3.57078673615863,2.91515483666427,4.07296169238731,4.03353098828647,0.000275785162796804,0.24194049241081,5.27708111620244,2.39567860805563,4.24817087119664,0.29894408359803,5.54735994775186,2.5990800441846,1.39789535286389,2.64308782628767,0.393187165330785,5.47610932003543,0.234520913437005,0.751727255225147,0.0771598646227221,0.628788887690921,5.38220099242009,4.79489978194046,0.268641504227408,4.41198009094521,2.41076596124192,2.39159923231595,5.02641383651157,0.0711127735459341,0.0711127735459341,2.37793668534095,2.27148655381403,1.79216402713086,0.0360374303149619,0.395990227513803,7.38025667507344,1.9659494125918,2.69608985176486,0.879847631152048,4.91480190489125,4.37055388239239,6.52239043667949,1.82631981532381,0.369544697669902,5.36878784021312,5.42035917273341,0.724967560746056,2.69090457458773,4.79186042572647,1.43799820217001,-0.020714860308558,0.3201583797152,1.11299314481603,2.94728226425392,-0.0500477195417268,2.20601655054825,3.3432262585778,1.5500312959769,"AD",-3.754037441
"355",2.06376173887456,2.70475636199965,0.825851997535968,1.74446240162409,1.48927231322988,2.46351138315779,0.89208226788193,1.2786209220119,1.37868495663012,2.01790320363249,1.90249582802626,2.82595406627855,2.47480931960743,3.69885072906578,1.72502463353881,4.03255327403425,0.0712591055627694,3.80116454797402,2.23256675131599,3.52835459069912,1.85098278798425,0.0822280773677126,3.05341320062214,3.458713227779,1.8867398948291,4.10334266687442,1.04815132726931,2.04479707725832,2.54226352836704,3.93355137100932,2.49655475084021,3.84662737548023,3.47464436521637,2.02387528825879,2.23192293072387,4.37053517437396,2.51718701328841,4.35519750122612,0.46007547723882,6.33245925840699,2.37155471711395,2.86604870142137,3.30710335371773,0.284480488252042,4.91684641057224,2.35231470911372,1.21326651308116,2.02506587070791,0.62672983821544,5.25583359630652,4.00494335023607,2.47674767999373,2.66805562434038,2.64148060335616,3.5329427398545,6.01781234497999,1.04865859388531,1.04865859388531,1.79441493837787,2.47124428040679,2.19819213709239,-0.14290083243943,2.36928719566485,6.38910519360384,0.623562835134745,1.99689612491301,5.90976099660717,0.540353463316845,4.41686176021401,5.74753552459592,1.93652687683252,3.81246852071451,5.31226505402072,5.57388072069211,2.66761235223317,3.03167284721166,5.27568872044135,2.17500118558126,1.84543823181235,1.61220395926483,0.10674590101483,2.72527493670291,0.204611212244276,2.87169901717108,-0.0196825867737105,0.143035419945015,"MCI",-1.098861506
"356",2.58773194789105,2.26019605762946,5.34044033603773,2.6604195696713,2.09053628640036,3.77894831645169,1.64623224238177,2.82878889936289,3.39952880605408,2.43833580075287,2.39751358793953,3.11654606348051,4.39783507536492,4.40142532603524,2.17811974925101,6.43825067149412,0.548463806038719,1.9015616224189,3.34192962008923,1.80439570950269,4.03219477552606,0.0928303626586244,3.94677999485919,4.22081215103373,4.61702361992139,4.35294125786686,2.32767601590198,3.48100691982915,3.56083083180523,3.10095233930268,3.7956183909243,4.9656734660563,4.68757928375156,2.03540624760762,2.5994439330287,4.21634875700975,2.45262008441514,0.14393083587359,2.57291158758466,4.04575686421193,-0.0262115486446901,2.19993540368502,5.7081274247558,1.35474300642721,2.77183697313261,0.164915625825161,2.23583400814671,2.39696391513078,0.506501059359271,5.73100319798091,5.30271585908041,2.82118854596985,1.02206532834466,3.0512158338861,3.26283167220655,3.76137277450106,1.98725890755833,1.98725890755833,0.392548911106524,0.152315215605182,2.13693492812492,0.0360374303149619,2.38359271642535,5.6063664156247,0.308064821320293,2.551170588671,1.59894749553909,0.278865186211319,4.45609361631299,6.60324014481103,0.00241987966412471,3.16816731452673,5.31352178850548,5.21000571081525,1.38545981994948,3.15407988994801,2.89459322187048,2.89397301349352,1.10357893727983,1.17817292048268,1.01361259380429,0.511640853376409,0.537444045202597,3.99813129943292,-0.162858164507083,1.5500312959769,"AD",-0.758714055
"357",2.17155378688577,1.60733878713601,0.186353614228659,2.0920550782703,0.692648597206801,1.80022151088699,0.562305317318159,3.22767442028163,2.08312119919158,1.94889089066078,1.0563732345796,2.31071829425442,3.25424261231477,3.49784636594109,1.52416281466531,4.39907882271086,0.187226045826412,2.65830633640643,2.76798360666327,2.2180969591943,1.68494973370804,2.19446839646853,2.10039265430969,2.95720093016002,2.12041783559379,4.32233530996619,1.24062894450737,1.8869938572054,3.12909341585469,3.43558466591408,2.24456526711031,3.72226584540263,3.80093638180717,1.39389108992836,1.60771710296127,4.96837900873894,2.0326865240065,4.13252035944045,1.52805689333816,4.02200909054505,2.71896250561798,3.22246905335381,2.64866906628824,1.74043111894516,5.5833203169181,2.46571914153148,1.98488686911566,1.60766684469804,0.227974998495755,5.21445548264343,2.88634141847481,1.72023589830846,3.96430168754808,2.58277495254986,2.49906884812473,3.73573414801788,0.828099216223471,0.828099216223471,1.36220589543309,2.77856176511112,0.161648298822841,0.0312170662002285,0.704584257991704,6.85806143007007,0.870072964294524,1.96942471604236,6.26864033164951,0.388175740139421,4.34169575631418,5.74950835407493,1.95088414319794,3.25908538480072,5.22009283623466,5.18661356432878,1.94125839478145,3.21699229479575,2.32189344155613,1.10123285872038,2.10714194375299,0.910863344424257,2.05899561785693,1.33404298115556,0.449187060578447,4.35717245917765,0.0576378535788191,3.25902449148984,"MCI",0.305457886
"358",0.0172952578429579,0.918504276543557,0.982410958991281,0.0212202472445956,0.186433336298964,1.43570023421922,0.145729393223152,3.03404573601869,2.41999175895164,0.0124538273434234,0.708130249553501,2.28075652531666,3.72308971038712,0.0630235090305746,0.00563112491843609,2.9920142789202,0.329426888462277,3.1284970323161,2.01275115675242,3.04315923408595,0.424750648408385,2.01810327780331,3.046239277068,2.6283475136265,0.572315220690223,6.32588633604879,0.367877069664629,3.65596598739663,3.81034648392188,1.88231364845157,1.77626176439423,2.82764530386267,2.82765914420182,0.0177870063981838,2.92760553443151,3.51311903005607,0.912905573068885,3.96272412821836,1.78075064379541,5.30173128460814,3.18311925875532,2.70770595407115,3.71087094096092,0.657682194537777,5.20364175232011,2.14602604680911,1.76049218753357,0.0425067171748803,0.281574892668422,5.27768842417194,3.43515208201182,1.9036664127798,3.7171546784147,1.64947692730968,2.75848075399464,4.92871957498821,0.970030065833835,0.970030065833835,0.804249876558279,0.0352635188464058,1.31957593327271,0.0349177944974788,2.05058464571463,0.302848747014306,0.247316581561333,-0.185122378329262,6.95396347240394,4.53696161373528,4.0484352275841,1.45218635231036,0.195853178836579,3.86575171075477,4.59111311120614,3.27904188848332,2.22541570322725,1.57766050528577,4.25751704546829,1.50474892900216,1.04352009429775,0.877613038102873,3.6564540363211,1.41664958928383,0.551181656798888,4.37418838672496,-0.0998802330536575,1.01374715681126,"MCI",-0.465034449
"359",0.1822086093842,2.71656325816369,2.6458201323006,0.164974603093072,1.45691478821105,4.00277276707483,0.811823336646833,2.7578462528847,2.50917864878084,0.170773823119903,1.73162082801427,3.39381482822658,3.92133424519726,0.404656273788137,0.14077519271356,6.26391464799123,0.398411546143366,3.01905609793306,4.96812632908511,2.47387413858564,3.32938154904786,1.26926418298358,3.67771803221435,4.12084590628322,2.81928760286946,4.90234284274056,0.936231949098974,4.62306312522538,5.06544255435112,4.76709039093667,2.76700673962174,4.63763336450774,4.55114499409643,0.1327433349301,0.167831359380573,2.76346368752,2.95745889036195,3.84313347744457,0.385534019475359,6.74184845598362,2.92453240093137,2.16686446073986,6.35079575125477,2.65342521378512,4.88900372555115,-0.0712023000687908,0.757430351849484,0.159156707886327,0.185941574269553,4.83619444646736,3.97871332119502,2.30172150162391,2.62556962665559,3.77933099988042,2.83899232710502,6.41584495140261,0.054085603191123,0.054085603191123,0.199848726090439,2.77720713996645,1.90049093952654,0.302098666549305,2.06498249846086,6.44619654895058,0.674350286699108,0.428713970329119,6.62064256911895,4.88735647403587,4.61185697865703,2.57475078459371,0.0209670768306003,3.64572682209631,5.51009614665958,6.02208414284707,1.98542010469977,3.71666456580146,5.37521209265785,4.02592920741086,2.00718842982395,2.13531349292737,2.98017395371611,0.280874551443066,2.5382739182752,3.33525243367846,2.80674160483924,-0.00149988844388793,"AD",-1.195035652
"360",2.51790575959296,2.21616455056377,0.946793483024754,2.06281999957027,2.04763485465222,1.26321284701794,0.158750893003149,2.97424294653546,0.936005732882248,2.249257627504,2.12433100665762,2.85451669994377,2.19567591973278,3.86829431002125,1.76995325652414,3.78013212780582,0.0340309732933177,4.00983577762721,2.13303767993096,3.60881671479002,1.63777657111304,0.0343552570499226,2.35970403669869,2.8149554277344,1.54172795591631,6.16302903598675,1.17853691658326,3.46840337979842,3.31327973304834,3.21513256701226,3.0139316252473,3.2213610538292,3.24605890944954,1.75896162579975,2.20232573765562,5.06790798628752,1.82678954779375,3.788906449685,0.568969010934456,5.79578776690513,1.4417848963344,1.28898440779298,2.56471779745123,2.19832035755821,5.23198801470789,-0.0770292932288976,1.30201045978771,2.10607564967044,0.297712063540295,5.21456034921203,3.13101459784412,0.286984395488538,2.88465811945885,1.79233860674639,2.94783618582987,5.28679397838754,1.7721854631619,1.7721854631619,1.76444012892783,0.162200660660364,2.88211542807798,0.972479659876626,1.7984771529429,6.78156294462586,0.868504035654579,0.115924427707893,6.91591430300244,0.384806684938799,3.69148826777347,1.96373405735739,1.25144582811916,0.380393504103644,4.42002437335989,3.51484608113683,1.71567610355773,3.04604030522543,4.86231014024139,1.433893862951,-0.0511718859849966,0.936398511034161,3.03100432984277,2.97502330110057,0.322031251268873,4.06797317365981,0.110137189887887,0.657928303690803,"AD",-0.233772184
"361",2.05241438824318,0.40604245136485,0.838135770320907,1.87055867334668,0.653867424375454,0.93580353565024,0.0618176022814456,1.32032670995383,1.04187996576401,1.99934537945655,0.357168351216835,1.65448697781091,4.64697373594785,3.59086170410289,1.685632500749,3.33051140876804,3.13025771973526,2.43929210733051,1.73564698823962,2.08242211776509,0.888356776491741,0.0822280773677126,4.32918105671732,2.38552448862044,1.05103895735863,5.65494730668571,0.173974929044625,3.14532528768197,1.93266699955905,1.79742818600478,2.17116004361115,2.97427375042994,2.63144831715096,1.17007583229705,1.62552635921273,2.82331227894276,0.499910993601365,4.13246262483195,1.84521515911808,4.52426338957879,2.5112756903867,1.07833560737075,2.23956854331554,0.227852648584996,3.585955333679,0.0131062695007812,0.239261753638704,2.01181189741074,0.3899015424326,4.11471206741419,3.95652138679728,2.12620178033562,1.221158461054,1.12360179228541,2.63146051503638,4.33680265106922,0.844558472960694,0.844558472960694,1.0144898950138,2.3932327929157,0.136323906574231,-0.14290083243943,0.706463735303367,0.86463684398593,0.158297261469924,0.23034581959994,6.35875372250473,0.545110084291611,4.10046348519807,2.31237240974177,2.32211528284499,4.17996806315521,4.54776370709554,3.10083715574558,0.822094872670838,1.04059392445408,3.09122316046822,1.50185764329002,2.98357608899757,0.462554502707586,2.82386566396817,2.75227140362007,0.204611212244276,3.59305808282955,0.0117462259206655,2.66313850144558,"MCI",-0.428599769
"362",0.17177193926266,2.00399724426227,1.26472382096689,0.0962364692275152,1.24315432313913,4.02168828123942,2.16650166065237,1.10999773412845,3.48042118494838,0.099985182419848,1.9760264637859,4.21699419015717,2.2518392190389,0.197048575061927,0.0850666771768579,4.06531576275975,-0.129842572760231,3.97478338125336,3.46377361543009,3.33672227256883,2.45530196373668,2.23813683732122,2.72451910408323,3.37670278406602,2.03884253381408,4.10217586030673,1.31186764436011,4.48362568926368,4.45914333152901,4.14579732674495,3.97104852116541,3.98311621796168,3.92941542818154,0.0779587903969914,2.22275268303286,3.13443856898171,3.73218554843302,4.38922010033825,0.505273160486918,5.87643234986213,2.46929667946061,1.10999166908039,3.51977715325146,1.95045749475194,5.61809354460868,0.0860171606294549,0.387258413401177,0.101891749507961,0.814670699053459,5.37962533124278,3.86005670489118,1.45682706947218,2.46225595845418,2.64147857215318,2.348359222063,5.56112519775262,0.0662101010997186,0.0662101010997186,1.36669303804479,0.188182322139882,2.52596272700372,0.0525698858166485,2.9424582615853,2.29110523638017,1.37621772135506,0.295802215037832,6.82715188786607,5.00792292111937,4.41860087023105,2.52218497991136,2.14466424412494,2.18022000159778,4.8593251670355,5.3897608064027,2.37110803643076,3.57069019078259,3.87546973565054,1.72179097610997,1.76912460712662,2.14205456173834,0.334841831751745,0.514127575777737,4.28559640046657,3.48800760154384,0.085848173951514,0.70709128997824,"AD",-1.174722473
"363",-0.123783385242817,2.12272810554027,0.498329213897634,-0.0683487867283535,1.39702525450459,2.51358532977985,0.89824477438133,1.0253955963337,0.826372024701666,-0.0986125285892058,2.67725953825379,3.00890225054401,3.32266980184452,-0.119510819260888,-0.0955339274883289,3.04878880515785,3.57237706332169,1.8603934564334,2.71285562938802,3.7020536793425,1.0666559872822,0.0847870802915137,3.17307982081404,2.47896761640421,1.27621369760102,4.18896734288219,1.73450890879769,3.99858364144659,3.25341913078437,4.38204253356468,2.20777086932671,2.90770370891376,2.97205212774323,-0.0988353430950836,1.72845698255545,3.07680142249345,1.75860889720105,0.00221145585627225,2.72447943454166,6.44675722533807,2.79035092323184,2.63208827262121,3.07659628723088,2.02221564044384,4.61595419629164,1.84443639115624,2.26982801401636,-0.123685071760345,0.601410062668465,4.04415715449907,2.43752359563307,2.56972673899614,2.29546053724346,2.00153184278711,2.53839339569083,5.6451421611124,1.29396139012171,1.29396139012171,1.10580726203882,0.231259196373973,0.882347355329266,-0.148141042319624,0.813385904538551,6.02311606640001,0.191166881062598,2.76101951934658,1.31557523582801,5.12519527384847,4.52947516654997,7.0318478852642,0.0905527003490322,3.07595915948287,5.58277127827893,5.98036911139532,1.72557033713074,3.48537681068263,5.01332164692991,1.73665039884682,0.020232089335759,0.805784092525284,3.05100518764825,2.12998257468223,0.216119760495763,0.257093743159205,3.6782742476961,0.149953260232887,"NCI",-0.284653251
"364",0.1822086093842,1.90133646311768,1.5708452564374,0.164974603093072,2.33367267906036,2.84336524551328,0.501089592864823,2.41098716447395,1.89721147582307,0.170773823119903,2.66069324130157,3.16886635699666,2.41111411834461,0.368510051642978,0.14077519271356,4.36928101264263,0.0575113157708387,1.39246572545484,2.22905846745909,3.46994678555194,1.88354946716137,0.00694019622088715,2.89412726304847,4.78095972685922,2.44509503463705,3.42675778379889,1.47316847191571,3.17366791850445,2.6473318882886,3.39646758289191,3.1339915716906,5.4012099223333,5.19266105354725,0.1327433349301,2.66524912639978,4.90225464540219,1.91820496245724,3.38034923010809,0.509125327592443,4.57802798292352,3.83876140486419,2.21022703119782,4.03588021608561,0.175069399936474,4.75316875890519,0.0367359890830832,0.125330354392195,0.159156707886327,0.428325561471692,5.56469987831692,5.17019097997854,2.34629076383519,2.32311676387431,1.92577879755891,2.61893864586584,4.28175004679288,0.054085603191123,0.054085603191123,1.66982461635068,0.0385413012586837,2.87372378291375,2.01468709313699,2.05901850387193,6.627516908691,0.676286012561495,2.3100890562535,5.98772017781685,5.19518456455825,4.86731362383702,6.38976464124095,0.223231748228163,3.38118097438728,5.54612521204919,5.83406382558764,1.00362599773003,3.76959195520475,3.56278916216862,2.36280831343124,1.90821315311265,1.2761557776767,2.96107044826388,2.65816981733714,0.227745403328056,3.32125655997267,3.81496356421694,-0.00149988844388793,"AD",-3.264837664
"365",1.97307071682852,1.15199478394119,-0.22980216702244,1.64450551507064,0.330484409791678,2.04736593638239,0.771615724544004,1.08982555318254,1.37544390246731,1.56538614555171,0.84031319343628,2.23909275865489,2.47888410897672,3.62878039427298,1.4061118873861,4.27252155254835,0.62274909646623,3.22344211535206,2.71191006365369,2.21631201096797,1.24928532693561,1.33435551887544,2.07801584286353,3.04343127234406,1.47629629410041,3.79445923656816,-0.230972337427448,2.88035048633074,2.8340508834491,2.85847900341398,2.4542337713739,3.22237598372744,3.25104026578573,1.70396931999533,0.220510731981979,3.15850397733132,2.08097249637161,3.65063820557119,0.838925285911268,5.32899279841842,3.29921491067547,1.8747461060507,1.7016469231278,0.342041167489225,5.5307472576794,0.089300480757118,2.362926294542,1.91489914708965,0.411297030342811,4.29533597292311,3.0431502830404,0.0876346024583898,2.40823846406827,2.12440836651985,2.35583621902168,5.49639782282755,1.05495643412816,1.05495643412816,1.02140811754999,3.84412692881398,1.78395027055973,0.934401538133992,1.54126894068603,4.7200476681783,0.0208293588899051,-0.243041207419098,6.74345309499264,0.790814055099674,4.78361876580732,2.14659846951644,1.97202420814446,4.35596371451498,5.69769340514108,5.96898079109112,0.82949410112609,2.69214490401402,5.1299770182259,1.33479127851186,0.261569311756582,2.60080068811152,3.742557756771,3.03150909592498,0.307853207331783,4.30011446509392,0.0422677023346252,0.986879193656174,"MCI",0.606880983
"366",0.121806967715124,2.40842828825804,1.66318971187209,0.104058685984047,1.38624820389251,2.08365981330968,0.12929004899511,2.2227644740244,0.436978091228418,0.17741582601661,0.865532015494692,2.42870541192567,2.63915533896923,0.32693740660969,0.113152867957434,2.87762506784704,3.77519844973476,3.09352705438398,2.24173318000828,3.01250119881252,0.973989876472341,1.76766260196172,2.71293676213035,2.94090950454903,1.69811921987457,5.99539207887412,0.740334014881419,3.49404460207661,2.47796667822919,3.40361678275239,3.35039533350736,3.56673067847411,3.12025625293536,0.078920211081418,1.84584610124712,4.45922930509039,1.54352613568071,3.45135683787278,0.6037675628218,5.82635891136254,2.7899355868406,3.07740258682763,2.03093455889486,0.531649567881556,4.00410006511338,2.38177494482716,1.23348415371698,0.100560076896173,0.618994786507505,4.71050717825373,2.78574952334878,0.299909169741545,2.382349715881,1.16522805260913,2.62974202972412,5.30293182187804,2.50116345796322,2.50116345796322,0.650579695412559,0.142584427532666,2.2949596920874,0.254960717109524,1.76639885138498,6.52138125686884,0.94957763817327,2.53844958798598,1.04676319395198,4.88597744726143,3.81650520681321,6.6354344408844,0.225179982763732,1.94441298327117,4.34249656126695,3.83756547061412,0.722473501966197,2.23688165138392,5.21829956130144,1.57182786221234,1.17759763200546,1.62518066494633,2.74655413364487,1.88288248969738,0.134576158231387,4.17809714034775,3.21873400400648,0.608218984740984,"MCI",-0.37323786
"367",0.105243880779742,2.85612180712258,0.725373701217451,0.0910100656650217,2.36537909403286,2.76611755121656,0.613280880716955,2.49331599642727,0.767455580369049,0.095920641904939,3.0585465886422,3.45035022556137,4.25805705739069,0.188703896915839,0.0823870215553205,4.32093012389808,4.00943362875154,1.66469078167939,3.20851926424111,2.71475644666685,3.33172978550159,0.0501168699106841,3.91509310181576,3.33360129364923,3.5220744685926,5.8272231478313,0.673760862661697,4.56766322274946,3.4123671632262,4.08016619568348,4.26212113531813,4.24321552957036,3.78388150926971,0.078920211081418,-0.0871678068602106,4.88290145523603,2.592378261481,3.27401841329832,0.395733314292639,4.6875992052886,2.88417725442983,1.47756491035633,4.84723350865479,2.02085675817445,2.49392208757806,0.0686725367624911,0.853954740509436,0.100560076896173,0.671955183847511,5.81893451167091,4.71741375650545,2.06203667558891,0.0038601941661387,2.01898143327701,2.22732765816149,4.31346121087855,0.0836219196425477,0.0836219196425477,1.06343420341915,0.396836548700206,0.857028515220086,0.87729265339188,2.40799196724319,6.20622606572577,0.319799309577645,1.63695373197989,6.1250165222323,4.81698898577987,4.04884344380628,6.00900663799725,0.207106096457215,3.84135258671535,4.47739333353252,3.45788150743154,1.90699102285622,2.80864671170545,3.64501470443531,2.5900063278711,0.0300909269523079,0.709349689077375,3.33464889375076,1.89822845234509,0.134576158231387,2.75023238679047,2.91604798453206,4.51473928309785,"MCI",0.053008531
"368",-0.137064640909832,1.27232584066663,1.41544486321307,-0.059417278986017,1.54173100449891,0.453359831559693,1.38657534986783,3.55146854236764,1.50551405692629,-0.123705211853777,0.0246696286102894,3.75887980342231,4.5320109718082,-0.19550458752512,-0.108173791488038,2.86944779518323,0.0328983366052993,2.04475449121473,2.82117244847227,0.964980176111658,1.47344337376356,-0.0406070184446419,4.48479742455372,2.04584960339221,1.7208706284596,5.90870265000887,2.04095345150372,3.95766632604453,2.26202331144451,1.80552373444293,4.0964176319785,2.18658093158363,2.15979428704268,-0.084661887330299,1.53861722544752,3.41125456640487,0.609447326192322,0.206289398240809,-0.0391649903473908,5.0395597796525,2.84728191797678,2.53846645340424,1.9272351813831,2.95960288804976,3.91758057766318,1.85966926866403,1.7432279577394,-0.116471362752311,0.778002911672958,4.86711985736066,2.83421655008179,-0.0757351107189257,1.37600034471606,1.63934461957993,2.45989641296277,4.56444667145874,2.00301234610828,2.00301234610828,0.63300591189878,2.73860394721619,2.81634419767935,0.413170045742633,0.575745187247395,6.3150303445852,0.854940222371667,-0.232832891277683,6.55237791019137,5.35661234723617,4.36766229814903,1.84532986198335,-0.003603460756754,2.8565419326891,5.18870197186895,4.22105154393503,1.03370912998212,2.40091277965115,4.12835327996982,1.44467256185591,0.257362520708654,0.981773164697375,1.09169887441634,1.50591994844847,-0.250830331932712,3.2837854326423,0.0218836025148375,0.94594209902643,"NCI",0.083173866
"369",3.30740718602965,1.10437210139705,-0.0449225770099432,2.79848920583092,3.65795914320319,1.98306998303644,0.109032588738256,3.19413884990802,0.30875384052938,3.1602895324408,1.48830908370798,2.30281341449258,4.56644469671858,4.79279141663239,2.38728438922572,3.27789616139624,-0.0342521075886719,3.14448370761448,1.81990330248647,2.59002272137382,1.01816099411813,1.61324393759411,3.63799696963241,2.67054790568189,1.52585900776464,6.12862029525928,0.211996918530759,4.8723917854643,1.92304854937882,2.44057042052627,2.4106966383312,3.67525966443786,3.52178679669025,2.01689890909922,2.06009854435407,4.05097489509798,1.13742260223108,3.66124969599184,1.69810993309619,4.75119063722183,2.83987430373378,3.52230049022204,1.84665382644067,1.672281195539,3.17899224149674,3.50260257620351,1.45173892572282,2.59877463925553,0.105120527561559,3.71703700413226,4.42224034594063,0.277074139236569,1.48479760209577,0.963555550889899,3.67283475796179,3.66861396932539,1.54570261965964,1.54570261965964,-0.0260434241483634,0.314646130349537,0.441173310998622,1.71175097182195,0.553240757169032,6.2895368746181,-0.22769489143693,0.0500887840809996,6.55915851081291,-0.284147610717018,4.00096569871832,2.00369973394995,0.111101816977997,3.75364832960849,4.65447829186175,2.94254096512414,2.9328751869588,0.608680034110297,2.83747365950975,1.06567137925077,0.0364254568867398,-0.30013488860302,3.59609736248771,1.77631912482002,0.159702361319696,0.909147537749388,2.39094439589705,0.70709128997824,"AD",-0.565094227
"370",0.1822086093842,2.25359863442732,0.252806895060614,0.181242054200871,0.705652898416549,1.55149747667901,0.226766244261272,1.03068346351146,0.982246058931008,0.170773823119903,1.7787452570322,2.11427404443188,2.63264853660637,0.30589271505217,0.14077519271356,2.71189482990865,3.25652758526007,3.08518495040613,2.69558593361305,2.68811458683288,1.92545150061645,1.73282146543571,0.793001565311679,1.60358048626048,2.14608219883026,5.80201726235629,0.599192445373337,3.21690495269446,3.57433431885896,2.92246945334624,1.93754253576249,2.14319307411513,2.08091721657584,0.1327433349301,2.39561783271675,4.63429138449247,2.29568094586055,3.73698579985257,0.269191533941861,5.25095326109246,0.268541436837301,0.592564848203229,1.17302880835469,0.486163106382824,5.07055891477008,0.112175592994326,1.21978550631839,0.295758508208392,0.68025787727733,4.25140884175812,2.94259413728259,1.98587312208042,1.95144077514462,2.13048104400449,2.7806926685943,4.8106528150605,1.70347779027084,1.70347779027084,2.47219242605701,3.01786323321353,1.95336626517285,0.383273331688788,1.73162812095508,6.5774458853962,0.840084895424224,2.55263406160051,6.02872097669639,4.71333039998938,4.05460101065899,6.33540001281683,0.0358947115812295,3.94401257233735,4.72066723978071,4.16579507335841,0.551435560442221,3.28744187809647,4.33181019785157,0.957081969940992,2.41022184151712,1.4389709108619,2.60347507672457,1.40913228587357,0.227745403328056,4.46625058884064,-0.00270605849996386,-0.00149988844388793,"AD",-1.237162393
"371",2.46984154129492,2.31473666607386,2.7765768971686,2.42866950067266,2.67633204363463,3.66881316753506,1.37223313754343,1.1498546299121,3.00977296927433,2.33762009343648,2.39108955421411,4.29891236647338,4.8884873523559,4.5682084086616,1.48388586806742,5.88584053803468,3.52324201795165,2.71223839028276,3.18032059514077,1.87037666584209,2.15023635920728,-0.0233262283720749,4.96952011216506,3.81498651359173,2.78110826203962,6.18780006999386,1.12910906601608,3.90753081314183,5.1061191659115,4.21324759082097,4.7453667194168,4.49354971466909,3.86503500350542,2.01178101698304,2.81073377411352,2.66002035374923,3.29810449388127,2.65196216910242,1.86188658176595,5.28015609121287,2.48464339001281,2.28338666895006,5.6242055601122,1.90089989552277,4.29951251548322,0.0686725367624911,0.876459077557096,2.49503700630356,0.149824576079365,6.00203380260009,3.18398103621241,0.330535065730704,1.67432913289685,2.02803323477415,3.3706551536541,4.78667751316857,0.0836219196425477,0.0836219196425477,-0.0323667984825877,0.190741993179177,0.638474278130446,0.0179858935825005,2.83282665944687,1.49156936184399,0.497564894638349,0.363157032180634,6.64845368452535,-0.233674485267546,4.03852788205417,2.25468000730345,0.0829846755260395,3.48528174441466,4.72084418072224,3.49790548520089,0.983290860732902,3.53962309260123,4.34475804857305,2.87921343367409,0.0300909269523079,1.42113737238662,0.484610985484613,1.62294938511781,0.134576158231387,3.70270055150716,0.237365662740943,0.608218984740984,"MCI",-0.342556391
"372",0.111485888831939,1.93623852424916,0.818438100550586,0.0910100656650217,3.32729098975667,4.09680959877485,0.709956512545367,2.3868038835465,2.1327867812296,0.095920641904939,0.984305463100838,3.98342244998217,2.99068228559988,0.218662900519713,0.0823870215553205,5.06321557308933,-0.131073736113524,2.80015487312969,4.70652824260182,3.02371310541216,3.29233993482061,1.41248679112074,3.02513945940438,3.69047899251754,3.95381528739432,3.96857210077166,1.03307063670851,4.08195669088007,4.10631839856599,4.34308837600543,4.51678085298768,4.32513726923019,3.9886825868277,0.078920211081418,2.33038542748228,4.04825780193567,3.17200433521955,-1.73658501165511,0.250446724735333,5.26800028604232,3.16698588410805,3.50475238127606,4.28389708070092,0.199045158785671,4.76417595118614,3.20319366456284,1.17150917320151,0.100560076896173,0.0401361052130355,4.7898306157951,4.13115472649521,0.465066581341044,2.04053516355296,1.75550085973636,2.17458141249127,4.45625408953943,0.0836219196425477,0.0836219196425477,-0.0323667984825877,0.427635150959641,1.39319320514093,0.0464836917045064,1.281074778501,6.23980329096796,0.249572780037724,0.149045801126273,6.74530651508008,4.67817423852411,4.62548770464766,1.76174624761815,1.50596001926144,3.5844953647278,5.50473893538742,5.53003415977103,0.81955235050911,3.36974177606763,3.95453079884473,2.4834259679339,1.89463088803104,0.631442283896456,2.32553338550065,3.05649298005714,0.134576158231387,2.72429000887758,3.11749326096746,0.608218984740984,"MCI",-0.720406896
"373",0.0298125753668099,1.50000838987003,3.47175446508366,0.010368348932865,1.24727572259818,4.39377120004175,1.95228659091206,2.65098806188222,5.02905620276697,0.0692613729050762,2.20390607786452,4.48033908226543,4.23757689590543,0.30590663085769,0.00526192608262122,5.2882344710728,3.23664937237997,2.444102274371,3.76428415465228,2.24299010424642,4.10240247293303,1.88221415699965,3.48681915021013,4.31883486252941,4.82261290152941,6.66929832688199,3.43215274466442,3.57680157111491,5.01822927247919,4.17238843137365,4.25667625429104,4.78101456577213,4.66134669287387,0.065467807296819,0.510842457271031,3.93113591272635,3.4338881174474,3.06069946019098,0.481844569858094,3.81062213287093,2.22834374218715,2.76013836653078,5.49873636197075,0.557845664772846,3.93642652668693,0.495724272919506,0.275227017844277,0.103198013781128,0.246841456285997,7.12838553459953,4.14407212977959,1.39953311227259,1.4535659738593,2.97904947311933,2.09818233323881,3.53596995931378,0.449821473146139,0.449821473146139,0.649912678432073,2.23334468182634,0.821227015041687,0.0360374303149619,1.94627287024004,4.43896689729915,-0.324948449203621,2.26820607075616,6.20027436410071,4.70916591609417,-0.19429582056769,6.01038663270775,1.77947336871384,4.04233403445143,-0.431966563296561,0.285974745490046,0.759656244408473,3.47653271605234,2.23987827779558,2.61844409387771,2.07822415842974,0.4366044223689,2.49593656967056,1.99071659620534,1.08650294515826,3.93404795324902,2.73461696547119,1.5500312959769,"AD",-3.676055553
"374",0.0201136176257449,1.59242117516823,0.661419343016485,0.0187213317430421,1.09090589100512,3.20720958239046,1.29244072085746,2.73907537489692,1.82994714714236,0.014845617722979,1.35182782278464,2.69468983471877,3.00633743093274,0.0963794379323903,0.00526192608262122,4.29726560472957,0.488548500719026,2.57206316000663,3.08215344947515,1.68404571059562,2.57425851814827,0.0928303626586244,3.76903305386638,3.11768518550964,2.9367109276308,4.18643474863072,1.67065259248178,2.80146278373795,3.59665359716613,3.02626770180127,2.73653331712943,3.73601138856298,3.67136255700626,0.000275785162796804,0.787659580997586,4.81843293203711,2.2404240418191,3.53568279597314,0.292715660378838,5.66216809438673,3.35442055395506,1.41539326446569,1.8813596288253,0.418450478423075,4.15889549930475,0.650140915355078,2.10876049985512,0.00493373194682689,0.380660411423668,5.09364889342344,4.00907307855975,1.84562964182508,1.93409063953728,2.94353088952403,0.786880054786923,5.13699915087967,1.41024078674893,1.41024078674893,1.28677423957357,0.131924690909165,1.69282529464443,1.85665027322606,0.72978888431988,6.08227693672008,0.357487971217915,2.16028900684052,6.31755141394195,4.74768905755782,4.61791515969172,5.9032580194951,0.303631025482853,3.90687470559384,5.54076267475094,5.52227401156394,0.778945676260671,2.76530362116226,5.16049551151143,1.01112082417602,2.35791713327196,0.836054450565983,3.85120760286924,1.58163524004271,0.103796390017994,3.46348326223647,-0.145164635529928,1.5500312959769,"AD",-2.656792758
"375",0.109004174038212,2.35583455342629,0.3214950973716,0.0962364692275152,0.151816249606602,2.94796856141683,0.747908510942136,2.87058698163853,2.80277792311363,0.099985182419848,1.20611598233508,3.46520206059924,2.52084996080967,0.197048575061927,0.0850666771768579,3.29653878585341,3.54978554121775,2.01749076839313,2.87180944347178,2.34501924958322,2.27280359471112,0.083276296665557,3.00692069149209,2.74633209609086,2.35252522421137,3.96319690605303,0.897348332970725,3.41487850323038,3.29746451438516,3.81614341460036,2.85231794838302,3.33944959525855,3.39091614399146,0.0779587903969914,2.25561950186575,4.27980624405116,2.82410562351525,3.61669817767483,1.50991801990532,4.5845056589938,2.75887491232264,2.77321241675082,2.60345452487409,1.75152685512522,3.54661732268911,1.85587170501183,1.93709161399268,0.101891749507961,-0.0810556575007546,4.99362267386296,2.39315802457088,0.306930588743976,0.667242210439866,2.58209481229064,2.31205758155705,4.10891015433415,0.0662101010997186,0.0662101010997186,1.24296675708678,0.242133380505113,0.903696635675437,0.727193334261288,1.86606821062109,6.47254178595295,-0.720541733188521,2.71362690940266,0.411952952093039,4.88995121994636,4.30225466489922,6.67531639414822,2.61789229205666,3.17258797941236,5.3683109954182,5.7409334319616,1.10793517824491,2.97919898782893,3.04247173926962,2.19579590264726,1.77227582595158,1.54991265798953,2.28539579052025,2.2856584763502,3.24843822636922,3.49735200049057,0.085848173951514,0.70709128997824,"AD",-1.925778425
"376",-0.132764469563748,2.74535153987573,0.403693241697283,-0.108972789420447,2.98834277486615,3.08202986785237,0.285115058147045,1.04273947049634,1.12466044213778,-0.118706077613125,2.91837236951579,3.79897616893505,3.05035559782238,-0.214394794684797,-0.108310468554367,3.79028924029679,0.313924421868337,4.2116330845363,3.63587819470065,3.75849465292586,2.5741295966038,1.21768805675323,2.57919223774802,3.13335661979582,2.32831346233493,6.04420627472254,1.32887377882697,2.21234920366224,3.53022456059598,3.95500156396386,3.77765475233283,3.4850058065994,3.61608440717723,-0.101449185538139,1.9220141278889,4.49396963493884,2.61790352993153,0.207876166106709,1.75067698490383,5.58951637600419,2.8941555091919,2.96031468991562,2.7716653034403,2.03756364953074,4.91380759287349,2.30721524259915,0.168705914380469,-0.126731919531931,0.911068783363414,4.82369530437946,3.18848969621842,2.64647634487281,1.4954313055846,1.73837172238962,-0.336346743314881,5.08903086755842,1.43626499943135,1.43626499943135,2.47933453840424,2.63529197968632,0.621411491894293,1.8302701712715,1.84436294877792,6.11318973495599,0.623531614625544,2.18034798353915,5.93261138789529,5.50009986792574,0.471384580415566,5.72452269504002,2.23167345609567,2.77266318884812,0.592306631594761,2.21315586191552,1.44668506523265,4.06311759669259,4.68940725025154,2.07370567675705,0.250643883925508,0.820386719576049,1.03894578606656,3.66775262071864,0.122206913224747,4.09409326102092,0.096157641034955,1.17641965699828,"AD",-2.491059907
"377",-0.105272868259389,2.0818513865914,0.836644177940718,-0.108972789420447,0.59946187872616,2.57459852407835,0.257234465617627,1.49969217352933,1.58698989001283,-0.118706077613125,0.606438822885618,2.86733283559524,2.67378773694937,-0.0768717837106898,-0.108310468554367,4.01603005636161,3.63515806736824,3.92391993361071,2.98020209267562,3.56468376443246,2.70490960629328,1.4337985808389,2.81278151766082,2.52644477351827,2.89450211734306,3.58540324847107,0.77978460725232,2.49651838733882,3.54034756442564,3.91447416226473,2.73462673299334,3.12550401628185,3.17548534838537,-0.101449185538139,1.48759015755827,5.58864004852253,2.25254269376786,4.27326172057459,1.26461900459911,6.31141108879375,2.64545150577408,2.58007555177051,3.01433877143034,1.89436896463841,4.55657869293664,1.89779977295822,0.167842115200345,-0.126731919531931,0.75178502982421,5.37035194634483,4.3218767057622,1.70279994398643,1.01129713123017,1.25598602497861,3.18398982196906,5.5133667202234,1.65741060065795,1.65741060065795,1.82705454449088,0.196175825960155,1.89611721572971,0.487934603805045,1.5108097787105,7.87717820622031,0.747567171951425,1.76436295770236,5.9381642061324,5.49072601020505,4.64628602117062,5.66172796054949,1.34148834215868,1.67379653892704,5.54401509925649,5.58660615358029,1.50479574764741,2.85139593571611,5.15900394636154,2.39376610815248,0.250643883925508,1.03076722016393,3.83951160698272,2.61707706694023,-0.211157503239858,2.56720659381352,0.0132708750493539,1.17641965699828,"AD",-2.998104484
"378",0.119386872316573,1.58092272743831,0.1350959253333,0.0962364692275152,0.660901322855271,2.27229047626389,0.0110816778493524,2.72816516762787,1.84378050991525,0.125098963037093,0.528732834036465,2.06201184781241,2.52807340389719,0.197048575061927,0.127888666338258,4.03027624986136,0.0779330913740437,2.93480019423972,2.3447053925627,2.36507372873164,2.16887738029208,1.44643419568597,2.81127864915617,3.92862727482829,3.02730550932828,6.37637216811154,0.351640537828527,3.53853095600852,2.92189946134792,2.77539236099001,2.30710567758645,4.44276342150607,4.01976991922335,0.0779587903969914,2.27601681055977,4.73494865576479,1.30120228653389,3.87824133002622,1.6407590479713,4.28681374736486,2.36388251918377,1.44272249082895,2.85648937364038,1.86086097139063,4.92400717938916,0.0656054568036426,1.75639991188901,0.101891749507961,0.0381287870996899,4.9216290755704,2.84414956635009,1.6721596937744,1.8824530149753,1.22246930360407,2.99471236945393,3.90277454816808,1.14771564087331,1.14771564087331,1.31999525682124,2.41472419423569,0.815549483803821,0.660676453319825,2.36977467802961,6.47533939929427,-0.00542055663846164,2.66485488594345,0.937111717552546,4.6522676807075,-0.151467324164265,6.75973639519471,1.08627156488111,3.39876730741986,-0.21235663367039,1.12616751425192,2.61331547035613,1.60569449347782,3.46808216590725,2.4591396198058,0.0364254568867398,0.31426560372009,1.93918412134935,2.42844034876662,0.159702361319696,0.43376154676776,3.72042085006041,0.70709128997824,"AD",-1.782241242
"379",0.00898920488742849,1.4631674770349,0.283787429354287,0.031185817195795,0.156861225605385,2.25954204034391,-0.0444551231412769,3.25299978754483,0.896108575706876,0.0333695862861215,0.724084470808244,1.95343626393076,3.23591497584516,0.0656663717829402,0.00596621022715071,2.69604508624996,0.285251651794897,1.50555922042161,2.20646256452993,1.86615221534759,2.16898403796743,1.31954622181573,2.90805957044654,2.84576914948371,2.79856334678697,4.18373670052073,0.418545110905714,3.67261316195238,2.99801835118897,2.26255881906618,2.14579155701472,3.41080937546674,3.19127748841149,0.0707136128001035,0.721803188181607,4.72926224830496,1.295196829678,3.95654368772281,1.62517229530854,5.78664856250664,2.28541031137372,2.96073195296003,1.46725389026877,0.665144808250312,4.65246956403967,2.64013859730558,1.7927511786736,0.033824004696592,0.645444560978418,4.9991985693663,2.59759744987719,1.9454290203185,1.05296796481377,1.25845365635162,2.94428146752758,5.30243949012296,1.43778663322676,1.43778663322676,1.53338943800943,2.37334664627819,0.128045617518086,0.0353379834935418,1.51437824025678,6.83127862896192,0.636123003128473,0.00534102067015985,6.99913099884686,4.91756733682034,4.09541463710868,1.92884958869161,0.147965822966387,3.91240225096836,5.05557121868364,5.16062673265564,2.25273538439526,2.5335851056355,4.79259764304572,1.02810101514131,-0.0168372390800081,1.37898167836924,3.42881067506486,1.90162607033404,1.16358765031167,3.25951898766717,3.03875215907691,0.8979200971621,"NCI",-0.184278159
"380",2.4016095132362,0.622895794336163,0.955304465243801,1.76401406678194,0.490574196133081,1.64387042322283,0.054232939467017,2.44352815969954,1.26403927117948,2.20942146415786,0.510988195447779,2.2862044433589,4.05206239057885,3.56202985130007,1.62212940834462,3.41890103643053,3.6022682264518,2.9674211901672,1.93768082188139,2.38034960910381,0.62145028838622,0.8207377126794,3.18657296352482,2.41686868318554,1.00278276738024,3.76828438264383,0.23788539818354,3.18093928714122,2.09525515294015,2.72057925493522,2.69853584922069,2.90065101073524,2.75206867855354,1.17485135682762,1.29939699271333,3.43836030142943,0.805909737366334,3.51794995307793,0.221976651852438,4.69906177040138,2.29580882579786,1.06545990344659,2.79549122425651,1.63113983302265,4.22333531856242,0.00165081640555254,1.77133439617753,2.09742712463052,0.363601452522262,4.11918319864178,2.54971714842193,1.86539370035231,1.6094411388669,1.06980021492577,0.689123422902052,4.19580249940669,1.14328818793711,1.14328818793711,0.931745759604296,0.136991136799132,1.42630688799568,-0.156863898412044,1.6925821977094,6.14666355409131,0.180710263005308,2.16020603705289,5.86619193095174,0.922769314815111,4.54405243813956,6.29873859473312,0.196219180439785,3.06590125820945,5.45412064053762,5.56572250042969,1.02439283581991,1.28718282252424,3.64061397286646,1.81303728162319,2.19198614974436,1.09655141569793,2.33705255135724,3.40814818215152,0.140382183248494,2.54049466219992,-0.0202098216700136,1.50994416999853,"AD",-1.107516809
"381",0.102276923741193,3.0541650491359,0.517305990747132,0.0723006474763089,0.29066675848404,2.75529372982239,1.03386098948354,2.64378520905045,1.03121015297624,0.00984175381027386,0.220561680325122,3.28711552515367,2.10527672299592,0.206259155236422,0.115990207279261,4.10444823123897,4.13860850271929,2.85740085812977,2.95270738103847,3.92707002774466,2.53618127289084,0.0898985707205637,2.48228478124952,3.571468064639,2.32222545948486,4.69930960418827,1.09491706794973,3.30983647525724,4.53249263460471,3.39199782637863,3.0354338630112,4.09831755899442,3.86712698259438,0.0818032952927232,2.23496484087762,3.97886182673083,2.68909184343013,3.93944959873508,2.25388230784381,5.47423552733462,3.1974857524457,3.71562141451331,4.32709152051626,0.76959224788306,4.33789605460067,3.48547019696362,2.03855086185121,0.0854727055369908,0.538356791600731,5.94723670783629,4.1759370311666,0.0514837108412234,1.50111058036225,2.58193064882397,2.29469400355097,5.26532575243186,2.26786625937729,2.26786625937729,1.94854408620292,2.57704407937527,2.15997262133109,0.0353379834935418,3.37877163999104,7.05386911845848,1.89482358335947,2.34793713991381,6.29108839843422,5.16893531192226,4.45924778947886,6.11089712022758,0.198426617424355,3.06916428686618,5.32072011669901,5.33301456242946,0.170136949867483,3.94996522334595,4.55366109612798,3.38024648110971,2.21124276878401,1.59895380019785,2.71617218292759,2.31232870504408,1.18710519057722,4.18109199623843,-0.0979488320670361,0.8979200971621,"NCI",-0.038631885
"382",2.59966697576712,1.00522080747289,0.917409430461554,2.42434242135588,0.515108265686575,1.31765118067699,0.0454406113146048,2.58897857974057,0.926721326323131,2.57889438215774,0.331305309069914,1.98212765652371,3.88127804384111,4.12603123854581,2.11370892492905,3.43581359617512,0.407126491328316,3.44495676727269,1.89064735824338,2.7837497823528,0.643536110709485,-0.0230995714629335,3.48648547393665,2.60043628524137,1.02550320585101,5.96349797296165,0.181594543564902,3.14606467539899,2.35648433273634,2.53498590060031,2.59678942491309,3.11863619875057,3.11785439747541,2.4747412073935,2.45145366916972,4.0251015472836,0.873436268671011,4.41282611289302,0.653098253630796,4.95706828807627,2.55009977827618,1.1096802233196,2.27135329973244,0.442409515937454,3.89264793945769,0.228992454992313,0.812444403088711,2.45990639479352,0.406829739559202,4.69860429069608,2.87785064891719,1.58959002337265,0.182768314116196,1.28774925022106,2.24077649505386,4.63369200367031,1.99468436435477,1.99468436435477,1.03527251482167,2.26699863869135,1.47624625560833,0.99911452446894,1.07451227758502,6.96280037408276,0.68045834843269,2.18188785198365,5.93245687295872,1.93689307110175,3.29820063190983,5.99482734981313,0.228714727637088,4.01542682781977,3.88649730164818,3.1364216314367,2.62579484137797,2.06440778909301,3.73772672849173,1.6319262363863,1.22665094268149,1.24034529900669,1.90452137945392,3.51079979356449,0.322031251268873,4.08504219804487,0.829078402608081,1.87823782270056,"AD",-0.893993738
"383",-0.118158468223001,2.44121199449588,0.6043099444593,-0.100253460088407,0.478302162925874,3.71854685529564,1.38278643708543,2.65155774100623,0.955287543869392,-0.117151311019169,3.37598602167307,4.20547707855184,3.47188045742191,-0.214568955155677,-0.0955339274883289,3.75663079785847,0.0726246155596049,3.16566045329099,3.16981515230519,4.14021133035895,3.53468931454698,1.49499839680535,2.56380151141791,3.52082187569709,3.47374983024261,5.98677568293976,1.09338729549189,2.47217920591414,5.32875886913019,3.38648069346093,3.37833483915484,3.87178203991495,3.80252773738918,-0.0988353430950836,1.88536161233842,4.88189734798294,3.22795230721613,3.48408833349959,0.363567097738531,5.25955417848502,2.84804542745054,3.37809565394533,3.87747440145974,1.68042849691667,3.90150513258051,2.53987456970431,2.27850762624961,-0.101490169330338,0.484506772949257,6.68618036283745,2.37827373710301,2.01206129921362,1.37914393475769,2.71196106635472,2.26457022546223,4.89815613666473,1.67199492662432,1.67199492662432,1.25753609377075,-0.00530025089948483,0.516966349064678,-0.0759963937089534,1.4926189170891,6.75958726563933,-0.0594793974532887,2.06983013125387,6.05347590869503,5.52813957786954,4.11115998953412,6.17703305794725,1.17766440755653,3.64410066454782,4.63775790019436,3.78928747589412,0.799317501388151,4.00576172528217,4.23003585444651,2.31143892351515,0.020232089335759,0.936768049552745,3.19268472091991,3.34801373177545,0.216119760495763,3.80131391893456,0.0229107760157745,0.149953260232887,"NCI",0.076847498
"384",-0.102138674720039,2.36293374543058,1.1145287525105,-0.0438786225151232,1.46011329468437,3.45305810369148,0.584207328541847,2.39401743353563,1.52557110756396,-0.113347433554193,0.23914637593773,2.57818189572116,3.23807523297359,-0.125201808449998,-0.0987287720359169,4.57944308359151,4.85409048303493,3.4579334384709,2.82603794332784,2.55745559335882,3.61689895749202,1.77713407989663,3.2260167704934,3.44018577235455,3.86599988813152,6.37346485535808,0.746231715411598,3.87813396527196,3.68486539260507,3.89177678303844,1.92920596237482,4.04366152772091,3.77531171317627,-0.0911014723481354,1.94878067573826,3.1095957842657,2.14294021432054,4.16715812326452,0.255368276293112,5.97049785047924,2.35447191221715,3.11382812489927,4.98161305493038,1.43416026148307,4.25753064421738,2.76146580664436,2.31096661875034,-0.0637513044663784,0.598333359776283,4.38793211531007,2.59514764834721,1.9523191309577,2.12640994569277,3.39610074129699,2.67926566618544,5.69876983087527,2.17877384363478,2.17877384363478,0.111822540215927,2.50499841437573,1.0278140668028,-0.117492893060688,2.8398738166901,6.19476566046327,2.77202172205194,2.76387532929036,0.555105880367857,4.89767001788783,-0.321453717446616,6.84446565048582,0.175161291395519,3.03933981943565,-0.0092194848228937,1.53596691702381,1.65794294981326,3.26799956136668,5.36041609014146,3.04136464732342,0.0188822491746854,0.68217458384791,3.13933930132062,2.1240912391181,0.140382183248494,3.14726652593935,2.62264085575433,0.111005529564437,"AD",-2.572644102
"385",2.64411779389968,2.93152435634813,2.10962102360249,2.70661031359142,2.57256724552538,3.95830057018622,1.43144205332411,1.30202628657915,3.03295050504714,2.49174222258134,3.03283572613927,4.85393083950222,3.04673420022959,3.90502989806927,1.91365821494804,6.31902190203554,4.13424089229096,2.75639439451439,3.76091133666277,3.14803634865684,4.09941816064144,-0.0319164357425128,2.73512888662841,4.39473269644371,4.80893774907216,6.19470181750146,1.28529381619749,3.9272479584266,5.57294569810422,3.66147778071268,3.95464661156656,4.8296317702507,4.58421329086546,1.45905677321064,2.79263105408283,4.76909302476887,3.6665349216075,0.946291932475003,1.73152430506348,6.05656639533972,3.15893702091304,4.3993208532126,5.60434743404703,2.17420522254207,4.97248888205624,3.69579704112643,0.341855124574574,2.48892325645388,0.444622403444617,5.43278229717326,4.80467675556943,2.58873663320426,3.18269175042192,3.34031167789234,3.13021282680364,5.48619723629973,1.96869990825012,1.96869990825012,2.40659877030056,0.285070082614427,1.48578422168885,0.0282087104349342,3.07482744758085,6.41442910932535,0.93300378748619,1.8795175784366,5.95896608096856,0.628717608248325,3.91569300470804,5.95044723422844,1.58410719198149,2.39830383516196,4.57071415191988,3.23591598313446,0.987144178697819,4.19408895648398,5.08653478009944,4.1748609571109,-0.0538671228877533,0.673094835191167,2.90945584670244,2.50246070704055,0.471970820348384,2.81009533801206,0.0945436743870222,0.53769029213584,"NCI",-0.205596669
"386",-0.137064640909832,0.823165193143318,0.030392601281646,-0.1058150552033,0.660818340746574,1.19216760040985,-0.0325453530310282,3.04712085037956,0.598218186864533,-0.0751977753756595,0.0246696286102894,1.29415659883281,3.57201954993579,-0.0849032357428354,-0.108173791488038,2.76434760647781,0.0328983366052993,2.3923213868392,1.78971496924649,2.50491008786,0.796921022424967,1.76311779817621,3.66399453993781,2.04560534821275,0.740053415663146,5.6072335004116,-0.0409811941027486,4.86958838230256,2.00930541918114,2.35659957943987,1.13817947225988,2.57478320687533,2.33960714425347,-0.084661887330299,1.66917743126874,3.14032350277464,0.661525596149401,3.62689919479667,2.13210593047195,4.75866696894145,2.89751324634909,1.55948218139658,0.733872661487199,0.384604768319108,4.73682621924245,0.0800612059997754,1.94377052506416,-0.116471362752311,0.495969142104829,4.39179467802183,3.16658863848091,1.70028587262027,2.36419009785384,0.791039091486549,3.55015203608259,4.45806154741326,1.47935103875876,1.47935103875876,0.443040167193145,0.00810601872225325,1.70911175273537,0.651604072805082,0.80644903434686,7.54911790892056,0.6842787232953,1.87383701780401,6.09206642749314,5.15552912581948,4.12152823171003,5.49873467839848,2.34661319463105,4.12375828317142,4.41513298605354,2.93203277068042,0.83154929544461,2.14749928649862,2.739899864922,0.574551778209657,2.43649546130551,0.924658121552513,1.45414329002289,1.49219590661692,0.136428048980475,2.48194738461505,3.15589731327909,0.94594209902643,"NCI",0.211399494
"387",0.215156848160153,0.892518466416537,1.03205764654475,0.164974603093072,0.760252988634756,1.33991002567713,0.131089611603173,0.755767231716178,1.16546281610058,0.170773823119903,0.0612096180339761,2.19096618653176,3.97994772220155,0.432749428898627,0.14077519271356,4.10560244581376,3.22403610202565,1.67881345912161,2.83311002553446,2.09088114662097,1.0185257200804,0.0563511530815243,3.79229715132362,3.16967516497076,1.66213383322169,5.20073450898404,0.519364000840973,2.3712164119426,2.580110486471,3.73387629769678,2.76681131994769,3.38668647301292,3.36552558751958,0.1327433349301,1.20747992281429,5.84144217145947,1.72022295567605,2.79906909184214,1.39802858907906,6.08355435108633,3.06041126540517,2.94808943756904,2.67220383372939,2.12051844728029,6.28256203856744,2.01709803933311,2.56271108334369,0.18230948087679,0.210028712655684,4.83821521591387,5.51959125580642,0.388449712330039,3.69401460091087,1.7426802813658,0.208888532788507,4.8624011617173,0.897234502425073,0.897234502425073,0.777984999150975,0.122396981487845,0.486587818419755,0.160453606231575,1.23052264236253,2.28114916077296,0.4057293954804,0.481053636721175,6.24058041722207,4.17463124672362,4.11525493369702,2.354765240396,0.139855869700923,4.01751781446823,5.59588776623631,5.44715756715422,1.78918491320031,2.63217792113286,4.8406677239908,1.19070523866158,0.0663541544088555,3.20654359480503,3.16015516922837,2.95902257830144,0.227745403328056,3.36331354635833,-0.00270605849996386,4.37553140400663,"AD",-2.262088168
"388",0.120779441716073,1.44014791750351,0.391626698164829,0.111599114227277,0.618854493492516,3.15464538485463,1.68842286820022,1.01901142625269,1.3034243072455,0.115851275697018,1.53302154723785,2.5556917560813,3.94745309263929,0.242824828908016,0.0823870215553205,3.10522870163628,0.728062852453249,3.76614684970933,2.45724270586853,2.98116760742281,2.73310071605315,1.29659820187671,3.84685863818332,3.15775775213833,2.58193582402832,5.89345656679677,1.43774204679945,3.20335268470121,3.09524845119521,3.56867356845762,1.98050606719865,3.60761741746199,3.8064972258788,0.078920211081418,1.87130941708278,4.41492537126635,1.99544584610199,3.29012620220324,1.99841878166049,5.645142944375,2.31252413034444,1.62086738685838,1.75775926890336,2.27377042015715,4.90399977682071,0.556960854961582,0.964969478247535,0.100560076896173,1.86263939028204,4.136733479516,3.16234352825256,1.70144769086869,2.10489080807139,2.07813254529952,2.02379743917094,5.19113385554742,1.98651993811743,1.98651993811743,1.18544317599563,0.225985481573273,1.13598174330535,0.243759990319364,1.75138949883581,6.59913316270342,1.6680029845778,2.3224414887744,6.24994222255887,5.21280764212765,4.09066078228567,6.13411491719448,1.51134276102996,2.92055577144806,4.55909467637083,4.13650013585116,0.858718572431738,3.32932011455742,4.33949457921356,1.2503840908082,2.89380145174209,2.05058709120751,2.94859014332813,1.75133970637466,0.667942853716111,2.90411944373978,0.0669776986252448,0.608218984740984,"MCI",-1.405338327
"389",-0.0247356510435265,1.25586646645768,0.738637113970706,-0.0308850319282753,1.12866350329575,1.47194528660482,0.247295377714739,2.76857098293111,0.737085433894069,-0.0336578943348381,0.482823679685515,2.42845116488335,3.86580221501686,-0.0120925526238709,-0.0295229928743039,3.14460710719302,3.29907273627341,3.41228783614466,2.11327356417113,2.24387813395573,1.26840675986932,1.55363925719242,3.74206898100586,2.9484460992783,1.24280965802669,3.75861782208356,0.815692152208481,3.09584659471043,2.57594297676857,2.31077239935336,2.33798048418777,3.3805653519465,3.47589806512162,-0.0410312155853156,0.668596521511095,3.43455151380768,0.948323403725476,3.62413134812169,0.317838621540354,4.85187837508605,2.37287984339145,2.79608534192633,1.67168135762508,0.521062373834541,4.4071294090186,0.910191473888774,2.29521492290474,-0.0503000847480868,1.0791260650885,4.21322229886974,2.41685111320533,-0.560034371414606,3.24852952854242,1.45314875149642,3.10978269831536,4.46994446733193,0.336219453276876,0.336219453276876,2.02650589575071,0.0772996468392319,1.49969333252439,-0.0437967467008251,1.41949801664027,6.85970823456078,1.25481844554674,2.76288245670864,2.20037898216963,5.3598700609714,3.86157198253625,6.29659003583354,0.177210789719932,3.44769752486639,5.45302002718968,6.11017856543945,1.76684608271894,2.85596332730042,3.51948544237076,1.33602313035262,1.76664148463096,2.50327305366557,3.82920396953084,1.69534524359407,1.88216370102666,3.1484647660246,3.32774058184258,-0.0626814286500361,"MCI",-0.075612674
"390",2.68648143259615,2.69343529570637,0.612349247417077,2.65199952787187,1.20940206331618,2.98796376204005,0.251330654298206,0.879564140727705,1.18009036988552,1.65163648162092,2.60206228758046,3.19104932910541,2.37651360985948,3.99095722914309,1.60972418727554,3.63452963855192,3.37276539926717,1.25767297554832,3.51832354632266,3.45832517982691,3.15537459701776,0.176875522273274,2.08624850905645,3.53697370522265,3.1050453149918,6.42606866988145,0.122772781029698,2.17420256931451,4.72061739690056,3.20710737414869,2.89652128245623,4.13581259810054,4.15662594127725,2.116742101059,1.39301500392614,5.40062515936058,2.77138629492019,3.90161871412321,1.67137001711547,5.88156284965278,2.23669274835187,1.17859895879337,3.28425562899317,0.837195687703344,4.89774283182479,0.547501968606658,0.260635685968503,2.7233660208936,0.908649248000155,6.34979003368443,3.90709600493241,1.79925225856894,2.27082487359069,2.1700588246394,2.10135749483945,5.60051673813078,2.3342859787341,2.3342859787341,2.41215001505556,0.049554890570269,0.379289159709871,0.13328671607045,2.22072147192477,7.32980161683725,1.32009352259449,2.0819118328031,6.32548593574112,0.122740270088584,4.16620812223246,6.15701491628594,0.0319602696055442,3.11979470710764,4.75792071814944,3.2502847738492,2.48278975795436,3.80039711714584,4.94296782097057,2.50946854340653,-0.0168372390800081,1.62824465072444,2.67825340652233,2.68419853328246,0.749712997410651,4.59795624262027,-0.152362408345642,0.8979200971621,"NCI",0.840422039
"391",-0.101225850013151,1.66050534239321,0.939702365809921,-0.112748013210387,3.36776939487869,3.44612949519755,0.268349486685074,2.68082971302859,1.28115261530074,-0.126363026395354,0.227342723122949,3.14031508906035,2.67850064653858,-0.225467360774952,-0.0530417621925494,4.72416926170848,3.31277912052691,2.76918300614535,2.81562363862941,3.78046798914266,2.6362640132948,1.7325851794545,2.7388405666531,4.50251898153659,2.70663527889716,3.67137830893512,1.3350105642012,2.90463277060039,3.34236894438929,3.45015824973126,3.22714371146179,5.02245263173801,4.88283095777917,-0.0590855944885156,2.71949388830577,4.62972283468931,1.9425250557738,3.41433892135945,0.478121971271459,5.05360802280737,2.47446163252245,1.94822103142403,4.52592830754984,2.63213507476496,5.87705213606647,0.818844243883717,1.34046065032358,-0.120290071338173,0.657026741468552,4.97748358424297,4.2312177579934,0.0830234803668672,3.26784028860517,2.11264454426704,2.36280113533807,4.47864589770729,-0.175116063192892,-0.175116063192892,0.111822540215927,0.204726434685709,2.47398575530899,-0.105589359487625,2.4734653590044,6.74482432274745,1.53967167151238,2.62382772641437,6.05438860401497,5.04404145908179,4.31767855077025,6.52490630567049,0.0293427292259756,2.6285932962456,5.43006363118568,5.66383697946897,0.724491966437865,3.18741920184204,3.87578207718496,1.41666968359552,0.0188822491746854,1.38553381690222,3.16288612445024,2.02302621249328,2.55167119087924,5.02827481812382,3.00613997392185,0.111005529564437,"AD",-1.289046093
"392",2.07275719420825,1.54868503219163,1.35574136036878,1.59381011133285,0.639811958871498,2.17880307977591,0.309398397043325,1.5896460970208,1.99963345395591,1.91029772143074,0.904480625552042,1.57262959233757,3.94588784273157,3.612065894106,1.68531448455948,3.34732871294592,0.0238772777402541,2.26186804325913,2.37469684860632,2.13131243336265,1.66651601794959,1.55869305278524,4.0507856763358,3.31914500155441,2.24953770783202,3.65173924557593,0.414667788833377,3.35799438622883,2.98534820523504,2.69783264750643,1.79046595152985,3.78029141287574,3.59081393693622,1.62148869065312,2.66269057973824,3.43560334792797,1.67666428042046,0.207876166106709,0.0491986427169616,4.74743458588533,2.4526870511579,2.97187591985029,2.55434120523204,0.540804095155844,4.83886355580797,2.50762532432265,1.6009342369504,2.04892971716487,0.367873677796475,4.10978335872635,4.36380998610274,2.28319398435466,2.13099026160774,1.53474704958556,2.53287513652539,4.03523416561725,1.25392664610478,1.25392664610478,1.71465824828915,3.18487621047045,2.20604446735799,0.049343278789396,0.494083012829776,5.17106397373764,0.563142478713435,1.89531584163535,6.15295256498507,0.598040698669762,4.76217567685221,5.93320377502927,0.0731133563051833,2.77364389852834,5.57304578767204,5.90389841086038,0.743757299695552,3.2126006391493,3.44532219948863,1.77883485620876,0.250643883925508,1.20236325565824,2.29198899839686,0.880820618085496,0.436500698282412,2.20831623802843,0.0929560641310991,1.17641965699828,"AD",-1.342151624
"393",0.0533467219603018,2.33156527059902,0.694708758942213,0.153279869179085,0.22617548799064,2.97891860596246,1.20123550280976,1.3061961301882,1.44861186366407,0.0795530901666791,0.0696905414701188,2.71850287320262,2.28784980288064,0.214963081565756,0.00563112491843609,3.92828108448947,4.43965913534685,3.93070739135307,3.32245997630907,3.74327791162275,1.68327455365363,1.61683026212916,2.91305765081566,2.47009465426919,1.17501198913694,6.65222403173591,0.541862092061049,3.14512078097748,3.43844572713217,4.10682918605976,2.34570963967666,3.06107561398931,3.14175310097618,0.00599214872033194,2.2023750007254,3.7605514327436,2.60931614631159,3.32382270106533,0.54861329938845,4.67415821613516,3.07817021032581,0.691652948109138,2.56417024305188,0.594915372830172,5.53631846641696,0.156236053562518,1.10016434407355,0.0037999099350674,0.791118889876024,5.14187285610006,2.10694197084172,-0.0157032872539982,3.0700288795272,2.47313473642239,2.2029427399368,4.12747327560914,0.0895138546094045,0.0895138546094045,2.43780663582804,0.0682804596734021,2.63737370531616,0.0349177944974788,2.07409159919362,6.95685122913987,3.54453054523232,2.76791355047609,2.65654079866141,5.78304070361165,-0.202610527111864,6.55388140917072,0.117501793239899,0.373928154770925,-0.31538807335302,1.4307126433796,2.75225293399943,2.87702499954489,2.89051564759682,1.92109946164596,1.72442674996009,3.19912134998023,2.02980667334759,0.78101503976492,1.31754095988656,3.1708653551012,3.64473134716712,1.01374715681126,"MCI",-1.036995138
"394",0.207112147267361,0.734059393754704,0.291524054666835,0.213594168793193,0.396238033076338,1.07492462740872,0.169656088223737,2.59734539918182,0.603203084979237,0.164931968827018,0.274450096900775,1.83369892844854,4.14296940458977,0.342952904598007,0.142807107432724,3.37645721119359,3.52230367389647,3.32338068867352,1.97547799036612,2.60701421340548,0.870369198974648,0.00817276814293388,2.70363934432422,1.77906333533095,0.952675631866789,5.75731904689604,0.816686483759296,3.26337565220384,2.28181370067572,2.66051175750785,2.04883053028425,2.16914723039983,2.30803799803283,0.124231246759996,0.0802172952905305,3.1349510208793,0.689538493669074,3.32423195585357,0.656269788625708,5.03370629437303,2.86997527914146,0.91701958170442,1.57566194698303,0.0413075375694878,4.48066021605743,-0.0385849270031751,2.87592378880828,0.211946377732539,0.192722240318174,4.58743408307656,2.67334969823295,1.82882359697673,2.76281945757148,1.39585233258427,2.94331382027143,4.46953945608571,1.19771123227965,1.19771123227965,0.228344024160866,0.344444526741476,2.19237147371085,0.0570095106757151,1.09414299674593,4.64616417980124,0.400248378173349,0.123872065291943,6.69136122462859,4.37039961340501,4.28085467801462,2.06089593385787,0.17995042037141,3.37442020785696,4.90230635333739,3.99917219540946,1.42401637861102,1.139365139531,3.93903070254881,1.85955992153364,1.09267265023337,1.44941153328179,2.6440952286414,2.38200994560734,0.394376919724701,3.39157965354861,-0.028086799002319,3.11242007635157,"MCI",-0.533891839
"395",-0.112237797091585,0.810701993522927,0.82705184264679,-0.13025702699126,0.693408910270393,1.31798919550494,0.054232939467017,2.53999162104005,1.66273833662416,-0.126363026395354,0.298069504339313,2.10700789808343,3.47418847640697,-0.185939581299205,-0.0987287720359169,3.48829908430934,4.43526896213451,3.27969227179364,1.86697817852535,2.40802081046474,0.82743357644822,1.78983959121223,3.28430542816948,2.86367545597772,1.16165847350498,5.91526295452775,0.121971585516875,3.38884564146318,2.27093416752035,2.32177675345163,3.51232771268325,3.35204889286824,3.19780956345629,-0.0911014723481354,0.394440152380666,4.28057699426246,0.834045227127832,3.63851859758898,0.344324946232665,4.69421475374355,2.7044332201949,0.895121801093353,2.98787682675224,1.59076463975124,4.64219829071201,0.120728896201234,1.29951275528851,-0.120290071338173,0.273464139964671,4.40294212842495,3.12217596618938,1.73332318414119,2.00247059411229,1.25184950921278,3.18115004060482,3.81285054984081,1.0733347396759,1.0733347396759,0.965670959897703,1.95951313107496,1.85034189688525,0.531546994197143,1.78640197537668,6.38959535446478,-0.348034717494841,1.68973172903165,5.96293784902735,5.14626900483817,3.93115178928331,6.20684119863373,0.21748994216261,3.68319374126506,4.67986307655901,3.32581547684683,1.01981601217802,1.35622063266543,2.85038329985588,1.64180839392878,1.33383013697624,1.17166992311535,2.1055547693702,2.89544310910643,0.140382183248494,3.47212031797484,0.0593483186898045,2.89276290790257,"AD",-3.279468865
"396",0.109004174038212,1.79037385641046,0.887453174022234,0.0962364692275152,1.3986143383817,2.43911886318395,0.882744402394726,1.12315080179511,1.55579124235212,0.099985182419848,1.89435528687125,3.19081276278527,2.78457242936531,0.197048575061927,0.0850666771768579,3.39981202075737,3.7941818499338,3.00083862064497,2.83302477767324,3.58254150074386,2.16278425870013,0.127595918160478,3.1997123722122,2.49482593480254,2.03494658424737,3.72097923981824,1.34470983880015,3.1792738409137,4.0241759888279,2.70250341795016,2.64947562270241,2.74457575456671,2.8622887906245,0.0779587903969914,1.57162123653201,4.00440473961288,2.47683909732847,3.96514334690273,0.0742345332882959,5.49137024529242,1.63118619461646,1.22999047666893,3.14307340179557,2.47943231014812,5.52778169869274,0.0656054568036426,1.57389297150025,0.101891749507961,0.569291414377921,3.87143079672988,2.64296725117991,2.39846858122664,2.41198838352309,2.75524868637071,2.19648484409277,4.90269241908542,0.0662101010997186,0.0662101010997186,1.80854298321588,0.365328656594962,1.46185961388541,0.132064009420613,2.0005046546112,6.71954634772954,1.22302123599473,0.273096792159771,6.82674715422082,4.93448694598027,4.61547927429,2.29142236129729,0.222968403507906,2.77321899508536,5.55293668594585,5.92404752247027,0.586179171473384,3.58003411953658,4.24075302142389,1.54047700226298,0.0364254568867398,1.63906389746145,2.73336673107982,2.80398756520954,0.24721141529514,3.68510029476667,0.085848173951514,0.70709128997824,"AD",-2.922461124
"397",2.68396139418474,2.28202141672757,0.804543266438181,2.33718732967102,1.32182817111352,3.19385882726069,1.04271600029046,1.26295432859567,0.424370367917455,2.64232554752106,1.48216095707493,2.88397472749863,3.09797457927207,4.32365348180539,2.295447241834,3.11648290311646,0.122742990559974,3.44865956176422,2.18339293009654,3.19088055150192,2.08927988300352,1.83025666074835,3.00564865252568,3.15721757588545,2.22704273652902,4.14536917915647,1.14352520861225,4.36866067242702,2.68119154058098,3.04444224194534,2.33399975907091,3.62111199479044,3.89554146293776,2.31739807332598,2.82810785337898,4.49228681842842,2.61879254323973,4.2900905096214,1.80470014019187,6.97456311313977,2.98057918679298,3.07924129751821,2.41180583898537,2.48292588624221,4.76445695383552,2.11867157698081,2.29953651619047,2.70477534385421,0.40807976839442,4.26948855315188,4.24202240579337,2.44552971718892,0.912933549755502,1.62339327412303,2.35468377901502,6.03200100562567,0.975670787375605,0.975670787375605,0.312398264678001,0.0898534936792377,0.605079696420108,0.0282087104349342,1.76956686327811,6.52725839067919,0.144544357059892,2.51061814046369,6.17417224567534,0.508739489706487,4.43738295439884,6.06266375814695,0.0347428618234668,2.88161621177868,5.59501748679621,5.7861187261972,3.4866132066107,3.61124474142279,5.38514613420303,1.39572341322553,-0.0538671228877533,1.76913757795205,2.80309470754154,1.28083285866968,0.471970820348384,3.94431515693835,0.0945436743870222,1.36098010707967,"NCI",-0.040439744
"398",0.176003513133547,0.751534978246688,0.56782016872402,0.162369320741543,0.576442282236556,0.911278162171631,0.0752539215852738,1.16165612152469,0.628769501679514,0.170418378801261,1.13414315728886,2.13377781416171,2.78558250929514,0.275163711713313,0.130222856352972,3.34047405987336,0.397417521278108,1.80387560980799,2.20413523176398,4.20705423125431,1.40784272200762,1.62850717889252,3.18855674490474,2.01034233051414,1.72968901239491,5.82908257725145,0.573025482890809,3.22010041184714,3.37643723718463,3.16285786094349,2.75818557752961,2.38020556306321,2.75411677777669,0.112211599350085,1.46903818597943,4.69546271193507,1.1445797934147,4.22789913887485,0.43190962191739,5.98142917491431,2.20195494970347,1.70611145886629,2.08172648930938,1.30412110178699,5.00517926714163,0.365222488492556,1.56089061714112,0.148258497821216,0.553905762610594,5.88137175201199,2.67461892670652,2.65553444819532,2.32707396718807,1.54589950276393,3.02580039782731,5.59231263298312,2.00496403731076,2.00496403731076,1.44699575578459,0.0697523332179828,0.161920086068253,2.22092631005537,1.17755431536659,6.04691983415565,0.615142140472937,2.0677563350405,6.16147163601148,4.73552417394274,4.21004198182729,6.15683419703011,0.419748920553063,3.4690485158593,5.05167861993413,3.96237313883613,1.38915134025135,1.24707566693913,5.38044128222064,1.37397492587912,-0.225520022044273,1.0710647557099,3.43151176246634,2.59784103237618,0.42423393105824,3.50647645030712,0.00295731974907754,2.38538014733995,"NCI",-1.474266733
"399",0.105243880779742,2.01517911113727,4.06560068271197,0.0910100656650217,1.04701965425401,3.2921801922779,0.155939843298757,2.42850634971207,3.22787304828678,0.095920641904939,0.601335210547427,2.9865251298412,2.99807843194515,0.188703896915839,0.0823870215553205,5.5310074126181,3.79961840943896,3.06935453778359,2.41536371867131,3.23934835576885,2.45167771277604,1.58526743700943,3.719484848992,3.88372312467191,3.38766141135037,5.99690987607808,0.256824612152897,2.56817724422085,3.28985584529689,3.61727122163359,3.504327656733,4.42313258675658,4.17918074633392,0.078920211081418,2.07356103861922,3.59744359761334,2.60268256323109,3.43857327666548,0.464093600001154,6.71384097179497,2.93709634918057,3.86939866912317,5.80603007554646,0.302015267898581,4.31038585080328,2.81041993601241,0.746272576005337,0.100560076896173,0.169791126676981,5.17902493518294,3.18989866733885,1.91669303499118,4.06804758884517,1.99968086282164,3.0567201343075,5.95304555759346,1.30245704056861,1.30245704056861,0.446598588212174,0.142584427532666,1.05996339469127,0.878728759628584,2.80356855642941,5.84895624303633,1.32158185908652,0.177090827866328,6.89578883075905,4.81056567830896,4.07445805501979,1.77130636719278,1.39415432034756,3.72249740495838,4.79954817067141,3.57081133240022,1.97085856216108,2.10182257432489,5.85144768807413,3.12365135258911,0.0300909269523079,0.798925822988306,3.16441579784747,2.57192933058591,0.134576158231387,3.50024808932687,3.3100046513398,0.608218984740984,"MCI",-0.23123763
"400",-0.122234105310434,1.92831109101394,0.480106799255377,-0.129224589483851,0.368636508335964,3.54991030061217,1.07853340066554,1.30016752076386,1.04399014097196,-0.121959930587728,0.377053314191037,2.59807994305177,3.56524025863559,-0.041875094781517,-0.0970539751563605,4.2671757915625,3.6944763910089,3.37893559911539,3.62571877643387,3.51668968119609,3.38099815850422,0.263006184108248,2.6220777806038,3.40541888114307,3.08298176351607,4.13532889174344,1.15642341526721,3.25020432736097,3.68340425703292,4.48377147008635,2.1645731536657,4.02753180586157,3.96620173268795,-0.0943077960141329,2.03461521557827,4.40715323160246,2.22863033594408,3.43221671285285,1.85689944670256,4.93050184323113,0.128275028580283,1.75784008963356,3.94921457588101,1.80207322948797,3.30590693055942,0.124443425527699,1.32911836352186,-0.122218110839625,0.78715872872957,5.16389609826694,2.79068322555049,2.06700739972872,0.227522187028977,2.52005680620802,1.37813829440091,4.71572562005911,1.77360479294132,1.77360479294132,1.83194486063429,0.155427013014118,1.49701973240528,0.29739711372667,2.47935036741417,7.15118550900785,-0.290346092352816,3.04604183557184,-0.260799573240845,5.3911134952886,4.38534377293285,7.21747752988043,0.00579004615565726,2.79874135451948,5.24894962177312,5.44854292616215,0.0694948807032603,3.41700638121225,3.9255845386388,3.44364511468945,1.95317975035187,1.42203286545361,2.71858414008184,2.2822728489995,5.43982997311052,4.39284647838975,-0.0196825867737105,0.859625692194527,"MCI",-0.635878483
"401",-0.100569560294087,0.917229240104597,-0.134913493864028,-0.1058150552033,2.46058594711198,1.13061482070412,0.81431449817843,1.89456771502468,1.3250348792317,-0.123705211853777,2.01838169743391,2.8457961877549,3.66699321364186,-0.106675912694138,-0.108173791488038,4.23689864071225,3.43092316428681,1.94962020735393,1.52532263041846,1.68623645247769,0.676270452767601,2.12835708025203,3.52270648963654,2.84156769316222,0.731224882757138,5.63853598142924,1.1814154504596,3.73114281222769,1.95381872807659,1.92717543501841,2.96006404698659,3.51248660766783,3.39238744408497,-0.084661887330299,1.87726733601606,4.84557260985811,1.77771722720988,0.517823726269869,1.43923284760637,5.20160509463791,2.20097995049054,1.3858535080839,2.29041435270112,1.94001229706107,4.08493546236857,0.205390845034307,2.04812442292268,-0.116471362752311,-0.139149756234453,5.50246259892706,2.15685150279044,1.67908910092033,2.01016437969782,1.58142163051423,2.28018037654174,4.8361932741724,0.776177697442771,0.776177697442771,-0.360471347254197,0.208979302031821,0.151674527226818,0.0363795071645929,0.16018665585803,5.02240896953173,0.190496292121305,-0.232832891277683,6.51455360639921,5.08968061365578,4.00748537606435,0.948392873033094,0.145290030701451,4.26860092906264,4.60843897265453,3.38010807666027,2.21247201252802,2.02944097922096,4.51887711031451,0.330263264311515,3.25948744518334,0.0267935737135283,3.80818072942476,2.36528685604175,-0.250830331932712,3.3719406979849,0.0218836025148375,1.05771876028939,"NCI",1.245038107
"402",3.33081159839402,0.843079093518292,1.21397367827673,2.70626760069741,0.113394642959225,1.4806321076957,0.0984659268147229,1.2304561888425,1.5369251234801,2.4304904559193,0.23205142685751,1.97202259679677,3.55618665095145,4.23801879186798,1.69838267468184,3.78743754844503,2.70246892003035,2.84228518201129,2.86027782385884,1.57640259434237,0.685783641003851,1.75339471391909,3.64350593220639,3.24076448163171,0.65689394037476,5.93724028913173,0.363433896202143,2.50058457698543,2.21997310827575,3.19479663416043,2.66565017535488,4.14288745711411,3.07333995246905,2.20151649650627,1.35535813197674,4.32766919392151,1.46099949773415,-0.265812410221522,1.62760890088268,4.4949938352468,1.93626128573003,3.32730055550785,2.5215198944106,1.88944195441637,5.18541850851231,2.49396005645973,1.93891468605148,2.10446572495309,0.069074726399537,4.57589744060582,4.27579840653777,0.713046817845876,2.73826202619525,1.45433091905632,1.65956201249364,4.07154040820495,2.32592989909105,2.32592989909105,1.21716483065279,0.326628605835604,1.3192123944611,0.19251381709528,1.43249151114991,0.770821564902172,0.378112932395176,0.215311998959494,5.5591932118597,-0.427629577099706,4.02872100865904,1.56594252684024,0.00365295818226574,3.18110626856856,5.43615378976852,5.27734106138212,3.38970841454057,2.59818664031342,4.40257148577006,1.3462439318473,0.766034341600348,4.41187395725102,3.38945292032924,2.66702566161683,0.227745403328056,4.30886671612837,1.38316709918925,3.4560318928398,"AD",-1.417114052
"403",0.0201136176257449,1.76564054315352,1.32672448749074,0.0135085224128023,1.09019073818695,1.33027199757625,0.070916852285373,1.11285786517748,0.639368366628856,0.014845617722979,1.4780755089809,2.33659995417339,3.5512814717129,0.0166520503716121,0.0317539633342678,3.10190761981951,5.58989868105981,3.96654774758674,2.70066187095023,3.60238673678435,1.60477099724027,0.223809378138044,3.3798234846981,2.54885075750934,2.07165396523242,4.23791892710318,0.716726468927514,3.43727898274254,2.57478121974458,3.84575715863634,2.45363892867828,2.90052962022514,2.76103700098998,0.000275785162796804,0.241030632572964,4.36413653353329,1.26407006451749,3.28036887929755,0.0799950454653963,6.65897490929664,1.89407036947269,0.908152465758954,2.32324184798426,0.162331303542387,5.10353439897602,0.61780294231538,1.58045746096261,0.0416911893783606,0.399539258656453,3.99409229351867,2.9498297669097,2.12853227017586,3.5586210195901,1.49178364806787,2.72278675660948,6.00254614312437,1.21209570138279,1.21209570138279,0.646903300150527,-0.0689503239123939,1.09215394210327,0.72083274100796,1.04677639296722,6.23499016286329,0.457177527421025,2.5526180134844,1.1542248893255,5.07969784627316,4.67199224131551,6.45131682864464,0.0907087027691249,3.11655336593845,5.31319650426465,5.26090954776703,0.648045096957406,2.45238326520662,5.81621679503277,1.88319951288612,1.08006711298038,0.707480032866148,3.60689210210304,3.96760249663904,-0.359103320245932,2.53052463608229,-0.162858164507083,1.5500312959769,"AD",-3.0470447
"404",-0.0275065611282765,1.7785686214647,0.215436747086968,-0.033323306463492,1.86883761078038,1.55988619609535,0.256971562984061,2.68317647134296,1.69811650803604,-0.0361896574377257,1.21520568246701,2.84766988783616,1.84417008716077,0.035547032842459,-0.0335292844719043,3.6932429746953,3.27692709296233,3.95162905396329,2.47535776385367,3.81522684413919,2.21496603250798,0.0954445257074166,2.0124743390745,3.20170137638104,2.51647289341659,6.00994519727805,1.38220103784195,1.82769335001294,2.9422928429919,3.54000343120781,3.29360804596874,3.64815329485898,3.43853771780765,-0.0317621391102729,0.431955713802237,5.82131735127391,2.08011282760963,3.20599375812677,1.33853418495146,5.65007029417803,4.21052785766436,1.13651784819117,2.13674038611646,2.83204210405099,6.16732608909716,0.246654631291531,0.690902962951328,-0.0456274714637633,0.46815690033913,5.2309424757124,5.40918203482245,1.75142387291098,3.69655978154109,1.97657799650759,1.5237455930164,4.92178806543581,0.390132722972428,0.390132722972428,1.15125396296942,-0.141519464995008,1.19453280911662,0.293324864914306,1.93179500402161,7.41948825067432,1.1095695784158,2.50204857463555,2.20469778656485,5.19416529874902,3.63546221363209,6.48967685799957,1.94320809853599,1.10058934392705,4.12659339731492,3.6615131120042,1.55623627467138,3.2287515306644,4.94345726412237,0.913351154393776,1.27036553965294,1.27564972826681,0.637377714978853,2.7607270126957,0.0140835012905552,2.41197617037213,2.46854281274173,0.325280549396655,"AD",-2.859005494
"405",2.34992415337899,1.91567038154879,0.267388287588547,1.98493262842636,0.633478565175806,1.36142912241701,0.0411763622650062,2.75787662726629,1.04068615711054,2.08726096692142,1.76035649787454,2.21411270934004,4.61188682624165,4.06943723634278,1.77126928546948,2.59504156474472,0.292765504309163,4.4553527679831,1.83039076934814,4.56962985461919,3.13738188116778,1.65001031951536,3.34434926025898,2.78155977940991,2.87707180740599,6.22940494483479,0.350021024974847,3.36268629071332,2.92130809813285,3.18205089544689,1.34849528999066,3.14293891303209,3.01367682755449,1.80847683424144,2.1297195601772,4.32015407652182,0.8735564409422,4.2577658866653,0.265590157211685,5.20613214376678,3.32679465897655,3.13481256253449,1.940191551583,2.26176137394919,4.91400664470225,2.81015576440026,0.436089325294009,2.30853529962098,0.448392659964786,3.93831252681361,4.49269310214128,2.09648730324427,2.48927288806963,1.39794325569656,2.82625956474735,5.12569064266106,1.4325371251337,1.4325371251337,0.997476401300035,2.57486462867723,1.10980281273575,0.0353379834935418,0.74635748019886,6.46946934268123,1.986155905592,1.86287865925171,6.37653735072936,-0.0636229637933372,4.09027247733571,5.64931916209588,1.74920774924537,3.7185677751429,4.54571281511133,3.44128744584373,0.815368752633321,2.3127218750594,3.92884117581477,1.8171901413886,1.72054975678411,1.62780748180248,2.78008881864752,3.65644204751138,-0.208864067142319,2.88976938216338,2.98303307581663,0.8979200971621,"NCI",0.438133952
"406",0.103145269298588,2.53758129122616,0.494664575244834,0.0994322011175169,0.922106550972758,1.34165915090111,0.049367025503208,2.5484096388141,0.250149820605353,0.11762913094956,2.34787456728431,2.11830668830641,3.47994863244392,0.183721487695386,0.0799549628810027,2.5841657369068,-0.029402347027319,1.88761894173467,1.50176429164676,3.83089825337065,0.886254468302254,1.99247438131556,3.30525570137596,2.8487212133959,1.08021064224756,3.98518508404907,0.63017288244291,2.75304991603033,2.72388262631119,3.15047273838612,1.74216126706447,3.23057741016999,2.97355934647954,0.0802778024747958,0.227139552802567,4.7725609242395,1.26304818759419,4.34104014051129,1.58001604354125,7.0981602152655,3.30710305974974,2.63288947733628,1.84008978019971,0.212468081052387,4.98733425162274,0.229768134566655,2.16815282216929,0.0995468654556309,0.937365470889042,3.85997256064786,4.33653546833099,2.19842209184801,2.63032162293499,1.43841733503394,1.43342365309327,6.75460734470919,0.0753433138359709,0.0753433138359709,2.09197844498392,2.97245189555173,0.896791658856879,0.073633210272975,0.980952800980777,7.19890817470436,1.61074926755598,2.80348354913434,0.573388225917482,4.89923094687846,4.91483320781136,6.59573674790638,1.6494492882619,2.65771416734641,5.59564216274165,5.43663333692913,1.61970876984403,2.23381028072245,6.92041566518262,1.43377687149421,1.60967306683013,0.89621893957997,1.70336136234597,2.74893079516492,0.130074048746944,3.21683396387212,0.0802432069139015,0.586864468431435,"NCI",0.637755872
"407",-0.0278892304096646,1.45534967835097,0.560257363341748,-0.0288872872264644,1.27388108726367,1.24899323571014,0.105294409781567,2.32393926317771,0.549433769674136,-0.0142419219964263,0.783825132428451,1.816465391845,3.86015645392577,0.0127689273786187,-0.034359764888804,3.27636424181643,0.156020247893083,3.123149337289,2.02304090254438,3.38825693233629,1.4335493185098,1.74067020543151,3.82805863562127,2.83475375201801,1.57377149284572,3.94767917586079,0.21880056060553,3.75630814397623,2.64871015207112,2.52031034219247,2.06167794432696,3.35642304237302,3.03972477600144,-0.0359860259618263,-0.0152677682385176,3.06503065074242,0.591723889286939,0.979075884204802,0.495407522424076,5.5326741698535,2.50586098690346,1.25750256961994,2.71646073597117,1.97859861765177,4.62801631572378,-0.0626693301893502,2.28480552279684,-0.0361625672150933,0.80763516629264,4.23240036475668,3.00185814084701,2.13679723136011,2.00837602765015,1.30250661003851,2.31828624357285,5.20148219144313,1.21532899337336,1.21532899337336,2.13374560969362,0.0862326522557383,0.987535127915367,0.834993421850281,1.39722282960131,7.19090324442358,0.985418075288114,1.79809044526412,5.92394660009557,4.68162810217414,5.06000723291048,5.98712117466591,2.46977271313885,2.81609861308135,5.37629352069774,5.3849527997546,2.69175020739239,0.573513585169934,4.8477854631135,1.67176524621693,1.50373388545829,0.981216832406005,2.50008135576738,1.75172157436269,0.322031251268873,0.370853239865749,2.712835829596,1.39721356074027,"AD",-1.782056832
"408",0.109004174038212,2.63941956069346,0.399224725225117,0.0962364692275152,1.36268662150009,3.07038858720721,0.430399487828771,1.17158077466102,2.01659111258534,0.099985182419848,2.36008330811133,2.96090784614823,3.93707079711346,0.197048575061927,0.0850666771768579,4.30215030861054,3.62374014662353,3.78953712561063,2.87807871738132,3.04688013350734,2.50894472112274,-0.023609269260163,3.6561590869682,3.09705686071107,2.81642397252398,5.76168622982638,1.04002424863509,3.3261626435065,3.43589827092232,3.13747459332829,3.13230602318351,3.48840501889927,3.42365965335228,0.0779587903969914,1.85714603387798,4.6211574284333,2.53959271728685,3.25570068870661,0.201981572328346,4.79172950654126,2.42909073321649,2.98493071389016,3.02937834616559,1.94382837792832,5.50095904799147,2.46617819985113,0.38831091775396,0.101891749507961,0.490127699984492,4.28592123268818,4.21189836036811,2.40027027333135,3.08665918671084,2.90164886457786,2.65977785498121,4.54237061411411,1.11741269515267,1.11741269515267,0.772944938583594,0.316465675232438,2.43320128746839,0.043127022420684,0.869058986058185,6.43077003090885,0.541540324032957,2.43442307681236,1.84454457296889,4.60993069365024,4.15440612287443,6.63031482292586,2.09741804983253,3.79468014060367,4.59310745413284,3.32976755343104,1.02562259992609,3.5265859242468,4.41326483553682,1.55309341863854,2.2329003481938,0.646507840067412,3.46442500173522,2.85128938024313,0.159702361319696,0.43376154676776,0.102981459541696,0.70709128997824,"AD",-2.883672909
"409",2.20483934626202,1.68780048915655,0.316811938452285,1.95235024720877,0.950979188931797,1.13682738156913,0.0277932972422708,2.54880704544915,0.645389574826724,2.0172691905599,0.908337050035571,1.26119779328626,3.60356622147742,3.55394805852022,1.63527306538033,2.94748494407804,3.89358138486719,1.44392909031972,1.85880241219282,2.06503588754458,1.06920092426843,0.0847870802915137,1.96444331511556,1.61072301864906,1.1376018431279,5.8256101574211,0.192199472780294,4.73735877930174,2.13943906365377,2.49103572798135,2.2920483539047,2.06819877458496,2.1879036743332,1.12128478828239,-0.0142753343643545,3.38362962830575,1.06379123133578,4.06299134048511,0.0947350815505136,6.52061945502653,3.47994242621535,0.424034414103132,1.33875859960125,1.47990911004095,4.42224435508731,0.103552655415425,1.35845324160578,1.75530094413237,0.48965328562791,3.51233790447905,2.46802160517568,2.57198461185896,1.80514636784816,1.41970768128793,2.80350690977286,6.17538623593453,-0.182427047253542,-0.182427047253542,0.158304108422398,-0.00530025089948483,1.72462874371857,-0.148141042319624,0.620014016522445,6.45615203819664,1.03712250924222,0.310904426222126,6.46238161483316,0.720922002139096,4.04174984810606,1.87590982937126,0.285346159266198,3.58541127791337,4.57405595073949,3.44154379883066,2.27071224175875,1.24064643862028,5.91888230297296,1.23224406194273,0.020232089335759,0.70904092529189,0.403721949226781,3.22002011008748,0.216119760495763,2.63313770021694,0.0161981354641043,3.39632808002163,"NCI",0.06369267
"410",2.94069527180718,2.11967135471305,0.892009755902746,2.7171618532504,1.49482878004885,1.6647643840763,0.0589664376451007,1.15417558003388,0.800074464820177,2.64251858743429,-0.115948622302843,2.19185621592262,3.84486312839302,4.50894882453105,2.22580292554689,3.02040733662632,3.18335436553996,2.14417990421757,1.68799136799718,2.85978805822375,1.09887228180502,1.62393228289986,3.66926876168194,2.98560026222231,0.954045955583206,4.14318868592105,0.343299863756126,3.35582502934241,2.37950925105849,2.49242103272225,2.77964105838957,3.46940788899941,3.30773687128324,1.76120792016793,1.38984584287921,4.47060597002997,0.970228103850141,-1.34609744351698,0.433765386150354,4.69309923834909,2.05224005579666,1.33808075670791,2.70129958978989,1.61132400903939,5.10468540417816,0.0666045325409591,0.771006714228179,2.65701428832148,0.969454307982859,4.43203555514047,2.9910281459411,2.43078172736225,3.130849200404,1.15959061241638,3.08604942332689,4.56803655617442,1.7963450915101,1.7963450915101,0.468689832816268,0.237061486417151,2.10860065617981,0.0331463533582137,1.64463857981369,6.79025591395034,0.328593781368174,1.76889270602921,6.01921746922398,0.15405870223178,4.6958062937635,5.95594543954914,0.86377270377634,3.75167436810084,5.47594062789545,5.35644388424042,1.92682698369218,1.97270269033307,4.33453656863538,1.79591118017582,0.582957830006041,0.159311592868831,0.667912276677076,2.58078931743414,0.130074048746944,0.423918765019101,0.0802432069139015,0.586864468431435,"NCI",0.020001903
"411",2.89328581884779,2.11807990585578,0.75511864662646,2.66369169321633,2.4081713624392,3.86603959444983,0.377321871799998,2.40415302708548,0.78056061674264,2.95315777272274,1.53410361578795,2.84015815413979,2.88465511936253,4.94993989306968,2.64196914850571,3.92129974062635,3.72939467745388,3.66596085492511,2.82139902041077,3.06340518618852,2.69924820128753,2.36239996533425,2.25285751946219,3.87713940983508,2.76005110577101,3.88131809149323,1.63705130890221,3.72135887118574,3.67615815553575,4.30748899230029,3.07961616913869,4.5251346011099,4.32081793653616,2.61148227287116,0.198594806976921,4.78104487477628,2.40584149104178,4.4578754160087,0.457914395280992,5.46775675132004,2.80578695114376,3.24579669504379,2.66159024578927,1.97628708231665,5.34657639618576,2.56044277054311,2.99524051214815,2.66629053999001,0.690791511224156,4.46042336278475,4.19435166279883,1.79768328152343,2.56501043836965,1.92559603511438,0.558136572926,5.12109212835354,1.33579561192759,1.33579561192759,1.55553866670983,0.212026972294195,0.282467309955266,0.0179858935825005,2.29655909100621,6.19380245093488,0.861080095245996,2.36509802677259,6.28534984468422,-0.32358069708557,4.82002192085813,6.1217971245453,0.0395269637406466,4.06215029583223,5.46620019084739,5.12931122087411,0.869273577401342,3.61501309309545,3.79317754915837,1.7993876212744,0.0300909269523079,2.19588246339789,3.35513691519713,1.2904976146818,0.134576158231387,0.42609041395744,0.0669776986252448,0.608218984740984,"MCI",-0.183125552
"412",0.105243880779742,2.16111729633379,1.61012397863092,0.0910100656650217,1.83212134122016,3.64022972766695,2.74216529059181,2.24834806124682,3.85216806168131,0.095920641904939,1.83148102097873,4.52951296140037,2.04489948432048,0.276127842033653,0.0823870215553205,6.37248849434862,4.36910781988474,3.73865403049188,3.93051731936112,2.0984600621247,3.8478210505826,0.0782123899139746,2.87760143247664,3.11855420586988,3.42914804729555,5.95664760223998,1.43035328376078,2.84300933741232,5.43087245612003,4.63559845976018,4.09051050895481,3.40314517147761,3.08177291738653,0.078920211081418,1.43280760962909,5.10648023245544,3.42973076407425,3.1673037239012,0.303561089695526,7.01376130619257,3.4065924867503,1.10839787190906,4.86189013950007,0.512813722982733,4.79091683901958,0.28990515922319,1.32289128405146,0.100560076896173,-0.11182159923138,5.72031872057805,2.91522892947693,1.84462616020431,1.07670440848954,3.64638180937524,3.0436071013038,6.44261317009861,1.25327543865802,1.25327543865802,0.709922423392458,0.238786024606108,1.52531106607069,2.61708155661897,2.51985465926751,6.33230734787563,-0.00175102961451568,2.04078815655604,6.12191538109,4.66830299356357,3.80402956493201,5.96088639898887,0.158752385221202,3.62541150349662,4.48190586441866,3.82289398842543,2.06437267295931,3.87154996066256,6.2789288701259,3.05097964359392,0.0300909269523079,1.23253769316874,2.80992047666181,1.79597853558445,0.134576158231387,0.42609041395744,3.15191383816576,0.608218984740984,"MCI",-0.30371162
"413",2.35380185806503,1.77415436355747,0.116719021971515,2.51063953579366,2.24984711832056,2.14402813153492,0.626774882324407,1.10056857849597,1.60459643035368,2.07291156088438,0.847179046660057,3.04578773491082,2.15623113574616,4.06103617873762,1.63542335396398,3.16629024084523,3.30479707589065,2.7408614100292,2.47086506141479,2.19111068113025,2.88203058301458,1.58129582627802,1.96684863520711,3.04040468258894,3.23929284545856,4.27660099959214,1.16883046937547,2.24314724625131,2.54287690029816,2.67947553468423,3.34251330221193,3.63051094560023,3.40453142353972,1.6117952623248,1.29444280037066,5.39526443332107,2.32633779821596,3.2308991213308,0.41295660413129,6.52224927924064,3.32264122013343,1.5877989395619,1.72049809681324,0.386764428424056,4.72966629157946,0.255385599855601,0.259951605947137,2.31734609051237,0.684132544746554,4.42198710010753,4.65076480474377,1.85579432389772,1.69072408537212,1.93711100952841,2.11585231450084,5.81786948395531,1.99274027309027,1.99274027309027,2.87526783284213,2.55479537555408,2.80484530049882,0.0360374303149619,0.883511396299221,7.01041238924899,1.58742932925923,1.86406539280068,6.44959703709718,0.615452283061439,5.07838204442898,5.81490576101318,0.0990368143677701,3.45022694951857,5.51952449231072,5.09547667511714,0.300161563559125,2.70268794260314,5.66315135746411,1.49527371686811,-0.020714860308558,1.25662844380724,0.918006560416761,2.2448128047174,0.336729956577946,4.27949542109759,-0.162858164507083,1.5500312959769,"AD",-0.9750462
"414",0.109004174038212,1.86847068359066,0.543443052843141,0.0962364692275152,2.04446488389451,4.13896127864169,0.966623978184865,2.93698281619806,1.37513941010719,0.113662364284672,1.82434333808542,3.57984421713683,3.67760543855309,0.197048575061927,0.0850666771768579,3.70475861020319,3.81954016614757,3.45231258997548,2.49301620459065,3.19838479503592,1.75923869817615,1.49459052513163,3.9433316329161,3.31635933915009,2.76961565820914,6.16390799719974,0.656332538670564,3.7796814179946,3.75883776124689,2.23774560865635,3.10448103673276,3.96968280500368,4.0143567333644,0.0779587903969914,1.79015891344747,4.61523963021262,2.87172255199488,4.11909895491205,1.75904646304805,5.0423501740731,2.86155694951711,1.83627587971546,3.59954806692503,0.169085311726545,4.75448449697438,0.0915077532195644,2.07803651272327,0.101891749507961,-0.366821678088366,4.27620795217747,4.1706280839424,2.703008506931,2.55505493102232,2.42054014468631,2.88409493537414,4.45591853373758,0.0662101010997186,0.0662101010997186,0.712284664441294,2.25042768681085,1.58046152114057,0.736603078662885,1.91501384381766,6.8765306029809,0.171463987760049,1.98282208918872,6.03744079430487,4.6500440138924,4.24125337462266,6.11658276233076,2.03265584398977,3.4928532084641,4.82943511801032,3.45940502227185,2.82330043731653,1.85101506986806,4.07779603457878,2.22374771590615,0.0364254568867398,0.834963166758952,3.84202040014781,2.07669648248686,0.451026816705703,3.77981832866899,0.129219366163406,5.86904673210814,"AD",-1.724842375
"415",2.61816514579623,1.37994355237737,0.13998610817462,2.32218391400969,0.798104564267496,2.17851538398437,0.563154668098377,2.5274239168997,2.11147078189623,2.66736244049042,0.326099469803019,2.78814123482971,2.6535538832864,3.93704843269202,2.10193401017898,3.82623370625376,0.0664900887752458,2.8318179152441,3.66129819102338,3.11519779430979,3.29082806430946,-0.154294398153609,1.98642631852553,2.64009351297753,3.00041163134586,3.81936421086411,0.0918060208535639,3.57486257170301,4.45267546108468,3.73012052467031,2.40074460628118,2.98757480555791,2.66596802432283,2.08312526853739,0.767962195804189,3.8183061911201,2.49702924647934,1.86016333064031,0.107948689946957,3.30104100544258,3.67726230842643,2.20660363226018,3.51612233795961,1.97726221618023,6.03301104824946,0.250339663415038,1.67033752587317,2.20624965427275,0.525062534369205,4.78965399165655,3.51799787754127,1.98169549821321,2.10998227758699,3.21376878236947,0.946369949237779,3.35424101868164,1.51144100409806,1.51144100409806,1.06036372790641,0.381466072413282,1.50381631237187,0.114567617422246,2.39162911691854,6.16534622291526,0.757113050684769,0.0673413798119897,6.86329837440701,0.808862970032135,4.33305567285185,1.74540303062103,-0.00267410916191257,3.65478182017928,5.05326346520473,5.55598442392608,0.408185468126398,2.92348345586297,2.01588194275064,1.27807376661432,1.87111839233362,1.48940438327506,0.901661021184012,1.31186061786673,0.592581660931628,5.23855754917091,2.5555845919553,1.17641965699828,"AD",-1.209658374
"416",0.192607355359306,2.58356178435476,0.332006647669423,0.162369320741543,1.49195729986257,3.82034714518225,1.87589078797608,2.62190610943276,1.16081296193651,0.158552081562066,0.614362898880085,3.29137123418298,2.29197183648333,0.275163711713313,0.130222856352972,2.83801933791857,0.149209711320771,3.43398105077274,2.48815092506574,3.37453186633342,3.7034580282237,0.0246455315538492,3.11285852250004,4.0321156911183,3.99522922817039,6.21516179511247,1.24742773705164,4.13809042959584,3.62876299160071,3.52782441775442,3.2772622064921,4.63404284161443,4.21930607844417,0.112211599350085,2.34546170750833,4.3923306243891,2.67008765128686,3.46054498388534,1.83708277832677,6.01086093340914,2.73322972545083,3.45435052891595,3.1239982279097,1.42552730615389,5.03726311843055,2.98721132808473,-0.287124036992165,0.196107153409608,0.5132904302911,4.68240269083565,4.21670019688276,2.8984197470292,3.537989156009,1.94178046764839,2.14821659817163,5.69772143663843,0.0411260605577115,0.0411260605577115,0.239477750754049,-0.0657525109995957,1.89546726026048,0.0888835894910006,1.70821702648537,6.45548931871849,0.574900521045992,0.278502243017777,6.75073809197117,4.87453526708023,0.749289075994643,2.13615996622148,0.0527362523776386,3.53425937203664,0.900297684471526,1.82533989561713,1.3520879677602,3.51070468989819,5.05017870191783,2.20827815054352,1.78400775462479,0.236056239526599,2.84575660330615,2.42706991781374,0.42423393105824,2.50046436819015,-0.0102447246674167,1.70948465850144,"NCI",0.32689573
"417",-0.0196178001269888,0.768776659150201,0.170830257297994,-0.0418078256851504,0.708416382707943,1.56564427509669,0.274248786594577,2.577715493169,0.442239680267667,-0.00846637823314034,0.106514358782775,1.98940543091473,4.55684432303642,-0.0725284538771369,-0.00138525385567501,2.70057692237657,0.0190334305809645,2.57352408005619,1.79189811413485,1.43725977875807,0.560455483170066,0.246963314262551,4.50137716402749,1.83706299452415,1.26367843436616,4.08755142037966,0.166620975490122,2.29050786895164,2.22541811293661,1.78792673690065,2.99486855606754,2.44172988788381,2.57284302232099,-0.0399187764594087,1.50883976507683,3.3307407706078,0.75567982147133,4.2073348087794,0.54109711674224,4.07063454996582,2.48781651649746,0.863581973212128,0.670965161250618,1.34946137711585,3.76857670211748,-0.0972223745388462,1.70750659786328,-0.0317680891043611,0.308405576328651,4.63418354387728,2.91916480402496,0.141055783594268,1.30768915434056,1.04384003030635,2.66109518180022,3.59734776643495,0.744748866715486,0.744748866715486,0.280120084604638,0.0867555645415348,1.33170037599115,0.0312170662002285,0.210046663293934,5.87604202609189,0.141958325541931,1.87083242891505,5.62453676631135,4.52476395568958,4.28289463420296,5.63592720059447,0.178556076717713,2.94632943282299,5.38914525539407,5.30993652365918,0.545855880589891,0.571888408782918,2.73342662298423,1.22621589919239,1.36188376838072,0.429190988502029,1.98685700432874,1.51609603430159,0.449187060578447,3.77236727742317,2.34146796630908,1.8402415750665,"MCI",0.299281415
"418",0.0201136176257449,1.3468318346095,1.6202482510916,0.0155967577570995,2.5419257446373,2.65262648638514,0.0320440850136109,2.7432881771467,1.29075996951865,0.0322871469402696,0.605670693308371,2.28846666401029,3.07140050067547,0.0166520503716121,0.00526192608262122,3.79082832257201,0.454757202755325,2.34786057174135,2.76586829731037,1.90438318500494,1.17036836726638,1.89502199537693,3.21024082260434,3.17860463787207,1.7350537280881,4.49062541297174,0.385208622422505,3.98231014691384,2.78949490113029,2.43453141340202,3.02290550446994,3.86701674585146,3.56956946210983,0.000275785162796804,1.8902709565545,4.09223060133269,1.52387763575024,4.20105358518958,0.0866454906586794,4.22990151791939,2.90904813406049,2.60101613794492,3.54646041197988,0.359965293859975,3.71904776991443,0.326139306174186,1.82271164015478,0.00493373194682689,0.388168517212507,4.43775537618337,2.5105919468053,2.33868135764444,0.310815073201099,1.24495013959831,2.85257775687205,3.80453018367763,0.862065233427387,0.862065233427387,0.386777226941009,0.105206863772187,0.868736175849087,0.0360374303149619,1.85967430605656,5.16063749810278,-0.080100283583391,1.73525774863288,6.23750620234761,4.6045441471532,4.88066987763655,5.43207981574268,0.350001188847272,3.45580513268923,5.29057503939974,5.21810288466926,1.249949702887,2.0980882688094,3.46305154390322,2.06502250457895,0.0528317407898886,0.973687822150124,0.983420592600296,1.84760188607052,0.124776758614082,3.27188196698347,2.23581417553981,1.5500312959769,"AD",-2.355475094
"419",2.716349542552,2.84544921587349,2.15965734811907,2.50272794917913,0.0815204591369598,1.99305222028975,1.34382007251682,1.38461723002517,2.33230141131034,2.59591083659559,1.36124406758004,2.5304535334324,2.48291963655055,4.58055859178336,2.33484322732476,5.65984661739802,0.284179471820535,2.89910717405567,2.46981906648586,1.8359458670927,2.04349451624383,1.52571150350521,2.14900546727803,1.64724634697861,1.76796002417063,4.68783828734193,0.831144436381925,4.53806457737306,3.62232326005527,3.00740408175371,2.6700365643362,2.01710855142331,2.03401571437765,2.53577413202254,2.12932910681248,3.88934443192239,2.17061186962348,3.08232433188424,0.615721739240546,6.08491307408691,2.38635965012877,2.92908207814512,4.64463775728685,1.70882552112318,3.97996983242409,1.95802984167286,0.683425718299658,2.7306532153289,0.8856755038707,6.25450970292902,2.68873652162375,0.416802391080331,1.86685824431256,3.10261525608261,2.95881993907724,5.75007264207326,0.0753433138359709,0.0753433138359709,1.88628218695455,0.151681130692962,0.743130127196721,0.021444341093927,1.76931735021221,6.92509429362401,1.35855892336913,2.18582539554741,6.20700359801279,-0.331760713917991,4.5269399371386,6.10948697937501,1.83347104324264,4.1270343662167,5.33012621316718,5.5951744734373,1.81675407791078,2.79713973623023,4.92382668140744,3.21090440023485,0.0325300116483972,2.40830201743918,2.03578948998566,1.54532708180168,0.130074048746944,3.06197155819112,3.40657964324365,0.586864468431435,"NCI",0.649358215
"420",2.56513387695264,2.15462475964968,0.28906207426872,2.72033517350371,0.188189491448546,3.32652248033154,0.479718787980473,1.32489021506538,2.53919953253771,2.3499098556674,1.36278496515135,2.70199403594573,3.73593546809177,4.18356230920777,1.87673927452342,5.06227114357795,0.280032890108071,2.18168144129445,2.94214283743773,1.35506322047755,2.41500032782013,0.15633935935366,2.86116641334463,4.35756397249809,3.66545752860802,4.23361305327461,0.805786161290524,3.58918823230237,3.76837021079516,3.2414465592745,2.71422103352435,4.78598811498941,4.4733306857381,1.88636437382973,1.91835281994861,5.40764502921269,2.9665770343478,-0.32239785619928,0.396084906167087,3.30103492066192,2.92384439662054,1.66678984581605,3.33014861312306,0.0756494876597451,4.3407742331341,0.0317082342763967,1.70171171248655,2.10052681293398,0.347987464773463,6.91927762913436,3.60435559132247,1.68739953426517,0.809358439163765,1.5733520483607,1.92490866584563,3.21634288565196,1.26055864985348,1.26055864985348,1.16504471225361,2.54045785772681,1.57307877853409,0.0545244280718868,0.716696702968455,6.5069648464027,0.488710604175931,2.13809890838481,6.0531715512401,-0.425322548168181,4.39209499894169,5.99694931484368,1.73847241073633,3.51504980117619,5.50368050650006,5.61201057769015,1.07019041603461,3.35137722235935,1.52846050463624,1.35789926710147,-0.218446723263825,1.68485481811081,2.35463142807692,1.73862696926275,0.227745403328056,3.9163997959121,-0.00270605849996386,3.11563913550905,"AD",-2.182786559
"421",2.76473505499169,1.63715034044818,0.171248918083402,2.66337925554129,2.47260230529528,1.53431190167808,1.24581837364319,1.11687492400258,1.57405074290036,2.59686234756847,1.87177276311189,3.04753223866196,4.29358665990497,4.43079170141731,2.09654712149666,4.13270731412856,0.0152030868136377,3.09024531829205,2.05415555609938,2.66400547727562,1.99240262071962,0.733622201883198,3.56610232215991,2.7169204215468,2.39502974440638,3.8642063589278,2.8258401220592,3.07658141711095,1.99216920484704,2.65272954285777,2.3744337307188,3.33285292425341,3.20536534315884,1.65555090111791,1.71443088113672,4.59451504341743,1.94470399419807,4.28977238186733,1.58932469554096,4.46462737682494,2.69131617606304,1.20554626400992,1.8598142344001,2.20634520423625,6.25713755763078,0.0686725367624911,0.53347706793815,2.28697809076063,0.684526033250695,4.33897465789749,4.50117326210882,1.61454453361188,3.0300297376232,2.49391350725743,3.01039757847769,4.10410028489201,0.0836219196425477,0.0836219196425477,1.44417615958664,0.142584427532666,2.24441760177847,0.0179858935825005,1.18136453186417,6.58245720206196,1.55073284947058,2.40328377534524,0.699101652540442,-0.15532106612093,4.58034514387534,6.54493608570695,0.0812494027441585,3.32360317509683,5.25061321368486,5.47625746429223,0.659699456461961,3.86246636038764,3.44330912500896,0.579648342887151,0.0300909269523079,0.416621621183478,2.77603413611976,2.30674304120311,0.512959686922541,3.14879202858517,0.0669776986252448,0.608218984740984,"MCI",-0.778704532
"422",0.151069931209987,2.13554503628486,0.280130317922444,0.086383580798492,0.613174080920819,3.07233768921325,0.908452831767653,1.25038915751836,1.94884002100771,0.102018310894846,1.67589431856143,3.31448013924474,4.24986491730376,0.219773399285207,0.0799549628810027,3.47924459012985,-0.109590598491713,3.02207295470539,2.873987701342,2.68464138586614,2.63547583978098,-0.022164323317919,3.85691818589075,3.24278180235935,2.9070699100214,4.02829229375843,0.499594099076257,3.14211930738222,3.63539835812055,3.75592813087099,3.1710165402634,3.49214550030336,3.30253122356197,0.164292700346799,1.28690938585122,4.03873836230853,2.52704028437221,4.07628047061758,0.432144116375394,4.4928001946111,2.65403358409657,1.13657693331963,3.07505085265275,1.53277163734828,3.50842048731843,0.32131377525677,0.779014589452614,0.0995468654556309,0.404436189747111,5.42556841276252,2.71023953215473,1.51945435411359,0.352199866281165,2.65474528534158,2.60722437904402,4.64998966439517,0.0753433138359709,0.0753433138359709,0.667997197558916,0.274944143933615,2.24358589764594,0.021444341093927,1.38672402008909,2.41662155500052,0.0687679035535749,0.106014708321768,6.66560430326903,5.03163894170105,4.345920122477,1.47150315624279,1.30675968742562,-0.391699714673605,5.27491692179756,5.42830897111779,0.932902751587835,2.8060920973469,4.06201086558465,2.57145333471229,2.16181427387819,0.642880850179732,0.520014837839433,2.69501749641181,0.130074048746944,3.97371754183869,0.0802432069139015,0.586864468431435,"NCI",0.120631967
"423",-0.132764469563748,2.5513823376121,4.40673513379704,-0.108972789420447,2.63915336436546,4.12554956896052,0.780419922757354,2.43353412552247,3.11096464226951,-0.118706077613125,2.15304653754721,3.5514296144605,1.73861187484342,-0.214394794684797,-0.108310468554367,6.12146645053489,3.31795447729112,1.3585679806695,3.17722206952741,2.81116714265981,3.29292830339157,1.31849286685499,1.97970923023808,4.49788336176421,3.67221663929933,5.92994720069112,1.4072278564055,1.41575923853179,4.44422303130707,2.77559611899028,3.12124744378766,4.91322246970244,4.72357630773837,-0.101449185538139,1.30225977167735,5.26059658186048,3.06176643205128,0.206921437497935,0.119350204252281,5.98814672666587,2.79851501877525,1.69154547340589,4.59034227954752,1.74272721108328,5.66066848095829,0.484854323407773,1.53369091706365,-0.0118708653592779,0.476296703334891,4.93099665664097,4.67919865043879,1.75991912627482,3.88414146249652,2.40122257004272,1.69825980049782,5.5091798119529,1.422949971526,1.422949971526,2.11144446401515,0.226124308412487,1.52197765366616,0.233937673532425,1.85298044322996,6.81596223851118,2.65026046666588,2.49267375965828,1.72011814005474,5.49538720001931,3.86965653231559,6.72113685304452,1.42403638968103,3.04741548236656,5.08063527503073,3.91402198511222,0.842929129564162,3.59713492668849,5.27893857062243,1.63164776710376,1.86001341451349,1.11865306135628,1.00826537026354,1.00654617788652,0.680373684957224,4.15107184295034,3.19543927709499,1.17641965699828,"AD",-2.398636018
"424",-0.123783385242817,2.82914563829296,4.09117987343122,-0.128310661493685,3.71368526205733,3.97169965057557,1.26756307722585,1.14041799508776,3.73061483219597,-0.0967786829100331,2.46846617777724,4.87256345973249,3.09189863303187,-0.214568955155677,-0.0955339274883289,6.20528400363684,0.214775486150925,2.83157868547863,5.04301700583174,3.2868122157363,4.01430147685661,1.76726861300566,2.83877532619414,4.41824799214368,4.43673057991628,6.08116701195735,1.00280500623205,2.98808009931389,5.78744831943891,5.12150045899634,5.2463327148036,5.14832116577161,4.8245461704945,-0.0988353430950836,1.97539852636945,4.63664600560503,3.86005561562182,-0.164689104697687,0.248117575780073,5.0740912900898,3.83375213720508,2.3091614601659,6.31214754267057,0.38099866771687,5.07900992440068,-0.0434774050337835,1.20574190430804,-0.123685071760345,0.553509327157145,7.01692093232758,4.69444272054434,2.18054987871151,3.16194056046107,3.25525695046285,3.25233612786617,4.75657668342886,-0.182427047253542,-0.182427047253542,1.82910456572145,0.23842321224344,0.863601469285456,-0.102798468530145,2.38303415143643,6.29047918589452,0.689104659862966,0.240970801536949,6.65291334312744,5.40753774923898,4.11612768919615,2.47027206073458,0.829819366131449,3.21715339398675,4.96679794383159,3.4967554394046,1.79995492854642,3.57077030709615,3.94180612022978,4.32850777981259,1.62603474175321,1.99113969901913,0.235424386631621,1.7350569273144,0.216119760495763,2.89759496364141,2.83145751546928,0.149953260232887,"NCI",0.511011265
"425",0.109004174038212,1.74003875250677,0.533509711108036,0.0962364692275152,0.444323407932196,2.73530164931025,0.697749516266337,1.18112231350473,0.377112121954638,0.099985182419848,1.25429731181492,2.67104110291432,2.72394263500899,0.233100486651748,0.115832523578971,3.0237582903211,0.296282739179754,3.58022136658186,1.78746083691585,3.65330130094044,2.53634116325899,-0.023609269260163,1.81679315476627,2.97345756376449,2.24595420835764,5.99164221745209,0.63863186838259,3.28362829457671,3.08023168144608,3.5110017173394,2.10044589336539,3.28980210336665,3.51390485775508,0.0779587903969914,2.02731847209197,3.1365751272679,2.28022012718237,-1.72212019045466,0.216503121638539,5.64120304820553,2.85201587645014,1.28978389525293,2.87753413181586,2.45673799276109,4.80688846021344,0.0656054568036426,1.14931173207784,0.101891749507961,0.541824091634978,4.30862164245514,2.91157585233691,0.354045325248451,2.36046739621414,1.43744432154013,2.79137550482602,4.99666446738927,1.79240877534168,1.79240877534168,1.54982498446548,0.141048957342314,0.897305077839825,0.0272012746204602,2.21936574743548,6.69981487359423,-0.368233786443974,2.12314213806878,6.48482402334565,4.87805456453618,3.92931448686674,6.07384307662963,0.0448308217181442,3.81318717202835,4.47223874837841,4.02648105962474,0.798660603983803,3.12326493150683,4.16344304616678,0.991166501801799,0.0364254568867398,1.96736808254894,2.80781271422057,2.46152927332364,1.26517880005908,3.97966613433518,0.085848173951514,0.70709128997824,"AD",-0.905301385
"426",0.0325461113226364,2.20552634953483,1.17498566387606,0.0053007046057234,0.699745906537044,3.92326305216374,0.436902659314957,1.07738650514904,2.11523568386307,0.00984175381027386,3.15897683623439,3.19044034958494,2.33001549668505,0.117171612258523,0.00596621022715071,4.48708893814394,0.673239553965123,3.97552985558868,3.30641114499386,3.91505693909966,3.40161149949517,0.314266484690975,3.01591534753075,3.98980104102115,3.69219460764455,4.33308619048512,1.18883469723787,2.47285222577557,4.67655997525616,4.0977218111208,2.81523568802417,4.83341283874183,4.82872563645574,0.0140640428378962,0.989887136481881,5.03083065466692,2.92050203278102,0.219492372505829,1.99756794063132,5.59420816465438,3.69136794598013,1.6586379772186,5.12978486017152,0.370650423316584,4.96308477924512,1.15238832950955,0.352355602173122,0.0807996614898323,0.484906649838258,4.87101695844362,2.8932790939238,1.79169211528588,0.396203857743031,2.53559509546407,2.23440573057118,5.18898813345135,1.21772488102398,1.21772488102398,1.58223009869353,2.26440392993729,1.19091193789555,0.0950509765603046,3.17726276186043,5.75769192081947,1.99885621512056,2.15939227812307,6.61465795319508,5.19554742911997,4.71919359410432,5.93833054417964,1.73079106041532,3.18116693660625,5.47134645187784,5.54479850802724,1.09645167247283,3.98651612789813,5.24943282752975,3.49325975463204,-0.0168372390800081,1.40876902462285,1.14009614331926,1.94071196483913,0.547164455085871,3.35799691133771,-0.105167232431371,0.8979200971621,"NCI",0.300356386
"427",0.126235554037658,1.39367559573359,0.170565894314635,0.010368348932865,1.21991365584156,0.919523098650015,0.0754940906753432,1.1328794502482,0.942163167005668,0.046433226653817,1.38708524093863,2.0017129048865,2.70252765162319,0.100112377019342,0.0413894434529548,2.40431138382675,0.278127813421315,1.60672852637028,2.151382378351,3.26071734257151,3.10518820701923,1.79854173999301,2.42800083219905,2.11638621962072,3.43236912361747,4.32767571248105,0.966685304399141,2.03023609692703,3.37244702493637,1.98255777836051,1.87771596079003,2.84042305101919,2.67971848752695,0.000275785162796804,1.96422116059065,5.22575949222104,1.11271387363856,2.95513591053191,0.341554166097902,6.24302526161385,2.6925826268406,0.879650411990767,1.01442062783997,1.98293748353715,5.98283449573517,0.313776042371285,0.781287286689186,0.00493373194682689,0.537425826569759,4.9463955146869,4.09405218170415,2.54806734988689,3.41928895446548,2.05010787429704,2.73015639207555,5.8257484503581,1.50264727777812,1.50264727777812,2.06765171124869,0.051330337399092,0.328735783986683,0.272301541495741,1.27047917966157,6.7776876219591,0.78880974666837,2.92061551299937,1.20532262748692,5.12729080780625,4.45784044947405,6.88182688985954,2.34505428254535,3.63037856986487,5.30327633776679,5.25094263327598,0.324439809405538,2.69611036938354,5.6462919029427,1.02225449928043,-0.020714860308558,1.61906660720048,1.25575247683157,2.24245932918724,1.10444755555648,3.59451986978404,2.94086186295654,1.5500312959769,"AD",-1.598418584
"428",-0.0174209279034264,1.50161818152132,0.323163134075796,-0.0287266375175219,0.976853824148808,3.57396398844619,2.86709775073693,1.32150451499583,1.45896476675014,-0.0308929566338653,3.03274142119879,4.29785049359243,2.57252533833132,-0.0536992102309384,-0.0335002990630181,4.3681675257416,-0.280859618427991,2.76569068085946,3.93352781775123,3.76636429845523,2.94310583965703,0.216569034531276,2.86278832622958,3.16252094003175,2.97273420039798,6.02816242311043,2.66896256609602,3.5796952349552,4.37028961927478,4.53576888190067,3.92374580138787,3.66375861209183,3.54171189496424,-0.0541197819651644,0.402964364247139,4.72135344732761,3.39302773640167,4.3001507078678,0.0774633648370959,6.38879488371336,2.92476744955439,0.394743133674119,4.46147313783748,1.95999755467382,4.78388027270903,0.251812065455393,1.64573410453012,-0.0177933741480487,0.900485137033677,5.59136125890031,4.01938269781252,2.06764855071474,1.52821140713883,2.68801352899479,2.19521950597692,5.70564347484206,0.361853002492615,0.361853002492615,0.950001774183023,2.4966890541301,0.527550735849326,1.60793324969979,2.3998878198071,5.61674392397569,-0.00450146947274199,1.7091574386049,6.6267871456955,4.58398858161507,4.22880247917814,5.21839944816056,0.169935269541116,3.82626310834029,4.54797678824605,3.68274065628545,0.58184557185763,3.87140955239109,5.43005712997514,2.72762141886116,1.61469234844837,1.09273482018142,0.710313821458294,2.06005129886396,0.0858048745115151,2.23628312035899,-0.092679057279746,1.97509379015494,"NCI",0.533970576
"429",-0.119093655126146,2.71165608711462,0.886317874369067,-0.109838023222139,1.68173514419605,2.15523011189082,0.0277932972422708,1.17381692313566,1.20993598116643,-0.102291032024772,1.0642556224508,2.46388667726538,3.80436268800535,-0.127375250452394,-0.0955339274883289,3.87492859785166,4.40978184972512,1.5626155805649,2.78946703319327,3.63740046907114,3.2903991273342,0.195638278378535,3.58692297404916,3.05508025345776,3.57091556419357,5.9643862435216,0.319444099806829,2.28528103225998,3.52882808606922,2.87426740865651,2.52293475500674,3.46147329725754,3.30211711368732,-0.0988353430950836,1.64572013180525,4.32515232851972,1.70546590812149,4.18715447052814,0.295418501097253,5.09043021812646,2.32319700576036,3.2136427862467,4.00518264709367,1.73243690867772,4.43050004753518,2.32122888406391,1.99690175331857,-0.0965125293703449,0.710934981669164,4.41070162147551,4.50374129094133,1.96273995052415,1.92984600754642,1.27628151600564,3.15691964611871,4.63392429074586,1.23725055595279,1.23725055595279,0.158304108422398,0.0630163103382705,2.06127611598767,0.648608261730925,2.62544007339951,6.77124182329436,0.69946177244139,2.25854694212288,5.77950581620812,5.41650305896837,3.87074092298583,6.51406111401632,2.62806558687765,3.89097757872968,4.71755529137194,3.43545419707895,2.03981943473967,2.70507316052449,4.18848923328865,1.7996826457626,1.2986691067533,0.125186392996816,2.93428546899469,3.14648192023735,0.216119760495763,2.88681133486896,0.0238660487620481,3.3543992241564,"NCI",0.738572486
"430",0.109004174038212,1.47556978327268,0.93149434294246,0.0962364692275152,1.03897801053613,4.28098967904892,0.615565617023988,0.861434111433165,2.34396383498288,0.109472785002686,1.25453491860759,3.85141581266945,2.63176201969449,0.197048575061927,0.0850666771768579,4.25577321972674,3.61354333989959,3.68412295105496,4.54479826624622,3.21148127816609,1.94645425186933,-0.023609269260163,2.73208432330063,3.07019915620189,2.12328607982009,6.41834217125292,0.368450831872033,2.54625672368549,4.80541333044706,4.25231385466406,3.5759167678557,3.25786964431643,3.01316168396139,0.0779587903969914,2.14642527645142,3.06584921395523,3.42007922756489,4.07323818224552,0.179362818931085,5.06742715306869,2.38252517815567,1.6412135706823,3.04927826941993,0.316318915824531,5.96498784256636,0.0656054568036426,0.837827745302711,0.101891749507961,-0.0859242300523061,4.42612891619491,4.57865367619683,2.26812485651364,3.59476578791312,2.46823508760473,2.25448937130815,4.75798709425504,0.895985024591834,0.895985024591834,1.10314403254556,2.595466810047,1.32665746344211,1.0880567472964,1.64036208532921,6.3675862963514,0.665805954692073,0.0500887840809996,6.81657551515739,4.80098266848498,-0.151467324164265,1.94111955485851,1.97707861060393,2.80432824682353,-0.21235663367039,0.763279983006968,0.56373729395315,5.01278816006113,3.99433821370698,1.70655802307985,1.90077946223453,0.949643774564573,2.6254133440474,2.50505320470433,0.159702361319696,3.69369496500006,0.085848173951514,0.70709128997824,"AD",-2.204339399
"431",0.0397037350647556,1.33779108016174,0.536741595262874,0.087386938345512,0.116728562286327,1.46550247461544,0.232529631058018,2.47238782556277,0.625514935995655,0.0124538273434234,0.88710407633496,1.82225320728844,2.54644560076879,0.0620586779181702,0.0359885655511066,3.0554656448238,0.292442403051811,2.93294012496503,2.16572634770408,2.05610445109525,0.584991187613638,0.236605394238219,2.06467180468211,2.83960614484268,1.08813474045607,6.27820126291186,0.385038225331824,3.18950762975,2.88554181417012,2.70267182032921,1.74843788192987,3.31488208693383,3.50091037929565,0.127245400114628,0.398024789475104,4.46335799351595,1.89115867221505,3.49689519244904,2.1234067082309,5.85178871315328,2.60749176208844,1.0344150294724,1.42274057636474,1.74509682085107,4.50523296421284,0.156236053562518,1.72643852829851,0.0037999099350674,0.304644106032562,6.38765347721817,3.81915859518019,0.15273047254175,0.817194101636795,1.20870696304722,2.2023170034178,5.3696033693525,1.90283819886734,1.90283819886734,1.65206231169063,2.28100413401907,2.2964446308109,0.356066725752097,1.03814088586305,7.4639617006424,1.85900007168443,2.6405109462828,1.68738701178358,5.04834099054983,3.99311957847035,6.8442138676731,0.0655052396214787,3.98415567055207,4.69077143882557,3.40404268006515,1.25452624657332,2.48224469727684,4.82628592106679,0.853431597149731,1.80961116600467,2.41987840496374,2.25908383696736,2.03016578348929,1.35699068006481,5.13248284783351,2.87959246439731,1.01374715681126,"MCI",-0.419518907
"432",0.218599664792261,2.82205329571724,1.15230059815773,0.110188397573249,2.99325804858084,4.69464958554502,2.82582008884051,2.86715915894963,1.31137648291993,0.0914817584667591,0.485554005601551,3.70165808272053,4.29600323337121,0.44324363884012,0.127759418973125,4.09661381143244,3.90224315862153,2.64395825944298,2.69364801718479,3.43087281952587,5.03293051142262,1.34838763903202,3.73231336559045,4.61357648110051,4.87973524865404,5.93447856842362,1.84915443864259,2.83678008155046,3.44885627751896,3.78179278974228,3.28212714972787,5.20939298733177,4.97607777571569,0.0802778024747958,2.61117050113025,5.24350639856772,3.22092520507835,4.02975924003159,1.89788892322424,5.9005384942537,2.58800279233126,3.49987996151197,4.13284896448747,1.97710419747893,3.70504278057974,3.02570962756652,0.387347874655167,0.0995468654556309,1.05275480233251,4.75296449018729,4.4752888521571,2.83809789326909,1.73485215478881,3.27747814822837,-0.210184240433099,5.49593055501814,1.88310404016412,1.88310404016412,2.74684026826332,0.245923345873063,0.272135905582822,0.0705726655966524,3.11284959211553,6.67806713680051,1.08199930799491,2.26678378761044,6.31118077251316,5.15008268661793,4.2037428948102,6.26466759870336,0.183238780832903,2.91298333860132,4.81514786304005,4.06476146417659,1.73038269311109,4.28718056339606,5.26709290945658,2.4631647705806,0.0325300116483972,1.54837064386917,1.19764175530663,2.54560966696196,0.130074048746944,3.82465680214539,0.0802432069139015,0.586864468431435,"NCI",0.457972769
"433",-0.0268373930671745,2.60997375576918,0.928115975605343,0.0346630186427522,0.82396329894602,3.63059988182378,2.72922973199546,2.84730694786436,1.99423605943685,-0.0314174211957514,0.954444812530703,3.47397767277115,2.91053313449738,-0.0690052923577873,-0.0256369184674275,4.28542341605728,4.37752486343934,3.19519375161814,3.28592555645362,3.04059006995513,2.53917780951666,1.52909283016592,1.88443307657395,3.66444952604161,2.84589303126851,4.11690629904105,1.99861718119719,3.30746013844815,4.41599153695024,4.16656879625699,3.21721129054943,3.99188824513758,4.07796828995496,-0.0454720876314101,1.67575591574641,5.29923866223049,3.46608072289906,0.88580367154916,2.0894126567775,6.06204103084294,2.87754414894243,1.23132295692095,3.26092965325398,0.413831471304165,5.39146041673335,-0.0955449257798399,1.71079201583163,-0.0236633878817529,0.42797370036947,5.49087242609663,4.3809064258145,2.2017614322418,2.6898043557353,3.53561118315467,2.13111054296549,5.52672007151679,0.863415404710993,0.863415404710993,1.36297094806313,0.22762818932826,1.42312691844407,0.0366255457689825,2.08939346268114,5.26229984851386,0.71366158612483,2.36517162140139,6.02850041858938,5.17291550486327,4.46261312629468,6.10269626010531,0.0734602911547637,3.87083464564641,5.24907007407007,5.4793069299098,0.896177249608451,3.98709778764956,5.2256477572507,1.53132478369913,1.59236627817744,1.49514058204695,2.42387834814861,2.5169752928516,0.471970820348384,0.371457846508864,0.0945436743870222,1.71473415861488,"NCI",-0.533019953
"434",0.0186881626284935,1.71771375900906,2.28993000116869,0.0504397002739786,1.46493095779112,3.71822410013092,0.216018760434434,2.60509099724625,2.17776639455751,0.0363993646457036,2.20014458177685,2.73759971005109,3.19443975787937,0.0501770686932157,0.0751011030902647,5.01222633014687,0.420319109113944,2.31663796485823,3.01857678851475,1.8688594345737,2.8027120124199,1.85027169828087,3.7495643209306,3.48898861981024,3.19105054985355,4.52737100087484,0.470882268694755,3.53470357174496,3.60772350867435,3.50938317631538,2.59567310491396,4.03270851220743,3.63488503022402,0.0140640428378962,2.38338039167865,3.04158585056622,2.06200195603051,3.73580275918194,2.09078362219445,4.98319881501935,2.61434614607017,1.6383462814725,5.06441323777864,1.81225005235925,4.20507457389833,0.162088327491164,1.91351050012033,0.00293723436174465,0.213756512507137,3.91681751160153,4.7899067168034,2.43115119571791,1.49199801686484,2.324938331649,0.233635131156516,4.35869029154687,0.0807648950355021,0.0807648950355021,0.414342809596995,0.22036721920532,1.22241600040366,0.0353379834935418,2.01535860347315,0.403664405356133,-0.148876498534047,2.18788802736517,1.7874750274783,4.50730317127416,4.6301499709149,6.21678114430827,2.15709507549938,3.71565880056875,5.43684808410456,5.27667831560848,0.930290171120388,3.04851561627271,4.38455659112561,3.14732291323472,-0.0168372390800081,0.64100199254643,3.47157911904958,0.714930601785835,0.612768502415906,2.75990034089717,-0.106779666853853,0.8979200971621,"NCI",-0.237833849
"435",0.191580678923575,1.37332748930832,0.150888666738823,0.164974603093072,1.68197623993839,2.83221732000089,0.381026608958801,2.75073138417799,1.42056577944957,0.170773823119903,1.16865520146687,2.74307722054345,2.71140817756571,0.436705350219374,0.14077519271356,3.31986320736794,3.7023320837841,2.33029408195185,2.55646658285852,3.64188257232676,1.30947838354613,0.00694019622088715,2.57226498762124,3.31663922147435,1.54539272679923,6.1416646820432,1.12597309413123,3.21819644416892,4.08564175534268,3.27859256910315,2.28828925867334,3.74396978484574,3.76861471734023,0.1327433349301,2.25620220912661,4.88521085044831,1.84177709167365,3.05489807662107,1.92779105459523,4.31005822311543,3.17968152021434,2.47861178363502,2.41586546653315,2.13415339088433,6.44431077626163,2.0227436585162,1.97208838632926,0.166578294739386,0.438684700405996,4.89245175620417,2.70364600239036,0.267687088798109,3.81093981994125,2.64186230787463,1.72646159426886,4.01295725658167,0.963499375692278,0.963499375692278,0.678966221372386,0.0761507907366339,1.18908373987363,0.0995905898918621,1.842224905547,8.17654282133944,4.43868549094444,0.101324569052962,6.66802641454072,4.05324237518672,0.703215084974696,2.25969862111126,1.612025518517,3.38990803595859,0.849833586468748,1.75871996715153,0.776406800066372,3.3531598624061,3.05621438462701,1.00298215505757,0.866365983960914,0.421514784217582,2.34372620345933,1.47981093559552,0.227745403328056,2.50463263964035,-0.000494752535921572,1.39051597357906,"AD",-1.316986095
"436",2.26271141110497,1.84268559998027,1.67066411020489,1.89173031669058,1.87294950092365,3.45207348692148,0.602857962100815,3.307249421301,1.59412182403963,2.11061391817719,2.17999085717615,3.12824313804252,2.78073927489055,3.73670260050583,1.59657152282447,4.50030114822502,0.0568851660245484,1.52626465892688,2.73822571718874,3.24027817225349,1.99878215813014,1.72686458746117,2.8154688049457,3.62010785611637,2.42184449073552,4.14677987147886,0.319444099806829,4.39242571794174,3.8669022197067,3.0769244778738,3.18355346682332,4.23255441838041,3.80634928809936,1.57949595286051,1.90941537834653,3.78494449703417,2.63762136038433,4.53757892627615,0.271175379999119,4.97422806256692,3.17265352850383,1.4449056098791,5.14539812569133,0.129461516798466,4.92891803420107,0.682027423084726,1.8419874679365,1.89663013363121,0.230454057873082,4.38512108005968,2.37107707031474,2.66348539920692,2.61675183104251,2.48164101337754,2.09190529961116,4.69013009988281,0.835408582467981,0.835408582467981,0.158304108422398,0.0554386087246018,2.05897961266212,-0.148141042319624,2.84166563428444,5.93930053157616,0.657718736232756,2.9940288012505,-0.153898585594049,0.939993090305538,4.48093600398207,7.07643263112587,0.190359758702731,3.77538766557628,5.30448042818141,5.39167813877537,0.655477596531058,3.1821966087528,3.90442165186585,2.27208900976105,0.020232089335759,0.885506738398541,3.07651129131444,2.43947897684055,0.216119760495763,0.257093743159205,0.0133074072984596,0.149953260232887,"NCI",0.680204999
"437",2.70830697805028,1.09702493259826,1.9238321106755,2.29950965268109,0.677996893612765,2.06462409980569,0.0454406113146048,1.04349473952458,1.90017130999035,2.6421848768897,0.534499920783548,2.82520425779903,2.80258748245868,4.27001949347375,2.28787497083671,3.6969958487278,0.179373700036561,1.54495624284436,2.12500316620735,2.34186822668108,1.38884999099759,1.48725988609696,2.98761019337934,3.20317857054779,1.41103900694344,4.09367391839587,0.428217813801548,2.79036259734997,2.28426718127443,2.6863207960828,3.10357421440623,3.55414382772086,3.44895605673474,2.09544425196483,1.46436214420729,4.12830118897831,1.24423924275898,0.874770793956349,1.69184299041148,5.20827244937508,3.01169657066825,1.29489239099292,3.21511762804359,1.88430502776407,5.02848774225125,-0.0947345317108796,0.962315815325036,2.70393331721988,0.46811420466869,4.38192748545394,4.64974182240621,1.93583558516969,1.66962234690083,1.695231589852,2.21170887132055,4.62160987759732,2.0573184935537,2.0573184935537,1.27799327218225,0.21952152402688,1.11124270228224,0.0232009998631409,0.611932862918136,7.03521698284472,0.456905080390444,0.273116430420299,6.8533433502256,0.359412642522227,4.43845292431803,1.96004922357238,0.118573395402249,2.25469114283568,5.60730399294257,5.71696029553002,0.778919437157924,2.58012796068715,4.22898822942554,1.58820160400856,-0.0511718859849966,1.05361139627314,2.70654714300789,4.32537750341986,0.322031251268873,0.370853239865749,0.110137189887887,1.21569484943524,"AD",-3.703663945
"438",-0.132764469563748,1.92289237120254,0.0665111723084205,-0.108972789420447,0.512522266996254,1.59487356425235,0.128871944161934,1.14896129950303,0.977549460683245,-0.118706077613125,0.22081072650992,2.42386775581531,2.74453640825278,-0.214394794684797,-0.0176551959907775,3.09398554721797,3.49760630231453,1.63133155674776,2.45042019153818,3.02292740846389,2.75750330074849,0.101773336757088,1.58871866725967,3.60745577699698,2.8148814249539,3.92672564817679,0.328047033301086,3.55621179355663,3.27036344506563,3.07666396516987,1.65494658862925,3.91545919094142,3.66492666799958,-0.101449185538139,0.450286403704257,4.16884488780038,1.44649811386318,3.69390283008811,0.514592825865657,5.71566265374996,1.82442325249711,2.72479152637728,2.18109969498417,1.80629353968655,5.67803801777662,0.38192976560056,0.167842115200345,-0.126731919531931,0.890108368459178,5.09339116843955,4.2455444756357,2.65054432485205,2.97519703641287,2.09358326541984,2.15964689868263,5.29474923254872,2.05793908645975,2.05793908645975,1.6732851293876,0.213827324312974,0.744631208862514,0.147977263278587,1.4248385364434,6.73489138621897,0.861251884630482,2.376430288567,6.21503144210221,5.10899941096715,4.47058986310267,5.96078383129369,-0.00267410916191257,3.74312398899093,5.81928945664745,5.99724788120121,2.83579795282682,2.46024447860262,4.85723995092862,1.95264195767156,0.250643883925508,1.64406999673361,3.41495569014359,2.99911073642909,2.81873932273769,3.69907281618015,0.0132708750493539,1.17641965699828,"AD",-2.832354406
"439",2.40738065790111,2.23076613043743,2.56981138644031,2.93792615462386,3.11954018198895,3.40890927162723,0.222312884152272,1.9180998964343,3.47022454063427,2.76754518820049,2.02075147875636,3.72482582885436,3.01350758965186,4.24375232854757,2.21817882637779,4.0536026602775,0.15274111712491,2.71703282371406,4.14954959928627,3.39293238321581,3.24801879539136,1.97054908049012,2.13445915404221,3.79134927102209,3.15547938788922,3.99634595490813,0.635938464211566,3.83434923182992,4.3067498612793,3.80104324672041,4.1887926315917,4.55013273991003,4.39612713665428,2.34921647486149,2.8444402954045,4.76052718673844,3.14472475572123,0.206921437497935,0.429481173531054,4.80204952827663,2.78211996035149,1.61646092071233,5.1834057850507,1.66620339920255,3.75367768178784,0.252275685443594,0.448073386153681,2.20420608097096,0.764440769887157,6.61111981690521,3.84151179258149,1.96043782192869,1.68130176065207,2.03742326275793,2.18713249546016,4.41261989641204,-0.0804838149291184,-0.0804838149291184,1.95505416536223,0.285209033381559,0.178217527321751,0.122196512807476,3.02810326354498,5.90880814912649,1.10237985813199,-0.228085661706473,6.73509023484526,0.881531735162011,4.57691375006911,1.65724101167016,0.269797745623358,4.0594595274283,5.73955927761979,6.03380770785268,2.59595678976171,2.60487736535775,3.01093993154532,1.67491378631329,0.250643883925508,1.51816743870836,2.40777362941816,1.45999369285288,3.85404167908634,2.86194373769057,2.81688302067155,1.17641965699828,"AD",-2.214229328
"440",0.163946111098551,1.4546385349436,0.473742062322108,0.086383580798492,1.55530850657521,2.60340682416162,0.0458513289496729,1.20421509050229,0.49999703353823,0.0914817584667591,1.78398553963763,1.86136722648152,4.72086914050623,0.183721487695386,0.0799549628810027,2.77333319699506,2.98360310269318,2.49606377004989,2.12434382888546,1.82034001210978,4.22954191005075,1.5421617106356,4.27233402022187,2.87629627324927,4.1750247649701,4.23720152829816,1.15288460602278,2.17874101832303,2.96135445029091,1.76017674888046,2.0487773995769,3.41508167264351,3.40417856070519,0.0802778024747958,0.401435056441369,4.32273639664379,1.02273059245633,3.23874777791032,0.200217862938404,6.03166291159596,3.89860317755672,1.90771222224412,1.76096452127658,2.35098818172604,4.56329278867163,0.915875794365976,2.00466345356993,0.1176321896599,1.61017727569719,3.67426385800809,4.48558755880287,0.398381538799884,0.643905701508925,0.949159489879814,1.09444830636084,5.75718073819221,1.40548508288015,1.40548508288015,1.87470430826137,0.240023595929635,2.09571759501814,0.021444341093927,1.26947897955915,2.01924495862754,1.64266124177677,2.47468622627008,5.98951901233163,4.60427966763474,4.53402194114519,6.22987185273853,0.312185898684192,2.95652163481805,5.52515738504608,5.67584848507755,0.539207018100194,3.23095187894235,5.41943635356637,1.04670064247867,2.16832324874121,2.75102505892756,3.1151336954623,0.801216619704551,0.130074048746944,1.0048759837288,3.10198930087041,0.586864468431435,"NCI",0.127230219
"441",-0.13799245404189,2.08826870641919,0.809886004343593,-0.0646625797099476,1.58134215864446,2.64609146974337,0.575173766553843,2.69568933841529,1.6370828562908,-0.105984046359577,0.831046360663028,2.57555016360166,2.95783996061716,-0.1074037970256,-0.0955339274883289,3.57611404010753,4.1602226719916,2.34884208045856,2.55413388275883,3.30487042509642,1.73568264123129,0.870571044240776,2.09311350476032,3.85732844604663,2.21976272152388,6.05064600667551,1.69648889441382,4.50397276552229,3.64314634816476,3.21844197922844,3.22697366294584,4.34445252977587,4.17591175318451,-0.0988353430950836,2.27158463897201,5.49915723238236,1.54895703114791,2.87293601925987,0.315900605946983,5.40625016466059,2.82277194585991,3.12118334553247,2.80046094526907,1.33909974862696,4.65635625983865,2.5965444122858,1.79983151101076,-0.123685071760345,0.2397115986216,5.4821314501669,4.1471682947656,2.80522116620747,2.60977726764257,1.65234279711046,2.88782850340807,5.13211366779433,0.700136274251728,0.700136274251728,0.158304108422398,0.189674050881058,0.97962027638268,-0.0951788570046966,0.92860537557681,5.99610697299368,-0.277381660339091,2.36151898969647,5.90092697778548,5.07083517417103,3.98181216683569,6.48806265286685,0.0664819761634111,3.73387176667699,4.6495812435625,3.39867569078071,0.691142601715291,2.33192899978664,4.97171881400966,1.27263200449875,1.68994488006415,0.381471629458827,2.81300595580174,2.6979987433273,0.216119760495763,3.39633723339337,3.11643793116568,0.149953260232887,"NCI",0.21939737
"442",-0.140196800023323,1.22774778687165,0.269657565293659,-0.129224589483851,1.52832013458217,1.06807336300458,0.152320337167162,2.76190577824903,0.642003023167439,-0.121959930587728,1.33999516486652,1.84810672605314,4.07691070784291,-0.218643387561818,-0.0970539751563605,3.35746516864973,0.0132588779259897,2.19160326212393,2.08478661978211,2.30304978467896,1.01325947101578,0.188702807652159,3.68713513105038,2.42907076790574,1.16631241358167,3.90625493698563,0.380595804525627,2.73796600217414,2.14787943659698,2.45372857403723,2.61282661069514,2.89175312035344,2.58376502693284,-0.0943077960141329,1.06850701100978,4.20968347517693,0.881769527537691,-0.0660832937024654,1.56912781124494,4.68217391661182,2.10445739673948,2.35046981707379,1.55311782275189,1.51823633264779,4.07313753643991,2.0576482755102,0.596065021911342,-0.122218110839625,0.461242023981857,4.1959103482311,2.58293698198832,2.52125032281512,1.67219763376093,1.26897820809266,2.32014010810777,4.27137205198871,1.40060618743801,1.40060618743801,0.145245168001175,-0.00654960074765154,1.91427474404794,-0.14290083243943,0.980334302761084,6.3732041961529,-0.290346092352816,0.548905387075945,6.45333960034374,5.048235202735,4.74586795934253,1.96075504156925,1.5410194614274,2.89935545044699,5.62804478948823,3.01794894260241,1.69244372239072,1.66638130130738,3.42261458940828,0.525788879691184,1.871196466085,0.532455974115471,2.66847857180938,1.06036288510716,0.204611212244276,0.259967574471242,2.51675419632149,2.69557963745658,"MCI",-0.054422585
"443",2.5793426173814,2.21726826298568,0.388472894901708,2.60146587892035,0.750421488228432,1.71967945222996,-0.00480360967159477,1.52200000464341,1.74262883318477,2.12701056879248,0.529616056204726,3.00763364075132,2.79363803675223,3.79205037499561,1.91696594002649,3.8043048428975,0.174290962838263,3.51458319383623,2.51000418958496,2.28736400452183,2.64366169892741,1.4220106904401,2.26397406276092,3.88194770525003,2.66907474726258,4.11228411261762,1.6268710603356,3.379290360374,3.40626858741135,3.35342125782618,2.62446523762072,4.16024618227057,4.06439367301923,1.88366562813982,1.33831117269898,4.46037259017543,2.41271830134043,3.48239114341228,0.519292059881439,6.00874023728516,2.00614582759607,2.35023600891604,3.39182071359345,1.69360480233009,4.59687075678466,0.146826481208847,0.167842115200345,2.11565519635588,0.830408637168863,5.50299450015314,4.1683818336886,-0.0283012036375523,2.57039953658657,1.94337739761772,3.47420539235239,5.60696854367147,1.71768871003229,1.71768871003229,2.06103606658644,0.0230931393562233,0.427833167846518,0.178381401726313,1.9853957048177,7.87717820622031,0.810599842535117,-0.228085661706473,6.9842833829911,0.749044339266526,4.75924036417635,1.50268517805403,1.97630290991224,2.42693370430807,5.65560729902899,5.75133963514191,0.0951121321016803,3.41613874779131,5.15900394636154,2.00238552881662,0.250643883925508,2.36655203659249,2.58120849260325,2.25457484378702,2.79469666547168,3.53253907128699,0.0132708750493539,1.17641965699828,"AD",-0.665552623
"444",2.05663409500433,1.37413341211686,-0.0045971737365289,1.94562214749267,0.0219608052939229,0.924651343036936,0.000524510026279068,1.43353092184173,0.87333769653019,1.91243991373446,0.550141754762967,1.82989202788069,3.83869500653841,3.70772658500664,1.57807805328548,3.00537034781188,0.492368641213845,3.64142881499673,1.93907651574271,2.35108001659016,1.14269906195331,1.56769360050749,3.95911145358832,1.42082925809546,0.887899796440698,6.45781018205474,0.382118916984826,3.64109671812788,2.34255068775635,1.90107491940116,1.68198970784294,2.13965403172348,1.94715263626638,1.50026529353399,-0.246390697981863,3.69890085830983,1.03756656843763,3.93155598914738,0.340930411615498,4.91879492930414,0.0759035559467378,1.09726401220911,1.08521881978653,1.54192625456001,4.14276052504787,0.0187862016121355,0.00275846561990312,1.86567418086198,0.224975415492785,5.08228886447029,2.60232148490771,0.484112662863469,2.30372107779058,1.35976999538469,2.72227664686294,4.45144683170956,0.783196830483876,0.783196830483876,0.312398264678001,0.165821502083863,0.508031771294837,0.0282087104349342,0.716452382189781,6.73571960694678,0.242325464852246,1.89940936286002,0.362025849634018,0.570124455789909,0.0437979702617888,6.47020386654474,0.201557292933319,3.63228075612081,-0.305864566504514,1.25965062878296,1.97810268766286,1.88148616330208,3.77903054422033,1.57542920254448,2.11740526147764,0.780032950051471,2.49036766961736,1.6528333180684,0.471970820348384,3.71965590945287,0.124689068305182,2.61367044330298,"NCI",0.290926795
"445",2.38328280892678,0.785030508507578,0.156164076462392,2.03082587272014,0.701770333940674,1.17381509942439,0.0583255618867352,2.38502783136559,0.452234982977617,2.16481932749229,0.104298237187378,1.87214560698635,3.86478691904257,4.06366701284014,1.8768950573672,3.27309000108956,0.112301793606052,3.04717842870699,1.69074987173446,2.11759058399158,0.979151500042747,0.106366298631772,3.73858201071688,2.40411978417459,1.20178387075117,4.1915152989502,0.470171719753644,2.60014558208527,2.09684083657758,1.90918168012722,2.41165135942077,2.85858991344462,2.76845369501454,1.76838576709241,1.76453484193015,3.64419097138353,0.612466507053684,3.78366623654987,0.424590346264084,5.16699073167489,1.95281321737619,1.04342325134855,1.22307521193398,1.41386539421245,4.46744090605638,0.381886246567864,1.32325399167527,2.2102277188209,0.538348334463187,4.06074528009842,3.27180107859446,1.86963664749451,3.79895116085144,1.20628509849566,2.24176301456136,5.39608765603471,2.64732895270899,2.64732895270899,2.23491202361318,0.243159055371534,1.07046251127792,0.0405644672956533,0.651538489711962,5.2051813895369,0.929784591910714,1.93835182790725,5.99512591472077,0.436361396791355,4.32034552470758,5.68807727585058,0.490419255235959,0.397677737374607,5.33805412667986,5.33947031516966,1.87486683544033,1.67216299191174,5.4223768175289,1.0476577799179,1.56274874938819,0.652171444223188,2.9035621090697,2.04273725901472,0.449187060578447,3.62833920298352,0.0649409247506663,1.41796372688095,"MCI",-0.614760364
"446",2.04797109004765,1.73432393764558,1.30168636072135,1.92789294129342,0.425610916924186,3.08512789279355,1.33097354222141,2.86411197122473,1.50349355166887,2.52691700299492,2.85037887910217,3.59693646026321,2.84931064832074,4.49210575186515,2.02792344595253,3.33715589286725,0.413759197433241,1.66577608085245,3.81033625935656,3.80824221997638,2.86569277283627,0.199113780515138,2.30041686566275,2.59461947570935,2.4602867556712,6.30317734312513,2.14137405573274,2.94877533020667,5.26579534612329,4.56128330975488,2.73949331059769,3.03823042712979,2.96886040833314,2.1444436436413,1.95476124970323,2.86587809023757,3.05379673141371,4.31230228611001,1.97934584069328,6.06015081579442,2.53224548177564,2.89610379151093,4.21327219384475,0.647210069071002,5.08032176640075,2.889007776393,0.367114233921653,2.49159274497242,0.693511742572597,3.58935193409023,4.15002822750996,1.7794108514928,2.00068908896839,2.56184194302986,3.0949717719551,5.69763879778363,0.0807648950355021,0.0807648950355021,1.406440823002,-0.0680442034971538,2.63195957704636,0.0353379834935418,2.27548358776438,6.88708880908287,1.36874893541965,2.55394262934234,1.3812028338908,0.561085659393347,4.09749380979235,6.60951650881033,1.86373523023355,3.36075863148566,4.70290474218063,3.67506561044097,1.77640729540364,4.40788285748981,4.72470069465767,2.5055761840293,1.12133958895604,2.48548972878705,0.767508164650215,1.69729801956732,0.923286269568758,3.70386477873848,2.90224899599088,0.8979200971621,"NCI",0.00174709
"447",2.47454735397796,1.53810627099074,0.490983017991025,2.73894798414988,2.65063674478705,3.31790265398132,0.437496448697338,2.45768573320969,1.59372672145738,2.28370196982083,0.842918852468554,3.60747671630273,2.00013275128358,3.77035109572344,1.83506750831629,4.75788376344586,2.6179065906808,2.28201391841066,4.5155822061641,3.39410941679702,2.32478052175105,1.90037393580267,1.58811263355589,3.26572805598318,2.69929877707983,4.21473014191193,0.698849087268934,2.5139409978099,4.61249333667892,3.82500474466,3.67256546017413,3.83774846450497,3.80256214027033,1.7469200285029,0.223649379013171,4.40998267732251,2.88800435055893,3.53110024426536,0.1957994335675,4.68104880776789,2.71311078070826,2.04117349629632,3.9951402416887,1.55682915357022,4.49861961117525,0.197982824929335,1.13060756890738,2.09881744596822,0.77164633343088,5.92430026893945,2.47348170219396,1.81688240699256,1.61796278275772,2.87463860302107,1.73536529475757,4.57307155200172,0.602837331405422,0.602837331405422,0.984123653211898,0.301484404997431,0.632784158443955,1.22487953546043,1.69056818014934,6.74482432274745,1.24042611016218,2.47261646978996,5.89753624567834,0.513771401908052,4.43104489073693,6.36006198770725,0.132256401952677,2.91012832640386,5.35817150383155,5.6016457101515,0.592265951548736,3.56440209981539,3.45606913002741,2.03758496460196,0.0188822491746854,0.8769860344799,3.22703075314088,1.78692652409833,0.140382183248494,4.70573759338669,0.0160415345219569,2.13151785292309,"AD",-3.100371135
"448",-0.0348502799441609,1.32830334564122,0.49944282819892,-0.0379040417411903,1.42255806746059,1.44011927728289,0.271817247176404,2.23789222609266,0.499605002587134,-0.00383051470115192,0.67121524178074,1.81970222545333,2.36909803974941,0.0177875068299342,-0.0256369184674275,3.03067524635625,3.83755121184824,1.81142051852551,2.03080321574235,3.55868721812717,1.49323458387085,0.0461691039807863,2.55101567903749,1.94409108359207,1.71241629392816,4.27250256035558,0.249284132418827,3.6599387926095,2.76220815053038,2.99152072833348,1.6927376899466,2.59970981409954,2.84213213422558,-0.0454720876314101,1.25654382992986,3.76345600622532,0.805279590588622,0.929141299179209,0.279023832360375,6.41516938682227,3.33190857052089,0.723447907047592,1.8804057508839,0.375262430068536,4.6016317636896,0.0475891416955585,1.94283310251639,-0.0284245229323239,0.536248493847868,4.30246163659373,3.29680501846608,0.3130999449936,1.06745885957424,1.34882394247073,2.31725880769043,5.9253846672954,0.919924971623306,0.919924971623306,1.56928515655409,0.428569880890754,1.06828989487837,0.0282087104349342,1.52348110008109,-0.481489564315755,0.777192505743346,0.317646300249236,6.70552459226988,4.82561882513191,4.35151632510423,2.51895391333118,0.234969246061723,3.12762756128753,5.6056721112329,5.61321370271576,0.37630265670644,2.31513897866906,5.45783030151208,0.99704358788061,-0.0538671228877533,1.36188959369319,2.28368422691761,2.66528764081095,0.471970820348384,0.372460749994331,3.00497034439806,-0.146016567232064,"NCI",-0.265970657
"449",0.178093464072762,0.864897455093777,0.644071402951527,0.168499914706289,0.64713929383405,2.12427074548322,0.0635599159359252,2.40541415107371,0.89057396389107,0.158552081562066,0.470855325673444,1.280635720721,3.76444561633367,0.287313868796722,0.130222856352972,3.56528244069506,-0.101224967172473,2.86378917817263,2.40725459252416,2.90205667333321,1.37212255726965,1.76660078993092,3.57311176247453,2.34035096109466,1.6445503245821,5.84921812950058,0.138973015641514,3.37648722378439,3.12296229950744,2.06471508283124,1.19939330181622,2.6718435799048,2.60945870155635,0.112211599350085,1.68465025338526,3.35536137963091,0.316951985398415,4.44147659022229,0.288935493633978,4.36753843666871,3.24567232031453,2.50348507734298,2.89915895709203,0.0737948063600828,3.807104777752,1.58822947077982,2.05466587401196,0.148258497821216,7.79565474179347,3.94008817264451,3.96013933479336,2.71482171175797,1.0312547367092,1.26033662078968,2.42626832221059,4.02969705425878,0.0411260605577115,0.0411260605577115,0.239477750754049,0.15254712115203,1.57428859467192,0.056076882094054,0.914221722468786,4.68519022247911,0.814303487605712,0.108481655993099,6.78853159404514,4.38987211690883,4.21147139569729,2.04000064142833,0.171169595293603,0.352145667749146,4.98967706240525,3.91581031315212,2.01784381928513,1.44488212480955,3.28832384389965,1.99279375997388,1.52978531812435,0.693849665340768,2.58225523413245,2.10396326257372,0.42423393105824,0.380951125165748,-0.0102447246674167,2.72966097000307,"NCI",0.444134144
"450",3.00575304010226,1.76222499655961,0.313435036300293,2.70983021353529,1.12397197894202,2.25183577135505,0.00626443538370602,2.24686419245497,1.34853666161482,2.99044493591569,1.43931771053527,2.08293211221145,2.81696706116133,4.8359125000457,2.67677618607725,3.26338860365149,0.0447292599621671,3.08315367970708,2.53676572150343,2.26274347418212,0.971639274050676,1.74152626644017,2.88220764315055,3.25888058988042,1.1496161057391,5.87880110580323,0.991328687728287,2.36360550900396,2.85801099747343,3.15552971775314,1.67307322356156,3.76245552201832,3.62549502216197,2.5762740079344,1.72819981318026,3.86165510690709,1.16690864173188,3.36079740892596,1.5358428222565,7.22064613946933,2.55349890413926,1.26206255282126,1.95387452486292,0.457259533440374,5.3605123334611,0.0666045325409591,2.24009324181934,3.07360011457737,1.23503991154253,4.16213716555219,2.6355980424003,2.00300019027819,3.035606491009,1.27678299619361,2.08867158462995,6.91090844247444,1.76168914713565,1.76168914713565,-0.0348374770067992,0.369864340650095,2.75955886805974,0.021444341093927,2.49002311227405,6.74619916112358,1.1628941897224,2.21217553120265,6.22770323300796,-0.180060231529922,3.72456526103828,6.15148665473899,0.22093816443749,3.83126174671725,4.22681860158493,3.55672538406121,1.93953635066356,2.77170441957844,6.57105810108599,1.99711549032757,1.48838867088925,1.61133708950822,0.488763484083804,2.18713280716041,0.130074048746944,4.63210752057401,0.0802432069139015,0.586864468431435,"NCI",0.320225719
"451",-0.0428609841211256,1.78753081098766,0.0574493591426694,-0.0370558378455588,1.37010995750464,3.89675845981262,3.80598858005919,1.13796350842871,3.29540361678819,0.0481598591669395,0.186701862439526,3.76020357137272,1.77060704836423,-0.0784291432093116,-0.034359764888804,5.17109637562972,0.0796626976533186,2.36399368211121,3.12970011734201,3.39782376162001,3.09236275291338,-0.00138585978548456,1.39416174337589,4.32172923547427,3.27524450996967,4.08568355414561,3.59368740319963,1.24047676290446,3.58782197316128,3.99893574327817,3.76891859353541,4.92571797538345,4.65807506334279,0.0126862184563804,1.65937149040266,4.91938311122702,3.49800352698564,3.78417079567348,0.509368123063707,4.03451910125094,1.90350641249436,1.57616301877836,3.2911476229731,0.454663523559855,6.12455518605853,0.326217554502531,1.45337249551066,-0.0361625672150933,0.586072162378506,6.96652654295582,4.700746618313,0.308095939756252,3.01950476417657,3.14463254009434,1.8490688045317,3.84256920298714,1.13640886773195,1.13640886773195,1.69150554279094,0.180110115807005,1.33858715287042,0.105878951303689,1.85124403701492,6.45483270064703,0.706374912815684,0.229101101523222,7.11198807326457,4.96746984522518,4.51118743946026,2.07946983842648,0.11256907492248,3.61127245141303,5.42609042240298,5.4603479471406,0.410701623155977,3.560575513307,2.67758745932882,1.03431684057787,1.13377446545275,0.842754391000791,3.15051906563685,1.75789246488536,0.322031251268873,4.42532883634141,0.135509062871517,0.129924318103918,"AD",-2.299125312
"452",3.19939045998214,1.81726039530575,0.58949742102865,3.40678234711018,1.26214518178218,1.45432052032813,0.500928266826005,2.92947189816996,0.99544798516302,2.86975437537015,1.33361954633233,2.72121410878988,2.53922296930154,5.10714413405782,2.50602294798889,3.66984632951,4.3992021211687,3.91937281922128,2.23030028503885,3.30546397077139,2.81835087781978,1.60505431950043,2.12285259152438,3.2903370666492,3.07921712256515,5.71314069777079,1.06059454626222,2.90717103640753,3.49634292411265,3.49017820310704,3.45086049547107,3.76485737222714,3.5804670150997,2.77347060515711,1.06804259496029,5.59852494356583,2.5649656420272,3.17883763635394,0.580283149978917,6.28101318580362,3.46953482238287,1.1040567719633,1.9762445524065,1.68757182995912,5.87354616750899,0.120859094222359,0.62462704538224,3.31527087028189,0.419486068320206,6.71618033641071,3.418597964585,1.66145577776187,3.87146984668109,2.16617330821349,2.02731816870754,5.84869207431917,2.34813722427641,2.34813722427641,2.58564070792765,2.30976991149952,1.52030708338519,0.0726173400210878,1.29132369093282,7.94218493388504,0.411889027594202,2.81615167069687,0.447022426747021,-0.579399965172277,4.00431667410437,6.94355153135338,0.0640502928017641,3.26427121043535,4.64230560801089,3.77325596779911,0.00450221273943718,2.78144915601314,5.63040568923822,1.79366058052872,2.14968612257811,1.49367917695968,2.39993883058802,4.31145701727407,0.42423393105824,4.38643552411092,2.91221268503797,0.0609468482572579,"NCI",0.188944233
"453",2.4104623577316,2.48488373676573,2.02295875128245,2.06917028399355,2.54698699969636,4.55997986466971,3.37781643300594,1.46439232262163,2.79180596299328,2.24470944002694,2.58814367944,4.66162833171267,3.72072550813912,3.86770549831144,1.95040053423247,5.31053695747532,0.768271040657085,1.44391180902688,3.84392254941078,2.52547974464194,3.2276468578607,1.55145346632638,3.36181505818341,3.95767947710021,2.60715927296452,6.34834616385326,2.53804722911081,3.91964262762138,4.9573525748971,4.42493755603303,3.67676993244481,4.63332139968329,4.43472744620193,1.79142442827241,0.327738103753556,3.407984410663,3.98588886472694,3.53682722575365,2.03127951764639,5.80886969560536,1.37480417814239,1.57703115454054,5.76972078225274,0.39906692202387,3.54660571546275,0.162088327491164,1.47387601963036,2.16997097040449,0.127670904293299,5.35678899258933,4.57715066339967,1.65762512623935,0.474898466144271,3.30545070893756,2.77466501289514,5.32208597140263,1.21772488102398,1.21772488102398,0.502021583769494,2.48770500886562,0.866716308767308,0.0353379834935418,3.19997503712878,6.15650100154215,0.672253714479101,2.73118878592906,1.03950891303203,0.0558651817470741,-0.126318500528129,6.58007662607564,0.139158551674802,3.38801827662151,-0.233048370348987,1.10111459231108,1.26043218497781,4.50670945126109,4.17508768742043,3.3073659143903,-0.0168372390800081,1.19889039386254,1.76496452133299,1.43250760900147,0.0468003812932072,2.14033031261729,-0.152362408345642,0.8979200971621,"NCI",-0.062428447
"454",0.176003513133547,1.3244634227119,2.2280205970589,0.172566697430394,1.12732866230249,2.36233315731578,0.0635599159359252,2.45595166515071,1.54353984135107,0.158552081562066,0.112544297478961,1.82280672891881,4.38654106743621,0.302587913374517,0.130222856352972,4.68670338459324,3.89600714192242,2.86093920653428,2.21053709411077,2.92912699107953,1.31312887235482,1.8185887491038,3.39712309369792,2.48937944134207,1.57110168908735,3.58917041246259,0.300785080427884,3.59210503176681,2.62759322337895,2.41391556154804,2.7253279688169,3.16263601743425,2.96803887695658,0.112211599350085,1.47122629353837,3.44546344587113,1.09214522926747,4.22032656141775,0.493842438699172,6.2459433632512,2.83389749394146,2.69571427094716,3.86265659594182,1.71929259322082,3.97463094728632,1.8452610544328,1.1781521920804,0.148258497821216,0.557882026867689,4.52192212459779,2.35279754489327,2.83135732597865,0.849499526304597,1.48572986866276,2.73064007078409,5.80570028694972,1.44429176462792,1.44429176462792,0.862077491678305,2.39959426399549,0.934064419577218,0.649040838207424,1.76642825912125,6.37875128385133,0.291087715262564,2.08412567184997,5.73745224602063,4.45938727400088,4.58087931112031,6.09217469390104,0.178564651227146,4.28735844978289,5.50287551272255,5.55286155003427,0.469685838990737,1.69553228524536,5.66424930218767,2.23389303461196,-0.225520022044273,0.365407585776574,3.21466392305827,1.83400649482644,0.42423393105824,3.08302541856778,2.39831349869976,2.47295443052991,"NCI",0.160846115
"455",2.67698909276255,1.22446091351115,0.652301669674515,2.62282858670044,0.681465754161567,2.17042440077443,0.756405797112474,1.09094488058086,1.37968134066227,2.61335170527302,0.365123716420509,2.6370496189451,2.58369196602041,4.00777256082131,2.25622118288703,3.92429389222771,0.154063219602125,2.70116263144264,2.66427552765837,2.70738842765132,1.189350208314,0.280109040849409,2.7464744798287,3.36600080529721,1.77933108014065,3.96405084184337,1.12289776195864,2.47069103359231,3.82455259813919,3.34302053551167,2.76018808517302,3.76096445432892,3.70976830892243,2.33901899243891,1.82789379787985,4.66822925481171,2.13719838983816,4.47331750779687,1.82374165915995,4.66497268098772,2.62935291303174,2.43404678197372,2.56525449959003,1.476168038052,4.82842642308943,0.206318871372246,1.3061078071237,2.70458216342407,0.441749925822151,5.23684873305198,4.44450874237365,1.82649268206873,2.16316861174096,1.72503390610614,2.28753165899273,4.49838120074678,-0.175116063192892,-0.175116063192892,0.111822540215927,0.247222084529578,1.11453970715225,-0.156863898412044,1.412172452907,6.33849767701888,0.591015041594633,0.497600437710258,6.57731884580162,0.7153568827876,4.54532160961498,2.33237941557398,0.220986036930261,4.08479856136592,5.42397443679712,5.581048305254,2.52380264257178,3.38139028566357,3.45493641577918,1.94195753121465,1.38844431680933,0.355798247639872,1.60044615061206,2.44709569139691,2.57073018871969,3.69343898856703,-0.0202098216700136,1.92079652588247,"AD",-1.532502645
"456",0.178226127566108,0.854137132341033,0.684522889187874,0.16359264722689,1.40613505214663,2.02520508280777,0.205785514387109,2.63575411541607,0.801860057526657,0.164931968827018,0.439895778926396,1.89500219519169,3.05088846590012,0.286651928557695,0.135243461906161,3.47097634482208,3.62743803692391,3.43271411024554,1.96139807172806,3.32685326285442,1.69180535239529,1.16829699081758,2.83370608950137,3.34212790680549,1.87733638817902,6.04410119733409,0.505780155253673,3.81756830608433,2.27706191239704,3.21877115983008,1.94704435446217,3.82451320823174,3.63607441311904,0.126487549611031,0.198631693333298,3.85380055365514,1.07240934816071,3.53427151455474,0.356365405967789,5.48087699934296,3.29265425653105,1.14963869361037,2.79989568736215,0.100303134008395,4.43796803975673,0.271840441782101,1.86142980703043,0.152967554163864,0.277379927589073,4.44412376990419,4.61043429651662,0.453846870576066,1.54367669762098,1.04068662276352,3.20960545873692,5.13850055984699,1.48192758648645,1.48192758648645,1.05572066509664,2.25327889825467,2.72809672074659,0.0570095106757151,2.27809807290429,5.34427333352407,0.705425382543345,2.40654159159012,5.73806988339192,4.70063502335507,4.2529102704095,6.17471765108825,0.184586069389431,3.84605447067319,4.93560519757031,3.98195740946621,2.0758552455019,2.50758273815355,4.73211659768266,1.90503803714073,1.2771322796453,0.908899945614253,0.479060979910779,2.48520540859362,0.394376919724701,3.22146588977857,3.43029472273344,1.98241010921996,"MCI",-1.687430483
"457",0.190543474974339,1.8305789161701,0.799910261407485,0.164974603093072,2.46516736693516,2.55897608698781,1.34470850447785,1.27527895422355,1.4530102682651,0.170773823119903,2.49296579448728,3.3298542371573,2.12619470476397,0.333316916713374,0.14077519271356,3.32595454784644,0.191877041834244,3.803033113249,2.85324426830128,3.48735256321168,2.72393423117727,0.00694019622088715,1.63452596686368,2.99398957210836,2.31960927897836,6.26425551633989,1.41046376966082,3.50069321830374,3.77029401089727,2.89848288480801,3.17178202988997,3.3766138917251,3.49608147677407,0.1327433349301,1.57651119082861,4.66541406012035,2.79187637073391,3.84838877331191,0.512391142248507,5.0709385132947,3.07305238622564,0.838022266895621,2.84256469422149,2.11915761565453,5.08758198522906,0.248308992508801,1.43638953589076,0.159156707886327,0.549001956104656,4.60373357395168,2.64054753923087,0.27677552734394,2.5679441135584,2.90747740272097,2.8775816228679,4.35916925653385,1.5672264626129,1.5672264626129,2.12049344170329,-0.0752095586847628,3.1237370737519,0.0787531925783111,2.19680120340393,6.73082938491987,0.764119392098132,2.06960660635305,5.78554508510057,4.84891583463893,0.704075876309692,6.3765088041709,0.0358947115812295,0.377129062210281,0.850699579983308,1.81850963391698,1.15839539724911,3.92839202655709,3.96367286994919,1.35817520192584,1.59381532555365,1.47647640542166,0.37611584719062,2.83891720490333,0.227745403328056,0.374795509978851,-0.00270605849996386,-0.00149988844388793,"AD",-1.150111405
"458",0.195859010796747,2.36108829199434,0.578017426662857,0.166662528408992,0.978258449025502,2.29677157725623,0.157993931593758,1.46541481169627,0.428843658172271,0.164931968827018,1.75119299075822,2.15372220090006,2.30540681091208,0.314076130218898,0.135243461906161,3.38618435542466,3.84398980796837,3.01710891448932,2.08787869735236,3.45060420498521,3.08044838244739,1.53163778659587,2.02863800112206,2.76430907327793,3.17863363932652,5.79668621863887,0.714253794585412,3.70562902800831,3.05723757245906,2.6617594648044,1.80058590841948,3.43429245779287,3.48320381414719,0.124231246759996,2.05236364092879,3.95171607958467,1.32747178872002,4.29782139953185,2.71759281988012,4.73201878296686,1.7496662754823,1.16277619450516,2.55792686171906,2.19740918120725,4.71319142250338,-0.0681204089238319,1.39293758127867,0.152967554163864,0.605913036010014,4.06490385602557,3.89349382834062,2.11281249566144,2.57639850396828,1.51525502245579,1.99267044878875,4.33206000602032,1.50437247534952,1.50437247534952,0.816095065912229,0.177407040891026,1.81627574137921,0.36447308706927,0.982931236915596,6.42792350322462,0.875900204891974,0.215205754301024,6.87751729034988,5.04149281178751,4.33483198534618,2.26782966779736,0.0969697284134098,3.87848867120474,4.6821806385965,2.87221959966647,0.542516861633521,2.92418005825637,3.51043386796982,1.70580496879378,-0.229948880300692,1.96335514687109,0.406417675073881,2.1784405026015,4.09990929382788,0.380205038993027,3.15749460915041,0.0498551480841518,"MCI",-0.373134126
"459",0.00898920488742849,1.9045813959406,0.721656572055147,0.0053007046057234,1.12946603210509,2.94595009458182,0.96024140980348,1.08533885062873,2.12993267793709,0.00984175381027386,0.584105321952848,3.52588317661536,2.3097799569656,0.105232182267708,0.00596621022715071,4.38850157479937,0.418683404451874,4.41653888710294,2.78903320141661,3.76266786131879,2.62536627221063,0.219081565139078,2.61976128264347,3.06184982498847,2.87002091257273,6.32000098132861,0.884757993486514,3.17309287293221,3.21032111536557,4.14271181440971,3.42530957295512,3.44831234694114,3.24035963806126,0.0140640428378962,1.47230903679201,4.60280312216012,3.10158705943305,4.33358045853667,0.235725418166172,6.18988996925777,2.91357160391813,2.02305990656929,3.80279942053652,0.234047383756261,4.98786124411227,0.401610500350183,1.90413707461426,0.00293723436174465,0.406795997364894,4.76680506816144,3.22920915455946,2.7031792324815,1.98272308802897,2.78227599363365,3.4150310063116,5.97644920108121,0.0807648950355021,0.0807648950355021,0.693852600718302,0.17003566695328,0.261867769999459,0.0353379834935418,2.0822838548971,5.69145957127986,0.102877514543123,2.70812688841313,0.696412235292135,4.89287639179401,3.9607554624558,6.48960807688374,0.266193837588455,3.26486240160572,4.94584470467532,3.0342806426323,1.08946577290308,2.44793284755166,6.0566691066171,2.89435082568353,-0.0168372390800081,0.0166581932691936,2.82514576633065,3.19650864420365,-0.387062891434848,1.59565402974186,-0.152362408345642,0.8979200971621,"NCI",-0.55847069
"460",0.1822086093842,3.20611470296631,0.917545438260614,0.190280281440008,1.39119991015865,3.55515130310792,0.518573077176635,1.96457101581002,2.88009361719188,0.170773823119903,2.38492758696814,3.87399342372699,1.27738964713957,0.30589271505217,0.2998356462536,4.77862296571414,4.68159901142595,4.24027635819067,3.37077482805752,4.04716431223652,4.16933886821659,1.6543856448672,0.471808337916614,3.88511154875824,4.17233380604522,6.04908902848296,1.47851962631311,0.921892254255922,4.92912336196252,4.78288761906439,3.30855118979385,4.41180845545469,4.24396086776357,0.1327433349301,1.39366377428632,5.00958916109837,3.10978501956391,3.42796029691053,0.661457570858481,6.20376757699008,2.36504809729277,1.43006379897603,4.3585766628315,0.508529980222692,6.16181418259683,0.146992348998745,-0.0918533911178374,0.159156707886327,0.974046622091251,5.62329016566474,3.60048066996734,2.21209237644794,4.41578627634597,2.71935375272145,2.47003906179442,5.89843286568298,2.1919307452371,2.1919307452371,3.82162666664586,2.56007751248213,0.99821982451458,0.0545244280718868,3.04611112851639,7.20472988834647,1.09554914611818,3.22336015697018,-0.507721961750669,5.02588495889603,0.711784525419325,7.1155858100192,0.392265670253842,2.55882743563246,0.858454816198595,1.4543240424964,2.6318733886084,4.1656077054177,5.70091910101025,3.19349992992408,-0.218446723263825,1.69759072013991,0.12147576865811,3.32045782172374,0.227745403328056,0.375808041953929,3.13486262257291,-0.00149988844388793,"AD",-1.444888517
"461",3.14568994014897,1.86983419250502,0.859047594791792,2.9884697953503,1.71768892350437,3.84702450455799,1.51205327126434,2.20889941335389,2.44101709507311,3.14326395391494,1.23365142409704,4.28396258545197,2.04965709488994,4.77029058485893,2.52019655650041,3.77761098599845,0.120338446234768,1.55729750411719,3.40471832164249,4.06722313664262,2.58216493729443,2.14496168799016,2.92719392231365,3.13170457459134,2.60326884637201,5.88758279614337,1.19493474369687,2.51880899254725,4.3467807152971,4.29580560125728,3.994992907426,3.64120935042094,3.54108395481548,2.50331624322352,1.78148625147234,4.64396874339726,3.65395497518972,3.64811703431696,0.230105220929758,6.25251309775464,3.28419140964844,3.10330149902034,4.04921253848346,2.07420034744939,4.34743067358479,2.22349155844701,1.69343868955796,3.11410260661433,-0.385631428457571,4.90714482344121,4.25323598600223,0.509952717085978,0.440040741390856,2.86705961807575,2.64348311237884,5.90026885954754,1.37151157576871,1.37151157576871,1.31131818676742,0.339842631823952,0.433211612995006,0.0272012746204602,2.41459382666672,6.42511511708636,0.388053066275232,1.97943085364813,6.1933057059257,-0.15462330626801,3.88667988039694,6.09377761521668,0.180108133372591,2.06857108507401,4.54131496565924,3.24709060811177,0.938893110469489,3.74300420306943,5.79498595519163,2.26840865579225,2.28488033436111,0.394365956843932,0.533183618652274,3.96253215441043,0.159702361319696,3.61713125200729,0.085848173951514,0.70709128997824,"AD",-2.452570242
"462",0.109004174038212,2.41620796576745,1.09506755395388,0.0962364692275152,1.03203873053699,2.03199984256663,0.374735849543665,2.42147637115078,1.10965224284867,0.099985182419848,1.72955732032105,2.86700286304214,1.73797603133139,0.197048575061927,0.0850666771768579,4.78318613607942,-0.156004568308258,1.89731067594761,2.70570336935455,4.27118517714389,3.76357167562777,1.67638346664812,2.60559103016715,3.09288177637346,3.93294770250654,3.75486181435984,1.02276632994763,2.04769577045515,3.65871596734436,3.89499614409128,2.91513394017715,3.7704055997074,3.60994073575061,0.0779587903969914,1.50367127552923,5.38157103097914,2.07373934926,3.39879246850591,0.43678245726419,5.59815093758625,2.15637866417393,1.09373367399018,4.42500620394677,1.66922193427128,4.93205416226863,0.263584445135625,0.387258413401177,0.101891749507961,0.175095817023861,4.87500651036729,5.24172718374144,0.185928937052487,3.1257703576762,2.56494778555839,2.00936655906628,5.25139393125389,1.85986516604656,1.85986516604656,1.90081298053165,0.229391422578987,2.6603339571651,1.86326881214884,2.38981529403845,6.88801046250149,1.46720869286185,0.0500887840809996,6.82715188786607,4.85606396087828,5.01997624023733,2.19307825246881,0.0375772150562446,1.61258279526685,5.8438323403681,5.30391537703927,1.97467554044085,3.25184387047265,4.94055299620049,2.66711976809035,1.76933497813948,1.42656180995461,1.61672653461838,2.64001530966404,2.43919138418705,0.434740209604659,0.127143645660767,0.70709128997824,"AD",-0.319021602
"463",3.09159754708756,2.99565707877144,0.815630580116912,3.08555000866278,1.43293130080945,4.80563011732338,2.0557612039623,2.38926147230973,2.31640083397302,3.21848016288576,0.587791908193013,3.97379299487294,2.34279236898895,5.04482459916828,2.60414663374605,3.44258331852116,4.63240610783665,2.7866217143516,3.24617765905,1.92583424155324,2.35916462172181,2.18563046519047,3.08334159465043,3.84935355423397,2.60101145276307,5.77041137873704,1.73449728738789,2.70697436877244,4.15693070670138,3.67482470419688,3.77480915617017,4.20659016165422,4.13471408899669,2.68027383736106,2.37895889481843,4.94020314252451,3.50121909466594,4.2043859064586,1.31380923339745,6.11411472240114,2.75308651714925,3.06367510280575,2.74685092217823,1.53614044994225,4.76122039012103,2.21266338393028,1.53637101847827,2.68306825587054,0.927836605298576,4.91631805500695,2.82506583322093,2.10179845761892,1.6037141071038,3.519089390631,2.27183520149292,5.73608716508307,0.0293791596594455,0.0293791596594455,1.78293179775578,0.0784442439229872,2.15727469087779,0.0599487493400238,1.66800421954267,6.78468667216667,0.554478139819687,2.35452830778726,5.93239005345706,-0.636593115946484,4.0992546246436,6.23680791933968,0.140212985206972,3.69510060018132,4.804199703707,3.88502575813894,0.776565315813885,3.48834016864427,5.57704198492047,1.52415506458294,1.74423307616759,0.61694505480732,1.67672259237704,3.34962513925237,0.394376919724701,3.78727377344644,2.92627011179647,2.17396073096399,"MCI",-1.181196418
"464",2.35712925253779,2.33112551243165,0.658236560983105,2.10102501606351,1.91682822786223,3.07607097618627,2.1909358434915,2.43652501705823,1.09495427595056,2.25981006148076,2.56806361361438,3.21282698840666,4.07665953345138,3.98625407168452,1.76398055311793,2.8813445801186,3.65237688008226,4.13354498530738,2.56782373059646,3.41083268786213,2.79844399028727,0.0326792284820061,4.2616134376702,2.98778261807484,2.76392301674156,6.64487262988885,1.69587513755365,3.96780467997251,3.0084315778829,3.79528248361171,2.84204807722528,3.40459660401023,3.15476613666926,1.5320680617015,2.38471618253606,3.50359790754442,2.27374507622702,3.67773544073845,0.256383016814469,6.57591072863024,4.3024460330347,2.94436246542297,3.6398781349066,2.18046833566833,4.98216910864278,2.46940833320184,1.67557520769845,2.37751973399007,0.59842915456763,3.9734429606861,4.3712750294512,0.294301389959822,2.07691096480674,2.94697276909249,3.27038276945229,6.07476234587975,-0.139106466104553,-0.139106466104553,0.312398264678001,0.234764886877767,2.02347419024322,0.0978932865544481,0.927817974320542,5.40032033391417,0.495754304379254,2.12447186793635,5.81312585947997,0.578085587779587,-0.504438572892376,5.85264036021307,2.04293191790352,4.00006615983676,-0.663173504184955,1.24113617088222,1.76370030481801,3.41541733594846,5.52567837297051,1.52466225387493,-0.0538671228877533,1.21480791932376,3.46491421645721,1.94278301172837,0.471970820348384,0.371457846508864,0.106691301216179,1.87549804873268,"NCI",-0.317821228
"465",0.176003513133547,2.49134124137151,0.651335433901642,0.167480692442631,3.37838511199547,4.34974027219526,1.46756942076331,1.04227840232368,0.646988787460095,0.171490723550061,3.20577382035408,3.48980190159314,3.4822475816554,0.440959514187493,0.130222856352972,2.97158130757498,0.242677055822127,3.58299561854954,3.04126662864003,4.12120781740147,4.45484139124678,1.79436158451747,3.06671267850191,4.06331715278145,4.07682156117155,5.76301008166074,1.90140068252092,4.37605246194602,3.66499516759791,4.26566994016871,3.14678312038685,4.70100236312531,4.34565535588954,0.112211599350085,2.59304451181679,3.2130424436169,2.41474521714032,4.56314565395653,0.409478204155175,5.14809102105977,2.84702680178062,3.08253688848071,3.43690935229197,1.79643164946655,5.02413290372834,2.43280864220516,0.941820306202506,0.148258497821216,0.89057757403928,3.80458460837839,2.87237110950506,2.9121580733464,2.25462258492924,1.95273869224336,2.30949110259721,4.37201332374346,1.66966512086714,1.66966512086714,1.06745769066093,0.191853243407746,1.91553867015507,0.056076882094054,1.79054969002168,6.69740097998658,0.551046949327119,0.372418978702572,6.65315953908596,4.57205604680863,4.19050148453883,2.4705053856554,2.97604216961346,4.05699570152801,4.85246658484542,4.03061238262062,1.91611005005359,3.71775674373936,3.0835245672993,2.0026157406399,1.42791838897517,0.48106530684514,2.6520385014383,2.13599728964663,0.42423393105824,3.47405382692694,-0.0102447246674167,0.0609468482572579,"NCI",-0.186235784
"466",1.90727969046555,0.772344292113856,-0.021608149349708,2.41596959140533,0.6319851110752,0.925045133096233,0.633534343459518,1.60510561071009,2.4805708170133,2.01436051923249,1.63146267764526,2.2860535705062,2.93318148866306,3.58578925671731,1.69718479858972,3.90249693015954,2.75709070687959,2.35752272450862,2.59811827392052,1.40344468308693,1.41938635347206,1.56225995342181,2.09357300730406,2.49473704972787,1.67719139850308,3.96962847382304,1.06512491576508,3.36030337261661,3.13132171953823,2.04098382420365,2.61703880862264,3.21169712946868,3.29323475296996,1.82598135107008,2.23336332117415,4.09697141532588,1.67937427440064,3.28515736904989,1.84080520668487,4.34873101737882,2.30490972316402,1.19115674350109,1.41731153569108,2.03688008382759,5.20338759553395,0.144638963868337,1.78338163645201,1.72538641156608,0.574686671724425,5.48652442943528,3.75451230340836,2.05335573442729,3.07336403706159,1.65737302944698,1.88113803586958,3.9353542107126,-0.0804838149291184,-0.0804838149291184,1.1961625165888,2.1654048141495,1.09811256533308,0.049343278789396,0.465760977381586,6.81872110963246,0.732825339300184,1.86527117051541,6.08526946789207,0.732738272064833,4.20595277550399,6.00347301170841,2.10112845214918,3.93334096517566,5.22732231562902,5.51218892354236,2.51530532549518,2.30237300479976,3.23383549701961,0.874379041995125,0.250643883925508,1.63852071297215,1.20441986994668,1.7353827623294,1.40565201268645,4.01949561926337,0.111992722935919,1.17641965699828,"AD",-2.163838963
"467",-0.0742393726602785,1.70458074239701,0.798596891688776,-0.0601912107522822,1.00805564427077,1.91032409959066,0.054232939467017,2.80009724556612,0.685665221199764,-0.0905460648689318,0.777125120538029,2.12964202915693,3.4669733470678,-0.0375734484606598,-0.0987287720359169,3.12414888291366,0.0102816029674067,4.16049997577565,2.36636624512158,3.755518430675,1.0995408633519,1.62485441302038,2.60707427610549,2.16801457276012,0.827413664913359,4.14753291697867,0.83626447930742,3.86212820199916,3.1819855880831,2.84160754858983,1.57109455146692,2.71758811258829,2.66124211909611,0.0472269457531419,1.52847787059859,3.00382177711445,1.22074073351994,3.66106896552677,0.391251678976484,7.06607070214177,4.04852138988771,2.39235082593929,2.47503745390469,1.82089831644338,4.98439252275239,2.03497679434913,1.97134633295018,-0.120290071338173,0.282393195201162,4.26077100284048,4.4850693928945,2.20260427307676,2.740805613793,1.67239217667865,1.94653454584122,6.56861537073933,1.2740699498383,1.2740699498383,1.98471395689247,0.19070799145713,0.432178058595416,0.622840645125617,2.25552778341221,6.52369264721495,1.1868812508125,2.42776432653109,5.79679463184557,5.28758216837573,4.34996798426806,6.32650367600376,1.62785728279337,3.9691552949734,5.46282984741006,5.68698483464396,0.866257882681212,2.96053826266464,5.97039176768149,1.86141832243826,0.0188822491746854,2.08743184413437,0.196640296611831,2.37175536366933,0.140382183248494,3.68972103573579,3.09839042046053,0.111005529564437,"AD",-3.06020904
"468",2.2304115940226,0.688259595928524,0.883129997633343,2.18929771655873,0.520568318390317,1.25917857384134,0.150633452622688,3.03312433559832,0.790188269926097,2.13050811529916,0.21220635805604,1.76045166999861,4.22205627570043,3.67919784166133,1.72046816192297,2.9398791496572,3.84495104104476,1.94024133247867,1.49636263687836,1.50555525994229,0.569826013777213,1.79121922006052,4.16593941456448,2.37744966817147,0.667853046672945,5.66594260704703,0.102470766822203,2.65736851924505,1.86781662461799,2.01783769901123,2.35444813816191,2.76550584565337,2.65547745971272,1.49207546442416,1.97444211744152,4.00159839296896,0.678254818098983,3.37061471351869,1.21841956319247,4.96863315981903,2.39062253015487,1.16108070588701,2.35503447355492,0.40757996535882,3.72679222180971,0.246654631291531,0.266181661790963,1.85028652001645,0.25867645643764,3.57580197110337,3.84376363586782,1.75951700318141,1.8299927577781,0.704619572118622,2.49813968658938,4.51484085915183,1.8816556726948,1.8816556726948,1.14290164545523,0.14443179386246,0.930341165003828,-0.00668296440481797,0.228720829336722,2.13277470437577,-0.188588673357294,1.26839006538051,2.58750509098454,0.351006924636671,3.28905228946289,5.55182612682431,1.31418684700153,3.67905040317225,3.63069525275063,2.7415033644485,2.10843871926038,0.757020205446142,3.99420397028845,1.46709672940976,1.79391452988176,0.206337307996755,3.01847459131056,2.03103057016274,-0.0126716639287383,1.51092312435906,2.61316181424717,4.4092460857625,"AD",-1.608860455
"469",-0.140196800023323,2.69008571949533,0.582040205096804,-0.129224589483851,2.57264942348938,3.03112568208889,0.980467758159083,3.26410300008779,0.890728319432417,-0.121959930587728,1.44918010332058,2.99117458113248,3.38011305303579,-0.173599233241627,-0.079669372432235,3.14477532229297,0.143585210644866,3.75644207531293,2.79154509939957,4.08206523539791,3.51568298836191,0.0822280773677126,2.93373722985372,3.23796478269208,3.86774520423286,4.15010546000565,1.01780678133839,2.89683487307622,3.36672218907272,4.05378271485608,3.6168453096118,3.79693942276813,3.68622358522112,-0.0943077960141329,0.150322045989169,4.51840802871117,2.55764103833565,3.32262110316862,0.238914448379967,6.06899678290602,2.75429400159656,1.24309731335974,2.62022343702592,1.95421237346688,4.7680006065983,0.0588739377264867,1.75863625195181,-0.122218110839625,0.338634707215302,4.84123115695939,3.06227992900469,0.309171105465631,2.05579501470338,1.80191587864716,2.94813710666602,5.66717128597561,2.2789792582218,2.2789792582218,1.7757099956364,-0.00654960074765154,0.473874803197857,-0.0916262935150112,1.65211579597155,6.36219137307711,0.690367937177171,0.437695721624539,6.59375097585206,5.31906390787496,4.54628133859844,2.22945042408276,0.0207533894133115,2.65274618749547,5.36286445272058,5.50174454452934,0.949576076213243,4.15037276325512,5.74617277598386,1.84372916868398,2.16612228743898,0.947562979385052,3.33481994234279,2.67597992413147,0.204611212244276,0.259967574471242,-0.0196825867737105,3.50104436498287,"MCI",-0.803863139
"470",0.105243880779742,2.73237728346737,0.439588217386,0.0986406641807056,0.692177452670598,1.0659756080752,0.190064097703264,2.37290405157167,0.484438800965071,0.121034422522184,0.709569945685288,2.3358563458056,2.87544488777068,0.217643962936685,0.0823870215553205,3.26840376296378,4.46621340224169,4.13941438860528,2.39907631916823,4.15033587912427,2.74511725534627,1.45942066840841,2.35590709112099,2.70301984216643,2.96591188849129,6.34567097587926,0.9062519644643,3.1418146155736,3.22205986331915,3.04304187919728,2.15514586090568,3.02909057220596,2.88079040907006,0.078920211081418,1.7129899611926,6.01117700782881,2.10641032523272,3.9613985080208,0.47985074091165,6.91485631089574,2.93631920773537,2.5171112711857,2.04401921612738,2.44730713876251,5.30906272277505,1.89442063034751,0.893349503491311,0.100560076896173,2.16421855389505,4.60297395850517,4.5850998742585,2.60589689293678,1.86469119002475,1.50103234127964,2.7275018954261,6.40949277612497,1.75966909034494,1.75966909034494,2.05873704286861,3.11007136505747,2.35939765700143,0.0599387072839961,1.25320501195437,6.81925579393773,1.75048413168011,2.09116875833754,6.07395212036861,4.94424860122317,1.15083374332153,6.04978546359845,0.13935103578175,-0.394300928621277,1.52800404085162,1.64501588698751,2.65806978521238,2.84727414643209,6.2910725485734,1.29909518274588,0.0300909269523079,0.910440128500829,2.07893878013612,3.02826232340432,0.134576158231387,2.93899452597712,0.236443514603927,0.608218984740984,"MCI",-0.62990102
"471",-0.0339564055821163,1.40010369826206,2.50081854100518,-0.00267652379936922,1.09663370283859,3.37674759536873,1.99237793103055,1.42027865587149,4.73110579727301,0.0372893066161778,1.37025397825542,4.12395356504349,3.3790916058553,0.0430628826086312,-0.0256369184674275,5.44489968426365,2.83336830983601,3.11562861940668,3.20048145192535,0.764440575719124,4.28775833396713,2.2831469888738,2.98216338421118,3.68306189447825,4.41760012895102,5.78069164233113,1.15889247341242,3.54582164511985,3.9236231445876,3.32790150932828,4.9916179649887,4.24164534094355,3.7592078174698,-0.0454720876314101,1.81822526101366,2.85064307270212,3.69728856632181,3.53432155935518,0.26314461193862,5.74817845473849,3.4580578383451,3.41947743721519,5.63809457670657,0.277828385074347,2.69013246722879,2.99149318176143,0.00275846561990312,-0.0284245229323239,0.630403266361217,7.67669590671277,2.78889396871254,2.22791178940727,1.06275369420101,3.16854441029338,1.61211699823796,5.51913790961708,1.1788701919245,1.1788701919245,1.23909795361737,3.28284731132509,1.4632612724821,0.0310227097212199,1.5422128566143,6.5695281337715,0.143331504496455,0.0130055907937596,6.58112029332806,4.54739480338352,4.28868676910479,1.724483658052,1.75109692619799,3.61770209469696,4.25759980728343,0.91398231629469,0.743999457798746,3.4995573166318,5.03843058401328,3.07388118346969,1.84930393402812,0.468795966907598,1.7682294804865,1.06522527394214,0.471970820348384,3.48886245659017,0.0945436743870222,-1.15008697317931,"NCI",0.332198575
"472",2.2894655215872,1.9821722403245,0.864478982330373,2.39462655868713,1.01542299157704,1.59906133088208,0.199583886408716,1.10769448578752,3.4602715861122,1.94254537024992,1.20547301497194,3.24439611492134,1.85384813398753,3.88106319547867,1.47776148851379,5.09784902210713,0.0238772777402541,3.27190762258262,2.31509426162789,2.3189893694494,2.28976276665796,-0.154294398153609,2.08869717953198,3.5333401132403,2.79166420774763,5.70552491176744,1.3837448885938,1.65770312273794,3.2175769088647,3.36507047872629,3.78012032982594,4.09014636525179,3.74523365387407,1.80416300949621,2.19347600444455,5.41080527055701,2.51059141057786,0.365830958307168,0.480462064961669,6.35571518321893,3.31276073012977,3.49589383104895,4.07455394759302,1.80687475385905,5.5308881840204,3.03183522876977,2.04408302896309,2.3027918248592,0.45683745481255,5.51102502474934,3.76766554702216,1.74058496763446,3.35313178996612,2.09927350037886,3.0663855055755,5.79605697920994,-0.0804838149291184,-0.0804838149291184,2.30031495529894,0.207981864987824,0.142051990816205,0.232951009676719,2.34998463338077,10.2966908916674,0.436022861015097,1.77031146016443,6.30100655309965,0.515589711805705,4.02844425290123,5.71658409997326,0.471584744737459,2.95807747937468,4.78670867950387,3.26655509910768,0.530443086492765,2.52105049215741,5.9436064789693,2.13088887071019,0.250643883925508,0.970087347573196,2.67222642901571,2.57020717243614,0.576388901814151,3.93017259135034,0.11590727018252,1.17641965699828,"AD",-1.627178604
"473",-0.100261240043468,2.43341184084049,0.830902107308342,-0.108972789420447,2.87883996147259,3.0565283024477,0.597227687928236,1.23725416761902,1.40918478361568,-0.118706077613125,1.99681002594951,3.174621548994,2.47205878054286,-0.214394794684797,-0.108310468554367,2.99356621978802,0.179797203738073,1.62968403110509,2.01400083232137,3.45782641689255,3.71844633827986,1.56628865517022,2.20886935042757,3.31723510845028,3.88406929809,6.19256316973884,1.09792080286574,3.23393634755717,2.85131476463961,3.42232557748002,2.85140786569702,3.82406365573413,3.57472670670812,-0.101449185538139,1.55276311452366,5.09719518606371,2.01567539809088,3.55122451408152,0.596399517919067,5.0804488573441,2.49667618277162,1.3125991137055,3.21679229955181,1.8381644350504,4.80011215297449,-0.00136258482939389,1.74551013675191,-0.126731919531931,0.659618146372854,4.56657731907613,4.49076509795682,1.96274564665654,3.25197900795192,1.82926171808109,2.48445939665162,4.6482028055622,1.27611961895365,1.27611961895365,0.925228641122826,2.050079503218,1.06187239148626,0.171115300580849,2.20276616982292,6.99735553538495,0.716994380799011,1.74148141484197,6.17312438299413,5.28593239282295,0.421384859945448,5.52783237131825,0.112581147428642,3.54176108332182,0.541434761685005,1.77571662485165,1.58700731299602,3.26689814313448,4.39619737596633,1.7561882247025,1.92317686099707,0.784946549631212,2.12903741157312,2.83405624429033,-0.211157503239858,3.6745798683008,0.0569459982633705,1.17641965699828,"AD",-1.772907691
"474",-0.121512487756576,2.29217036891176,0.838391679153606,-0.13025702699126,0.673423358593035,3.15206695316504,1.78054891727744,1.25194287510225,3.97676405142331,-0.126363026395354,1.345301666106,3.40738269832512,1.63939248175411,-0.0962146556536041,-0.0987287720359169,5.07626023728753,0.476194083276972,3.02207023504716,3.72263507008254,1.93675914236561,2.49291287461923,1.67503647704728,1.99161688060181,3.78528641696486,3.23930195237402,3.88008971960547,1.9859641236736,2.39644475052065,4.00261801354187,3.70132380265747,3.49107371905903,4.5543682214293,4.27682953101736,-0.0911014723481354,1.52395455241149,5.07975271886989,3.48287118047792,2.97701896669405,0.28441582892243,6.23847144554978,3.11151265116342,1.50582257192565,4.29553084755576,0.903204186836595,6.00428441111541,-0.0426397705010512,1.35968195982578,-0.0763729917162493,0.25118008370977,6.68820109005199,4.49851634674045,1.72009070990766,3.17426179068098,3.02259585251725,2.16473073178357,5.76750731403345,-0.175116063192892,-0.175116063192892,1.63852619460557,0.0568266824887106,1.99586696091424,0.878473545694973,1.67782752704108,6.52125200055896,0.941082388066671,0.245911795501695,6.50147510806241,5.03899699816269,4.40505980368885,2.73545357015607,1.52852946375486,2.59632633905753,5.31812498021364,5.47597043803602,2.07944081843905,3.81045740523358,5.73097057035601,1.17158384683924,1.32052345866731,1.27865560627023,2.01372185445539,1.96868322088812,0.140382183248494,4.28056268570053,-0.0202098216700136,0.111005529564437,"AD",-2.469655448
"475",0.178226127566108,1.16956965372985,1.38395829468593,0.16359264722689,0.349220285038684,0.900764083634273,0.0509043734128658,2.35945383030983,1.65599485325979,0.164931968827018,0.152668665781104,1.88168527391997,3.65933040327962,0.386431146931511,0.135243461906161,3.4876404161451,0.245318153955751,3.35668065023106,1.91232092223468,2.68560882686163,0.628551803817757,0.131016192323359,3.59046285151451,2.13442289267886,0.885124152757546,3.6751007337193,0.351546512840336,2.94316616286606,2.32625774171524,2.6855868353585,2.52886494022217,2.84145875927368,2.74893934227934,0.126487549611031,0.168009662309721,3.97818348463995,1.04005863914897,4.26201964335778,0.376788218510386,5.12802672245402,0.144478364190814,1.83932617270744,3.64248181161721,1.46922612756298,4.77370204268278,0.124465486366539,1.18884389787904,0.16775931616793,0.559367693005259,4.22729752534461,2.60478776475746,0.311325527636299,1.89292242322032,0.944377896798206,3.25681990582248,4.79301686661477,0.0293791596594455,0.0293791596594455,0.228344024160866,0.0647435311566373,0.774697422163421,0.0570095106757151,1.96014280012539,6.60020456753262,0.397270834839885,1.75505302890462,5.66388810853159,4.5479961893307,4.6993435922395,6.11892600212603,1.74953172754735,3.77246840565698,5.4936119593694,5.43323221978649,1.1931446867594,1.37642428232112,4.17932886301331,2.05853912924088,1.95451565700074,0.408516819668822,3.10155476742057,2.52092000603451,0.394376919724701,0.380205038993027,-0.028086799002319,1.6641994359586,"MCI",-0.547055276
"476",0.00898920488742849,2.12588719343759,0.907611400966192,0.0053007046057234,3.04070502928448,2.79772500252542,0.591347654181798,3.2250439373491,0.177953046166681,0.0262654092903173,1.0961545474288,2.70216225158264,2.72328802022015,0.137956070851326,0.00596621022715071,2.4055957672673,0.429265117144204,3.65119803979071,1.94934430253741,4.12860598413076,4.45230645718357,1.69962519876915,3.07449841018014,3.87275038963402,4.6759308193442,4.44955056970735,0.918439018071197,3.02081611519363,3.45792796568598,3.25824211988602,2.68924126189976,4.46388080516673,4.21821207545953,0.0140640428378962,0.275362324471215,4.04862092841856,1.49515277461718,4.41785957484079,1.78169630734821,6.23378457978173,2.73370347129728,1.17712195443398,2.02600770312675,1.69994933730894,4.644626375376,0.426279498407736,2.00064979172675,0.0189964959532584,0.0891908865572997,4.73054240814393,3.01244864101206,2.21981719718987,0.718411534840371,1.57569009105461,2.98747705070387,5.92031849208337,1.1458869402089,1.1458869402089,1.29156177265766,0.154834863308975,1.02569889532165,0.704154240084574,1.10018845952633,5.45944664932528,0.252707167543064,0.0822488399356576,6.87894674264775,4.95383730927368,4.4542889139495,2.02581638822025,0.0714917955501391,4.03980695013908,5.33154723405644,5.28881524085109,1.05133718115405,3.570230668735,5.35227996616355,1.4872449398039,-0.0168372390800081,0.855329261673251,2.73304656878096,2.7617466809748,0.10750621141915,3.39069641994144,-0.152362408345642,0.8979200971621,"NCI",-0.080733101
"477",0.0678493876035255,1.36579199736588,0.388167590247488,0.00768024842755477,1.05558089310035,1.63118001709871,-0.0322825038321682,2.79220908641499,0.461615006321528,0.0124538273434234,0.629183953858475,1.82189775059695,5.13024767299193,0.0146300541737574,0.00563112491843609,2.77418185315342,0.40099188092917,3.06719912336895,2.19419757790189,2.42821416565876,0.620291464430201,2.2035817738899,4.58187745550025,2.33001438137466,0.443440631888575,4.23323376749635,0.0928346084449931,4.56076323867711,2.62579584930225,2.84298029502497,2.29761888829805,2.91305366164432,2.76355782622356,0.00599214872033194,1.57703749348581,3.55616428593343,1.05321593505386,4.10351095781141,0.361222888079616,5.59801606451301,2.63605883814669,1.79627225683513,1.70946509588467,2.46599029006984,4.14828606253783,0.381287019899084,2.5489789136397,0.0168674130995266,0.500679387419144,3.76006103619768,2.44892759552499,0.172748160585618,2.53269114881284,1.74629441149118,2.37957709726075,5.42631720309422,1.71230853524745,1.71230853524745,1.1572331817654,2.18840301922552,0.887976877979564,3.45160269266084,0.617668819803548,5.75181342618004,0.0316744515387106,2.06246832949201,5.99513398039282,4.62120974714722,4.34019385970938,5.8223532915946,0.0345498405097578,3.99905065839664,5.15071440348222,5.01314692405773,0.880394190058718,1.39723696958141,5.21126618003151,1.30322617132441,1.86203315582911,0.54677881564896,1.19609330903166,2.09015679921733,0.174092662595614,3.38378824033887,2.73376894042644,1.01374715681126,"MCI",0.199553265
"478",-0.132764469563748,1.07157099055117,0.63584632430094,-0.108972789420447,1.59287952432411,0.857885266833772,0.156272085480681,1.43898053775514,0.823853956636908,-0.0731646320862142,0.716503213616311,2.19646640532202,3.47655529024293,-0.214394794684797,-0.0662552609614635,3.15154977022177,0.28076054449402,3.7891880213955,2.05035314578016,3.27049192425745,0.375860962390914,1.58528626114183,3.36721833710811,2.88887084620138,0.827778542590947,4.16356839308809,-0.0405107184392205,3.66792798971635,2.12330698540833,2.26160407857993,2.33535399080734,3.3060122471782,3.16504921390101,-0.101449185538139,0.617128898998043,3.81154633922906,0.780232645374797,3.4945446412778,0.627329553612042,5.27104101327919,2.4999052696776,2.39785360501937,1.24270553672285,0.370040001324753,4.34713167404048,1.91463899195012,0.167842115200345,-0.0728573890272959,1.06410735467098,4.00444708543783,2.44429126582936,2.56992391712478,2.2698321154231,1.53734468925696,3.35571131943329,4.87075771674533,1.40613211766817,1.40613211766817,1.67198965328882,0.238255573050663,2.29407497320448,0.203965445281965,1.56910810608537,7.07775871824437,0.619226667211162,2.16919863274872,5.87087847431493,5.58664639562052,4.44460733850745,5.91629177844725,0.982990870730623,3.78408984464658,5.3587912118958,5.63208130640367,0.291167472673087,1.82392653876188,4.24170564784959,2.01027256863947,0.250643883925508,1.41746280467804,3.72832308658434,2.64738162868298,-0.211157503239858,2.68646848004842,0.0132708750493539,1.17641965699828,"AD",-0.968618744
"479",2.64173794032808,2.25684932819186,0.720224746503943,2.47484200559703,1.02027202139168,2.41162755325593,0.21668827123673,1.09599874634665,0.767389914469469,2.53952971624023,0.109830414906919,2.21330257709523,4.17677320958186,4.23036512715632,2.23587504820778,3.07323973273349,4.04218124297727,2.32588813324217,2.34936043893201,2.7361595860759,1.66725200558283,2.24854041907124,2.99371620580583,2.97786801072377,1.89659229576077,4.12089618550053,0.745409811580211,2.83898319221315,3.13089079641069,2.72787116224001,2.19017157301474,3.26904877147853,3.14801574298428,2.13185787565065,1.47484426387372,4.19080343269336,1.48376119813385,4.46822332531721,0.358563649645993,5.28700971231479,2.76065772394386,3.34849996440971,1.87710884116971,0.55996313508843,4.77153077230456,2.07827214219518,1.29165022162204,2.56944369296803,0.569436028469571,4.20928166974385,4.42334222684184,1.8269978119927,1.76146012953012,1.12396093100907,2.62927217618169,4.73861637696565,1.80407837271834,1.80407837271834,1.32578846551594,0.149323786121669,2.31235839371615,0.0433506464788005,1.93507745670794,6.81000485876905,0.906767821771183,2.41195526749797,6.11603981287966,0.426404078896996,4.4929152669905,5.98664740681517,0.116229398141443,3.02875179756199,5.47255916107452,5.01903109843778,2.42257486832763,3.03754139857795,3.9923236971065,1.4193109287011,-0.0555547120283072,1.28047016695467,-0.482231024693453,2.81289172683248,0.449187060578447,3.86132598954426,3.0957457287235,1.77247241938628,"MCI",-0.128190914
"480",-0.079298420359705,3.01243314979529,1.2759519139292,-0.10729778888829,1.04613828729851,2.54683142100387,0.440533063837303,1.15995123267025,1.07486840744139,-0.12109560726291,0.577495015058344,3.05405482319166,3.00684161745403,-0.0172386622617946,-0.108238819896417,3.31909235123764,0.127052842379301,2.33301774060829,3.80900172435955,4.6020314243326,3.22345699781488,0.189273853406065,2.96943846143615,3.0428607509742,3.19689994663509,5.87990480121022,1.04171979271624,2.15103932524162,4.17569759834084,4.29316487224741,2.36457173878081,3.37610822957503,3.26612367864711,-0.0944894737336466,0.824867751721037,4.49826212698838,1.84064125983502,0.34453216223665,0.31863810865011,6.54653077304301,2.54875567532048,3.37214200290593,3.95386863462983,0.36899694442618,5.28277115059761,2.31332025578769,1.41347148916152,-0.120904892634144,1.25879793446793,3.79121189316526,5.27157256414854,1.92366928340999,2.63361612736464,2.2421279976374,2.05174254378961,6.36546188154935,1.54925024443171,1.54925024443171,2.33522126402753,0.0209287392647538,1.37668653877186,0.0285915896026019,2.26842800952727,6.64934993749637,0.801451059877753,2.39694837733499,0.945848518905312,5.10879770158755,4.01937371385947,6.6027770033842,1.99569810572906,2.45993467496593,5.00787795103702,3.79787898493639,0.384388519724663,3.799748180962,6.16865479213257,2.25946639052,1.9322328212608,0.486911613052317,1.90359894824908,3.29570406472889,2.33478390550622,-0.423880482262015,0.0422677023346252,0.986879193656174,"MCI",-1.938641679
"481",-0.0153885159612251,0.737331249865708,0.387665627768861,-0.036064338553281,0.177526343158148,1.27742738708618,0.0589814652402293,1.08884272435267,0.882846457171911,-0.0314174211957514,0.0985051956288621,2.19951820019488,4.13758810193865,0.0318142409941082,-0.0256369184674275,3.32912414843161,2.98277582849531,1.79341289418161,1.63823356286374,1.98967815066617,0.78331425449992,-0.0319164357425128,3.99973464693207,1.93615093761597,0.813147277847266,4.11122348651952,0.278090279147611,2.23042528830634,2.46258343669359,1.45688679978536,2.8198876396491,2.43352335839045,2.32408338869655,-0.0454720876314101,1.05255800275545,3.83280312730231,0.739174161086105,0.868124899596093,0.347149406003854,5.40614612794736,1.88478391446465,1.55516511326548,1.16331443111672,2.04801031400026,4.09627274892645,0.169463513138501,1.60869155177803,-0.0284245229323239,0.557637949338052,4.7393051644181,2.45198644959411,2.57229329945006,1.51951837651458,0.953501636740933,2.76764745678144,4.85416699766751,1.20850864070901,1.20850864070901,1.11905465565464,0.0898534936792377,1.00781397189365,0.0596175416814115,0.962499046412483,5.78232252582366,0.800007916062762,0.0130055907937596,6.70037073391218,5.03922357928268,4.62141465829338,1.77078336607954,0.221544430040307,3.83218385836295,5.24093114400019,5.08438948219072,1.00714231293333,0.57313702309557,4.53779734681403,0.99097267543189,-0.0538671228877533,0.560051547973135,0.373392105750937,2.38429400716104,0.471970820348384,3.97168333534096,0.0945436743870222,0.93637566472789,"NCI",0.089259034
"482",0.0129738780185404,3.96361349879019,2.61300599707596,0.0922334277739973,3.41575432129761,5.10716972104523,2.68193355079446,1.76356557954008,2.0330733752057,0.0124538273434234,2.6912287659223,3.8708000850826,1.5202753911948,0.122024398869166,0.00563112491843609,3.773366175197,3.60649830017213,1.8824973171172,2.72089007588134,2.99752786589511,4.31139375876861,0.0922560733585346,1.83581846100989,5.2878311543392,4.33401527416252,4.43954687198111,4.15813275051924,2.13488678834369,4.04838203389754,3.0893905331259,3.19565658832434,5.55788152109829,5.43053077969714,0.00599214872033194,1.23616085976675,4.38570733592942,3.4427888905374,2.68802325501893,0.796692646004461,5.93458554935949,3.50281443968325,3.9783344908741,4.47083958807991,1.92596558467819,5.77182291865202,0.375448285224839,1.74775949941661,0.0037999099350674,6.352548417211,5.11312598433156,4.02116050931502,2.37758935558019,3.44924363099623,2.81230213681411,2.12382364238003,5.6629053191768,0.953000818812499,0.953000818812499,2.27897243311304,0.212010656031369,0.467373192039169,0.0349177944974788,2.9356140892509,8.21327845667802,1.73452117972049,-0.185122378329262,7.08869842429797,4.953693636199,4.74386470395764,2.17404076630934,0.0664575276662345,1.88386210284941,5.43833774746035,5.40876831874864,0.128163815951386,7.14667833545199,5.22873170853061,1.60963700275709,-0.0144093146664662,0.891273279514163,2.54935779950977,1.79278386300667,1.23510550050753,4.53978410735204,3.70664127209711,1.01374715681126,"MCI",-0.787950776
"483",-0.0348502799441609,0.901808237811599,0.161042761822589,-0.027830860688901,-0.0426363108587491,1.17539226077308,0.0336061916415129,2.82822954917325,0.40615968323453,-0.0314174211957514,0.401119621386556,1.85842896621126,4.02638058902601,0.0925299882985284,-0.0256369184674275,2.97424493964188,0.841206375762681,3.83433781914316,1.79978948758969,3.11823104266005,1.06841880334135,0.00791339779016664,3.15975333263186,1.96729263010399,1.32806625530154,4.00386639607038,0.271591031677109,2.38902053989395,2.24577206655181,2.4234964735807,2.06802509695048,2.26388770450933,2.1745272964642,-0.0454720876314101,1.27284710118326,3.92526030544453,1.14943790180737,0.917757817223075,0.357941119354064,5.30614975250067,3.41274719130779,2.55266734301452,1.56322900710915,1.80409669617632,4.84634669281747,1.69726216790869,1.85682216254347,-0.0284245229323239,0.377591979275726,4.10839493808624,4.80244892196372,2.40457023824337,1.6414170056379,1.23192686723198,2.95453790241214,5.52701730388366,0.898723528742954,0.898723528742954,0.312398264678001,0.0898534936792377,1.49762644613645,2.97485390496615,0.86463047254393,5.69741194767374,0.334885800426011,0.326596338602733,6.97290149243069,5.20351494638933,4.36897646683935,1.70496305856501,1.99047435425794,3.26447512608487,5.25303428579951,5.45468388850709,1.81404498250539,1.8740507653784,4.95788988000646,1.25245241400524,-0.0538671228877533,1.21296381602089,2.85075903081428,2.57482887301238,0.471970820348384,3.54436060426994,3.35988837991872,1.91630232307556,"NCI",0.671407959
"484",0.176003513133547,1.81075886470828,0.730340940997731,0.172566697430394,1.29905848192718,1.97587072392761,0.199921253267902,1.11980314016889,1.03218533564417,0.171490723550061,1.53046385937996,2.34311372883987,4.03003699531393,0.327233735068873,0.130222856352972,3.22129839684346,0.191085173153671,2.6426447780726,2.30036505785662,3.72669558704947,2.40176172896993,0.0590021357261981,3.69144112171616,2.81122190854016,2.59532363335706,4.33526218391887,0.516008122127438,2.69049429515757,2.99093239533036,2.65703630493551,1.7822416406941,3.37902978055832,3.4253607996153,0.112211599350085,2.0438049719909,3.65286705667405,1.51107249396983,3.49726369710871,0.404554917750107,5.41328808938799,3.20186931249588,0.838978841584707,3.21026535686089,1.94851984568015,4.77575288757761,-0.0701983997110267,1.96202905849919,0.148258497821216,0.39195251496224,4.20525641671189,3.70386269229548,2.00135334581873,2.0446785220145,2.30641531692704,1.84942936082517,5.06686298282007,1.05242524615076,1.05242524615076,1.51038092399285,0.118562487925383,0.888814472689954,0.056076882094054,1.87478310219758,9.41947429630897,0.430367969964835,3.0956718236773,-0.874886159025206,4.87453526708023,4.45999105766675,6.95245354982338,0.135341716057902,3.04709471335028,5.35262420328512,5.59315603918924,2.1868337968898,3.02144387743748,3.84446064973968,1.7945641523843,1.78718342622172,1.16406964257518,0.446692989534784,2.03578639365433,0.42423393105824,2.94082553237819,-0.0102447246674167,0.0609468482572579,"NCI",-0.512743726
"485",2.78042770541572,2.0463475105919,1.7359994330426,2.29529185310121,2.2923937554244,3.52589326353429,0.120629225561323,2.75940854788257,1.76026310879479,2.46815305042944,1.12262365539834,2.98759275039562,4.26341861570302,4.4799541186251,2.05733461096828,4.38680549719922,0.496049049048786,3.72395971885216,4.28674456278141,2.90633589617485,2.21244316804945,0.11145689206593,3.61214757332834,3.06145630692407,2.54736103608223,4.36487562424822,0.202496526770329,4.34912604963607,3.4821496687797,4.15369491233803,2.88083647987759,3.69758442800512,3.40845029011754,1.86416702164055,0.506793889489462,3.01522199072492,2.04730862884973,3.57615812096415,0.50731392862221,5.03837298453079,3.17038115728937,2.36411035051909,4.56813427971218,0.132849900257011,4.38138773844411,0.413836332977153,2.1841647065827,2.7271120474024,0.561905915155013,4.23020649363172,3.91474522958837,2.78490884354671,2.7790795578865,2.0687145737486,2.14183343916578,4.59145617124464,1.13230876362712,1.13230876362712,1.0677197885116,2.39523907948996,1.29963529117882,1.0900385649852,1.69974155561636,5.30660508090045,0.664498059122386,1.9468211841354,6.17097051389084,0.0572482029786849,4.35121945498817,5.76338683288789,0.0325833790801116,4.05273058343887,5.40221637823424,5.07647770999079,0.719573833257326,2.6761532194896,4.16933954033338,3.04645852554002,0.980143727194231,0.388764537639571,0.761709348560464,2.45086827041167,1.84415043009344,-1.04754095332921,-0.0827462886625994,1.01374715681126,"MCI",-0.458995243
"486",-0.0840460350736532,2.14529310462468,0.834499367018257,0.0437631654926857,0.998997149957985,1.17527598858554,0.141189593919647,2.23253711098332,1.3367162225565,-0.0543137989940276,0.924083088145766,2.2093167185267,1.57989049905818,-0.225467360774952,-0.0987287720359169,3.95422942786561,3.81883224764795,2.42645732871342,2.27355380308339,3.64964099130203,1.04215246327358,0.0816047024563267,1.67583250611152,2.88462321287601,1.84053241229821,4.21712136139123,0.22655315427362,1.78525311625922,3.03613403728756,2.5269859124936,1.69897054692617,3.3742549031909,3.40524360100741,-0.0911014723481354,1.99610169696892,6.09595522447747,1.08142813890335,3.08052431622865,0.715601234099694,6.57549755013586,2.82475247817637,3.06783943816608,2.1965655643634,2.5963277972018,5.12594013546058,2.61536110222795,-0.00980776350732993,-0.0101828118549995,0.142374484471417,6.0828675601812,4.24751102100993,0.34343314680554,2.12023136166939,2.09071270194133,1.75619238146306,6.23377162314769,2.66766054272036,2.66766054272036,2.04050867950475,-0.00676048368132265,0.684309584572665,-0.156863898412044,2.27043415612362,7.39379548419672,0.355884513751225,3.23239125768813,0.332616844403367,5.72937163305054,4.7225117957057,7.32217116003584,0.181020436853621,3.23500448458625,5.53200770894775,5.66852512528179,0.261372424959675,2.23988873913255,6.10513614518729,1.34789883502399,0.0188822491746854,1.741480901228,1.33435381971317,2.91977247243575,0.140382183248494,3.38461700477627,-0.0202098216700136,0.111005529564437,"AD",-1.40085416
"487",-0.132764469563748,2.81549128208536,1.34955977499462,-0.0112547203894082,0.657313482946428,3.77021908567182,2.47115220607613,1.06582520087533,3.96386463572285,-0.118706077613125,0.692597945153072,4.03228123942076,1.7368293560427,-0.214394794684797,-0.108310468554367,6.2252660867504,0.398209890424879,4.24743515331396,4.06340416744295,3.31466852569935,3.61423717061285,0.282329733117334,1.56659250156923,3.56667181542609,3.25357127703816,5.78680469775552,0.843589709622797,1.61258535696934,4.31208906006192,5.01105096029782,3.98253589481441,3.82733496357111,3.55151547368605,-0.101449185538139,1.21683389125363,5.22981325886113,3.75701190961437,3.34705948145937,0.146450268683283,6.13401999611084,3.59185977868833,1.28032802597595,5.81146528418578,0.345934323458158,5.38602800862556,-0.00136258482939389,1.73641067381131,-0.126731919531931,1.24484757824471,5.06726403386868,4.62953271590458,2.66116390870065,3.282413332902,4.30383176601307,2.7735503477765,5.68793485453878,-0.0804838149291184,-0.0804838149291184,2.22183604953559,0.178171274333692,1.13855732558916,0.049343278789396,2.95166841058257,6.61521577951097,0.782490738517482,2.12965213956048,5.94081814381549,4.90466572996797,4.15401688446898,5.7524040321173,0.2881169222862,2.20330772341284,5.02966408028609,3.77760375406084,0.29041154372765,2.622424768445,5.45847335245146,3.97558970710961,0.250643883925508,0.301556627356721,1.59167834891621,3.63437164483229,-0.211157503239858,3.97328178245235,0.0132708750493539,1.17641965699828,"AD",-0.967885548
"488",-0.0321713326845282,2.19251232203186,0.930912973000205,-0.0379040417411903,1.50345050073294,3.51475148503441,0.0575832795139181,1.17352796402096,1.06708508855192,-0.0314174211957514,0.530770309603532,2.18901710895927,2.61620656470848,-0.0536704569833706,-0.0256369184674275,4.9166009182629,0.0265672545950129,3.19233845398232,2.2803438256284,3.25516993550995,2.35265655554054,2.0746869044238,2.65321432831054,3.84055296102299,2.6183043925161,6.22239122417599,0.363836184248007,3.3096818540018,3.3693272491405,2.77694408172488,2.28261927771072,4.48332120226764,4.27898559852929,-0.0454720876314101,1.39470516249757,5.22525720569263,1.40364154293921,4.11764438714315,0.397779294430318,5.91868924398056,3.03768479859053,1.28740099896747,4.34194401598067,2.1679068240853,5.57365399464157,-0.06246148630717,1.63359063041572,-0.0284245229323239,0.555870307607542,4.49100092154789,3.05690798592104,1.76393914560912,2.67650034059132,1.42739638589213,2.85015496569561,5.40576801394468,1.49571644862289,1.49571644862289,1.24350432206009,0.0898534936792377,0.370234765531416,2.81084573997532,1.59626750548919,6.12619902889193,0.638578327491364,2.25621066208895,6.00843389159335,5.04167069817425,3.82582321310408,6.02238237875469,0.290497193003797,0.395039710258774,4.53609260305943,3.33467110717799,0.963266805104414,1.91562016137896,5.12655975935379,1.42597828261354,1.3981013993109,0.778231551021404,1.92235009740295,2.03303283321844,0.471970820348384,4.32415846203085,0.0945436743870222,2.59615513120121,"NCI",0.942798467
"489",3.44391388264085,0.885963576608063,0.432824135611382,3.00084708638727,0.563863212333541,1.5410970121713,0.0844065216008679,2.44973162152959,0.758655021429563,3.21548759067906,0.74523333142827,1.91237981040633,3.66674650904085,5.22892828268689,2.76790164085805,3.14357974446644,4.15160572888485,2.4210721155156,1.86844626500456,2.13691734149321,0.736718424366977,1.69383396598094,4.17840650270178,2.30215332036978,0.926070681334937,3.53601630153919,0.432262920021388,1.9747905759957,2.42581921635939,2.11225875342366,1.9116993501187,2.6898849928371,2.76820612677821,2.62084023388263,0.24915901988548,4.40219510388018,0.726808923317622,4.29677914600817,1.76207482747029,5.32564119477032,0.165744117105937,1.80250059277571,1.50967634692037,1.55921291902838,4.62262805209249,0.289935333212618,0.689506082336417,3.28105221002165,0.519622060793202,4.55272381720921,2.51274646762355,2.49290533962595,1.49185283444126,1.23891913237041,2.28587289456947,4.84973649861585,1.91455146444905,1.91455146444905,0.866584422214047,0.14050007162691,1.04831444451551,0.0628792097772337,0.536428209695569,6.6558783251472,0.529555718766468,0.347168556787516,6.60541982905288,-0.577589071017515,4.80566061937324,2.03829770927071,0.0959667245981953,3.48282984179131,5.72230289268579,5.19092286656359,0.972886036220452,1.93918376990657,4.49352750570248,1.29266689278387,1.22438593513446,0.908242958220929,2.69260782605175,3.4501208859712,0.394376919724701,0.381217570968105,2.89807438706296,0.0498551480841518,"MCI",-0.684235486
"490",2.48865391120838,1.48395751638464,0.513457352044788,2.25273989118108,-0.0219351660076239,3.22461569449151,2.82338891824398,1.11024772398363,2.13712999021545,2.38314607674275,1.45512870895624,3.92566515909707,3.08253301059745,4.60845969173878,1.94578841827499,3.74325297120798,4.82199984755203,2.56563168378896,2.31498174260988,1.74703324720348,2.74806008970034,0.0680908715059618,2.54200987565775,2.74967328765232,2.77608860341269,6.10642303423525,1.49457210466816,3.78918144896987,3.06675004995362,3.74042048443676,3.03467181115171,3.38989861868361,3.09648404795475,1.81687108735165,2.22976144545764,4.07331388311379,3.23041001798066,3.22732590979896,1.75952947966736,6.54268656281522,2.35526211212914,2.80809779461238,3.84854071105665,1.43729209476465,4.65387337165333,2.20288703959859,1.61642209403129,2.41288806329636,0.603241131315731,5.8666151383461,4.22342844900788,2.63911767180932,1.31086613544385,1.91819999328259,2.18987733636481,6.15882281613478,1.33709820853436,1.33709820853436,0.94092249093504,0.312177673254638,1.28635109080875,3.54258090214034,2.21836548347114,6.76871752287617,0.748079682323583,1.82364499553881,5.96820416105666,-0.621556645504188,0.959116104188807,6.02786965712242,0.302344839290331,3.01858013211541,1.45643848612494,1.53042181133494,2.24731864904764,2.92925701630885,5.9974866944158,2.42225769179566,0.181240925258219,1.10950356504535,1.94386148287441,4.5563930109053,0.227745403328056,2.63388518739631,0.0170384183679644,2.13761217526782,"AD",-0.543179305
"491",-0.132764469563748,2.92846936987859,2.71057581253475,-0.108972789420447,1.82932101319401,3.38168787694087,3.79647129056522,1.55100261689501,1.83535050454399,-0.118706077613125,1.77861448035759,4.18818431230433,2.67894311600737,-0.0161694806896682,-0.108310468554367,3.9481854757746,3.9371613520999,3.17047435328226,3.59147682342919,3.78521654218109,2.88630313958276,0.106180009092824,2.72444964604751,3.94241852964346,3.18634935378238,3.9674099485653,2.74599085552434,2.94830358400074,5.03996659442067,3.61357010666552,3.87499089141531,4.52524491920759,4.17336295437899,-0.101449185538139,0.0323568162878058,4.89319354153793,3.85228108836805,3.66748574999949,0.572968856144655,3.89855352741853,3.18035362155766,1.72795334683222,5.42281624849715,1.88985479982539,4.47631012776016,0.321616026668116,1.68150657664189,-0.126731919531931,0.612785112376381,6.10699397810365,3.6997817054969,2.65112403486224,2.54263520943078,3.43996511050667,1.75950730548577,3.62063900827237,1.57624571003603,1.57624571003603,1.20096592295815,0.0230931393562233,1.69245271407153,0.214042715454593,2.65747977099176,5.91698398899561,0.973329923995032,0.130833447448039,7.0789131068385,5.45686983206759,4.44084624612327,1.31095100816125,0.207853688687984,2.82119116201919,5.41993370206943,5.78390413564257,1.69597471576582,5.19150345175512,2.89913942936159,3.07962422838023,0.250643883925508,1.23774755654478,3.10181782039804,2.1629426872514,1.29488482735218,-0.39310606588406,0.0784027227821148,1.17641965699828,"AD",-1.64123645
"492",2.32239199070068,1.8580846047164,1.85235829828948,2.40978637833062,2.53023503210183,4.10688337079051,0.00315458308597516,1.51636019437068,1.71224261896836,2.21781926923221,0.225107166850062,2.64131125762664,2.61039898208094,3.83126353943306,1.79447191418216,4.80005645570212,3.5983388537335,3.84341861388211,4.16302127220785,3.26137493131048,1.03898219918251,-0.157482463554318,3.59178208347472,3.74741092564349,1.39464344503161,3.7670861013139,-0.10308908101455,2.60524794466,3.18889118426724,3.63017344030902,2.60706319460143,4.29010797984565,3.99677526192023,1.63919434744793,1.9478996920513,5.1482495287355,1.82186892550912,3.60844475853591,1.38645944406572,4.62769114168155,2.95770483927084,2.91734153292961,3.30192843309279,2.48113323360022,5.29043870089101,2.43943670344427,2.20252293177981,1.97760400130597,0.154240028771095,5.12240549296685,4.70576701133206,1.63213632512107,3.1308882986938,1.81204517871311,-0.170450023236216,4.04134134556593,0.992788424064041,0.992788424064041,0.955996031998299,0.0209287392647538,2.30439792518849,0.0285915896026019,1.58599744147208,6.22866869691195,1.16269354257664,-0.243041207419098,6.99713090411979,0.618831484357412,4.79101726017917,1.16383369595085,0.118099258430208,2.76059354761271,5.50395414724783,5.82659979889574,0.985590086395073,2.23387608504566,2.98656274153183,1.41786995753832,1.7017177112345,1.04824220456132,3.1759812740868,2.31407917476851,-0.244801928597416,3.87622057843558,3.83902724264381,0.986879193656174,"MCI",-0.187491999
"493",2.5549699604812,2.49672411534597,1.11342495652309,2.4960483504662,0.548292546530202,2.7301574179941,0.955567586153763,2.23669502301807,2.21218295563838,2.67761350659609,1.54662085229981,2.50369427366835,4.02129254323559,4.15575134430626,2.28736605411027,4.03664033747179,0.321366604866657,3.53787865929826,2.9641696607965,2.29270332367806,2.37483192289735,2.43575513908761,3.79793083246672,2.15519719518236,2.20911408299047,5.8423557346275,1.04344166812857,3.71053930287101,3.38167609871087,3.82248030596959,2.22140712573148,2.90921757751879,2.63791374694045,2.19632436317379,1.37135920383627,3.63988232673644,2.1470422982806,3.67369041033964,0.31189954730996,4.91220036657332,1.93265399002479,0.550522304729123,3.92693860288995,2.00372389698137,4.66988564782245,-0.0426397705010512,0.841068737520051,2.87568107905227,1.04649915256093,4.08900339575336,4.50360952654128,1.81512531925608,2.66699540411728,2.33525109270177,2.7871886557866,4.37891413525792,2.38886672393338,2.38886672393338,1.39398645642919,-0.00676048368132265,2.54107130646802,2.55301401762662,2.46319029509521,6.61806926188238,1.49851143775551,2.74596254845056,0.108260733690916,0.52932667275814,4.06466734231556,6.9796132608762,2.11577429802383,2.06171387657398,4.31013589250822,1.54452370414135,0.0855353115442088,3.23148967623574,3.58934238395866,3.5049450293628,0.0188822491746854,2.56006245777376,0.0769708492942551,1.72656361213652,0.140382183248494,0.28175371271633,2.87844372100056,0.111005529564437,"AD",-1.205905767
"494",2.38811866236484,1.9987678404994,1.10027285768994,1.98824575678842,1.1067643348638,2.75053342751013,0.656193541745869,2.49220274443525,1.12860770351869,2.25958462313758,0.251022819435861,2.7058129489794,4.0075504557987,3.46415916949394,1.66070389637534,3.68734669193097,3.94542287901727,3.53836702090307,2.23855433816541,3.36614327335993,2.60879741146028,1.41855326053782,3.25268653749226,2.90959469903404,2.56137776031729,5.73615993718565,1.51191414110554,3.32687029119494,2.98660884472987,3.50632598178417,2.52029188949049,3.32590334444023,3.19982494344972,1.03221889721452,1.06851200429475,4.32944393305331,2.35891889238759,4.20537331853034,1.60051647021327,6.24578090235326,2.42570143926939,2.06880245439623,3.13939082773914,1.96507179506822,4.92422910298594,0.369559967260266,0.935833973692401,1.84921241725989,0.0881719744602185,4.27079071893628,2.42412395046752,2.52309113295806,2.794946550913,2.06653323412752,2.49480881117524,5.67492235426195,1.39614482796687,1.39614482796687,0.745187371313327,0.430990615722912,0.844351193127904,0.101444823620682,2.21455497962125,5.8747671397268,0.66598002124187,-0.243041207419098,6.54574273067957,0.895770307331224,3.92508154132868,1.93022610638273,0.0562540334192335,3.0848353307636,4.76718144649266,3.74158646272799,1.66838073002937,3.77558497302796,5.36091616539085,1.74207501211615,0.261569311756582,0.541586152808855,1.15099231141394,2.48281355339029,-0.244801928597416,2.13590687510789,2.61977968136087,0.986879193656174,"MCI",-0.244693292
"495",-0.125665749084412,2.36300437303186,0.269134584362052,-0.098347728489809,2.15750719797261,3.50414091439626,1.74726990547911,1.04603869283088,1.6113044808132,-0.117151311019169,2.38634456029378,3.4603528163988,2.57007121954082,-0.178736434001852,-0.0955339274883289,2.39713523484469,3.92224713088878,2.3758735203294,1.98304788575651,3.46719002101117,3.90090420682628,1.66896742271165,3.56738510551922,3.29216634437224,3.75447426599626,6.05392634460203,1.95990634048192,3.88187737666649,3.36955874156336,3.67000155432957,2.51208054519104,3.8764267519606,3.94569488302508,-0.0988353430950836,0.245867938305912,3.43799556045928,2.33970816186307,4.18547958077299,2.29212479635057,6.4601349739251,2.44627656792195,2.56334076076758,3.46277304825659,2.76997983977881,5.33859863310615,0.262054197511442,-0.691228555314044,-0.111518926665959,0.764124325423495,3.90102666029702,4.1196111836623,0.486552762272474,1.22993345274136,2.31846741090681,2.83155313573785,6.01244467927198,1.17618628133484,1.17618628133484,1.71274317536066,2.86280157729173,2.34355764459194,-0.148141042319624,0.3466436931765,6.84881112942334,1.15337425471368,0.297681720813152,6.68711801354909,5.51933750771192,4.10178282729343,2.30236497738069,0.0189561228003851,-0.698374300170378,4.72585786438934,4.10952196596816,2.12763521769784,4.0223920271811,5.32332558963819,1.38938388575637,1.56329886675378,2.40020598985277,-0.253378773160164,1.94233180092531,1.10023070022092,3.72381870439969,-0.0200532207278665,0.149953260232887,"NCI",0.11432259
"496",-0.0399542059642582,0.36720004136227,0.529127952901537,-0.0418078256851504,0.250735168910566,1.61423786025833,0.143095876591331,2.42741373841485,0.638985617902393,-0.0386788269525492,0.294726281459532,1.86236989859125,3.91393823727871,-0.0725284538771369,-0.0297870867037574,3.6401363568538,0.0897429170108228,3.64779226780594,2.07756689418561,3.21040421167684,1.73259009478841,1.68072439631413,3.70755202171166,2.33627866923257,2.23603352022989,4.25028307177193,0.290222133355967,3.42536356279122,2.08954505251525,2.29864952661072,1.70661603389381,2.29742184399516,2.71292309676281,-0.0399187764594087,2.33612214663187,4.44151347409704,0.862192063604587,0.980846915965771,1.55319761231596,6.01186272576948,2.88674210002843,1.05778832456149,1.65831034287142,0.368253774587706,5.44172895704003,0.262163277870343,2.23566292512664,-0.0317680891043611,0.590287156621646,4.50186806728022,3.30180377406001,1.93521298658269,4.47599613671862,1.29548942879184,2.67425927518317,5.62443007957748,0.898533791797556,0.898533791797556,1.34612364122184,0.0867555645415348,2.59200469108868,0.345285951195748,0.996775501417118,6.70368635960579,0.966587245326744,2.43153159942215,6.13057870184364,5.26986994139542,4.47136949745547,6.0897753528217,0.317293881696149,4.49403783034023,5.44095101557805,5.60321782461299,0.837599620744705,2.09394809210731,4.78800099380871,1.48239660124602,-0.0555547120283072,1.47310099424211,1.65511577374784,3.77511297741729,0.449187060578447,3.41514961305764,2.90323892244735,1.25285792366407,"MCI",-0.427631257
"497",0.0736597579313992,1.77912005373008,0.800204032189481,-0.0251026479100241,0.373656412754863,2.2707460736912,0.100314135509481,1.00706953596982,1.08088337475734,0.000541160395466367,1.4161487188531,2.48521335604166,3.87445400404183,0.143471572833202,-0.015459308274748,4.10808139178637,4.5442738686693,3.47319549957839,2.55816764593975,2.78249172614289,3.04535906981406,1.50366631705449,2.59542544641994,3.07644580295275,3.08547905454253,4.13674608734414,1.20054832107665,2.78460106482066,2.84865002876494,3.27975100599905,1.90718678427049,3.46463486555666,3.49685107819644,-0.0454720876314101,1.69711710656468,3.83353828830431,1.80181657846983,3.73052848160939,0.395565875981968,5.35867609762882,3.29189374280463,1.0539151197201,3.82385504362858,0.535825058268255,5.14687411160761,-0.0594126819477074,0.915686616023873,0.0316915729289993,0.865782317515199,4.20118141836437,3.03681200068111,1.67914555615138,3.28457266986552,2.29075864203378,2.68090521549496,5.07194831793227,1.75886508874556,1.75886508874556,2.67015483057641,0.106109580298894,0.380299032430116,0.179704985457502,2.73526423466658,7.57067982163238,1.69364044568689,1.67206223849999,6.37007700348047,5.47363099779477,4.23024162479438,6.03020342980892,0.334474103702112,3.52786951414376,5.36216110122029,5.7359657669928,0.142107932957755,2.93539690968702,4.25005352554776,2.46201938855178,-0.0538671228877533,2.16211740995639,2.38700416094602,2.25422275379128,0.471970820348384,4.01570961859219,0.0945436743870222,2.88797196347572,"NCI",-0.278311882
"498",-0.0381673497758762,1.46360710469149,0.245591162721787,-0.0418078256851504,0.0925031837944916,1.32740297619146,0.11118169348909,1.34267584759986,1.13792320827526,-0.0386788269525492,0.732819916944958,1.9058388689688,3.55076744464996,-0.0524509759681884,-0.0297870867037574,3.326926707723,3.7649552307304,1.55672541870872,1.95385785675476,2.18057813840694,2.16123686368009,1.45739431575824,3.23076443701154,2.23577481880174,2.54038394125604,3.96721297078329,0.79255111193512,2.86973738853258,2.82099918738092,2.23922102461855,2.10240001000277,2.4767072037501,2.46080285503886,0.00469708211209274,1.40795538514311,4.94755196845007,1.4493535671156,0.964874521987381,0.251904402578703,6.11942248132298,2.08312178977266,2.66704552756873,1.59471466792681,1.62315258697647,4.90017912134606,2.0196151981513,1.21518818703237,-0.0317680891043611,0.416084535473682,4.48640781268304,3.30724852234272,1.68642017822777,2.3108967508688,0.897118098301327,2.35393903115223,5.92323673492128,1.96122295779294,1.96122295779294,1.67549730935115,0.0867555645415348,0.944901029553554,1.27313298607131,0.945407446934519,6.78843642190412,0.677238006569351,0.215729647773785,6.60642740033126,5.13221691693864,4.50312931816331,1.86465317587082,0.327283175126758,3.81418032321793,5.33643926911386,5.34587424997512,1.74319504282082,1.86433902944017,5.58717066825684,1.09013365539889,-0.0555547120283072,0.69952105198731,2.98568964778253,2.62704056721323,0.449187060578447,3.02516588427895,0.118364313729382,3.07022201356772,"MCI",-0.661986935
"499",0.183443196221773,2.02515621463056,0.70629475192022,0.17682955526388,1.2672530412282,2.71372605981582,0.537299609261883,2.8783275741341,1.34563827242669,0.177870610815013,1.39961764226827,2.54825808557609,2.50279792864833,0.286651928557695,0.135243461906161,3.96238240381804,0.238587750009363,3.50666307831609,3.02693765338823,3.83107390788021,3.03552761647133,1.65578920687954,2.68697166650227,2.44935788371392,3.48048066615483,5.72980725529394,0.766093524581,3.96405606916532,3.78204466011412,3.43421210396824,2.47809996140028,3.20953085283588,3.17978901603233,0.124231246759996,2.15352298107034,3.49259075154015,2.16891578320247,4.1917378323755,0.162228035370245,5.05371000298096,2.68965359566775,2.94548205240527,3.80519385475715,1.94567625523714,5.09725255278039,2.03393185939562,2.04425899754855,0.159332078662161,0.738761586832734,4.17366070662567,4.04474908768155,0.241290953302394,2.19486905773053,2.32771177837362,2.55721002593555,4.636192381038,0.0293791596594455,0.0293791596594455,1.30986076939883,0.0334185604490479,1.78372557211572,1.01474211490638,1.88230917165876,6.26510438995596,0.499364862190177,0.123872065291943,6.99775629197501,4.29684836273387,4.3728687377434,1.65328413030825,2.05319751117148,3.49015068145994,4.91005979222135,4.17102602944861,1.0569431244291,3.132798572796,4.01859132372097,2.21047215966796,1.17161273233431,0.916092533694839,2.65706632549372,2.15454479966526,0.394376919724701,2.83374987239121,3.12657227443926,0.0498551480841518,"MCI",-1.169735774
"500",-0.144146548420183,1.35366613762926,0.576473409435981,-0.13025702699126,1.03263797405456,2.29713493918753,0.178512559749708,2.929363251657,0.814020054216854,-0.101421438900795,1.2860484543361,2.48880448309027,3.24641611827469,-0.155984129527258,-0.0987287720359169,2.9784662694018,3.42823912753098,3.80197109770961,2.25503261087938,3.52722370367072,2.97018694124849,0.203743913955995,1.81148252429892,3.4432078341777,3.07397635435803,6.00850953635968,0.337430431863226,3.89033879723764,3.12746036937147,2.08379773659289,2.17943327783011,3.93718355117873,3.90874831920537,-0.0911014723481354,2.02255955668248,4.72370960389499,1.60085702194861,3.0057081841477,0.801893223426727,6.4492263642163,2.88572640824059,2.54572401789318,1.57131848624281,0.44575712248537,4.34014578157494,1.68444653790988,-0.595772250239874,-0.0793080049744408,0.490882367081096,6.68820109005199,3.77300199618179,1.7204766843091,2.30142769465637,1.05938025052168,2.08019268612518,5.98107590463854,0.924737548142749,0.924737548142749,1.28406077921744,0.0765429797891009,1.84630098467232,-0.156863898412044,0.898017585152114,6.692013213616,0.220414655371718,2.49318091724498,5.86589819142299,5.55801800275869,3.71413698468845,6.54336377171082,1.61576053257692,4.04178253799242,4.52981158009379,3.48081870814158,2.21721210915334,1.85064036286584,5.25991652373007,1.49517659124741,2.48141410863115,1.3950167103561,3.31562673424686,2.20096434013454,0.140382183248494,4.56877879602794,-0.0202098216700136,0.111005529564437,"AD",-0.932573992
"501",2.65308503100254,0.557302025460536,0.725105272690702,2.71177317349693,2.99592003300629,1.29367592579868,0.187080025438842,2.64118927944612,1.27863339847251,2.38769503581669,1.09807841760194,2.55538924293931,2.811373693498,3.87605275805885,1.90450274679552,3.85179844720413,0.373985531726309,2.73582387651345,1.89929264814882,2.71432259060065,1.00238510852788,0.13968428941492,3.19960401393922,2.97983990102119,1.44349114543925,4.29775766220477,0.675168481886065,4.24783754902456,2.41756176254324,2.63829383676362,2.56574676596908,3.45722263209274,3.25616003470487,1.41755228836459,0.417559488159825,4.90911531091673,1.3722729291061,3.3181502625896,-0.00942034137389514,6.04129232029799,2.42779974374492,2.35601883205646,2.85416687055653,1.74836308986732,4.85300207051369,0.650918639166255,1.55949082020857,1.99889863223567,2.20241848091664,5.33703022414465,4.1012598576621,1.7966739526656,2.74471814274057,1.04817563793959,2.84618707576758,5.53857942300733,0.778342590006328,0.778342590006328,1.16734886694521,2.50222457387447,1.37780162185903,0.0360374303149619,1.20638023884285,5.96714337958485,0.413849621934963,1.7252505114898,6.32487881321334,0.0399876660450444,4.60367665627891,5.57017781182302,0.145859478633091,3.61761440948768,5.37939723618707,5.27347461634195,2.64152578567631,2.00163269020092,5.43959463146672,1.34778739803744,2.11527915418398,0.0788237938650278,3.30806570620587,3.24117185338821,-0.359103320245932,3.13858383877109,-0.162858164507083,1.5500312959769,"AD",0.169932037
"502",-0.135524354907777,2.69904952559808,2.01907452130198,-0.10729778888829,0.681550467065436,3.21570057394982,1.15721921000796,3.36491967317377,1.77352123576422,-0.12109560726291,2.72669975309246,4.02463665217368,3.21192651849942,-0.202566801476304,-0.108238819896417,4.27590869645449,4.00538193231425,3.12370417259433,3.34575376504365,3.29232039271807,4.14913140470524,0.000801716455947066,3.2191955288688,3.03606832937121,4.8034705603958,5.89572072201049,1.00951906757058,3.41167560296658,4.78326838668089,4.08827721133696,3.61034508422668,3.61274555970656,3.16482830876091,-0.0944894737336466,1.70478810792437,3.89191714794038,3.46956843228782,3.75186939652795,-0.0549815652274108,4.47978850370786,2.61845781693258,2.79394727296926,5.47223077244226,0.364334666591094,3.91733561660353,2.22568860907389,1.69555621249899,-0.0626035637817223,0.334274263893082,4.66634118632262,3.03046046934361,1.86507165860659,0.625298172056484,2.4362020262936,2.17577492773259,4.22944840580939,0.896213843938906,0.896213843938906,0.339084584889519,0.169924435068276,0.472530336103616,0.12190175751404,2.85287491201956,4.78847976390661,0.492316904728392,-0.243041207419098,6.93108945325605,5.11844145594086,4.39776625386465,0.825262810899314,0.189803741947594,3.05011096449892,4.95902363762439,3.8536262702626,1.51530849140473,3.49676984597128,3.29318546356149,4.4907758636746,0.261569311756582,0.195430580924907,3.47819275064388,2.35525675191644,-0.244801928597416,3.31069396459387,0.0851070030266454,0.986879193656174,"MCI",-0.503442695
"503",0.180316078505322,1.95973715938452,1.00831769797422,0.164616963055929,1.76033155770038,3.89937866851746,1.88153143635143,2.24147725622844,1.76309799823569,0.170341838520584,3.49385480155934,4.14128562755567,3.76812099796022,0.309733509880352,0.137409892627902,3.510499297225,4.11998251541738,4.41302464355326,3.58469305548843,4.559590127517,3.89020528043668,0.0205306901880389,2.79275662268321,2.86867162774536,3.75452446112454,5.71260816778136,1.94998284832641,2.75137064193816,4.15220293181627,3.8499059741496,3.64584213650483,3.52942426453306,3.31804507612801,0.124231246759996,1.38464100368283,4.127112976684,3.33956596084305,3.66628539359115,0.344673781746966,5.84314500556939,2.17189448255298,0.640861573746235,4.35953773503298,0.172618234101789,4.9558841031882,-0.0196958906353161,1.41070502557684,0.152967554163864,0.732055999949212,4.67959637515588,4.14826034557694,2.02625200615668,2.09455016169853,3.17909047712182,-0.0216599065277174,5.76123112698936,0.0293791596594455,0.0293791596594455,0.899331641676805,0.173777347695079,1.03784214960637,0.118801334976867,0.551035887402586,6.82879140475726,0.975486821374189,0.123872065291943,6.52874824980069,4.62874045809,4.03899401661258,2.38616041403081,0.128588364644792,2.67591082305891,4.55870850110597,3.62197056352876,0.501081006376073,4.03366512059662,5.39263014947323,2.71379123290334,-0.229948880300692,0.502273557998186,3.19425721082173,3.02100896052176,0.394376919724701,4.83388638788645,-0.028086799002319,0.432763782588642,"MCI",-0.210755485
"504",2.55435898900403,1.2040661469133,1.65249685301268,2.55741781230503,0.604167292419103,1.52896301863991,0.0454406113146048,1.35767682616635,1.65694648585304,2.71182100965885,0.228099154293567,2.15902717632226,3.78825830686334,4.28003325795429,2.15245509653401,3.75394082192918,4.23716755717876,3.47493168000216,2.00451476735743,2.99839129947725,0.759333083903853,1.07946076768152,4.23761465389953,3.35489694536692,0.896182421846507,6.02039589153154,-0.0102227074886686,2.55106986721622,2.24061808614019,2.41682780871731,2.57320943243316,3.59828104093701,3.37815747916366,2.1584797249505,0.912391847170985,3.58681168745684,0.973436888375525,0.911306610670679,1.75590646362432,4.68714485713305,2.66507091087642,1.6092370211669,3.31348828254047,2.00225247002243,4.59036371491448,-0.0708509673880884,1.77240226596365,2.63098945662117,0.73709035593586,4.56847336998365,4.42523759187136,2.04682701576337,2.77654703648951,1.36735273830015,0.973749197609701,4.09072010159439,-0.11550705811332,-0.11550705811332,2.00044409637582,2.71121445532488,1.57060379780982,0.0232009998631409,1.27520203176648,8.12023206292627,7.80016228190572,0.0058801132102102,6.63550601117122,0.297271257622373,3.57671447890027,2.164287304958,2.48644971199647,3.85041235693705,4.40434643258117,3.20365337065426,0.371461093379694,1.47245882731464,3.29594380990115,0.989209252925672,1.38181324156225,0.809608000699353,-0.614815040871991,3.37419086599971,0.322031251268873,0.370853239865749,0.137898156439454,0.573948721525549,"AD",-2.656129059
"505",2.61080852362462,1.81280570461369,0.486421359172189,2.43067999839499,1.15698264806781,3.6944587472635,0.357797227448858,2.41531433376436,3.39570828875166,2.46844720970467,0.912189598736394,3.47145732065468,3.69398086174617,4.1133723288116,2.00607813645894,4.13746364805703,3.51536947951951,2.64544768681387,2.94924163614774,2.81937745501663,2.0130557212032,1.84314954517727,3.14849584665621,2.98503602951343,2.20799145819919,5.84181853721302,0.291875760278603,3.63305938388426,3.68080785514797,4.00414853076208,3.2180461686776,3.73354954609068,3.364769101324,1.60451510080302,2.06761537274228,3.92520699812773,2.8846508082645,0.361144733326692,2.07124186634914,4.47605895761223,2.58991946488701,1.43389362889648,3.86294352878713,0.502637848630656,3.97153469083817,0.235893403797788,1.27611019211544,2.3164221101435,0.428448336643331,4.62359776661531,4.11766484271923,2.02686468869453,0.55886552967718,2.46423578196669,2.96561839115755,4.08647639403873,1.84808036176243,1.84808036176243,0.245831126564168,0.124423873284486,0.887032505982838,-0.0247563221328514,1.90991730134529,6.00102063225829,0.337352424703095,0.831363095050641,6.44097810969258,0.455011297929707,3.4558576297845,4.95769357278757,0.171380509502407,2.74158156381472,4.20128275026009,2.93801750137214,0.886374927383913,2.91491802453545,3.03148114748679,2.51941833932734,0.735971076743239,0.367018475842642,1.07147031741656,2.7569309282292,0.0858048745115151,3.57662063531176,-0.0977473299304443,2.61447158557532,"NCI",0.093791621
"506",2.35743392439073,1.89848946929565,1.38075813062433,2.08860138719211,0.880083769924486,3.35243975107775,0.993632960958464,1.44035463816998,3.05957592703544,2.23680795258104,1.73499555735218,4.33427325856822,1.92261748701099,3.58892822995683,1.88381904356627,5.0281373462065,4.43914315733874,3.63143802929024,3.5549836401937,3.31473250026457,3.09241841759874,1.51935671407186,2.12664329713492,3.09122726098168,3.04835280754587,5.93545580652315,0.685851759618835,3.89641210111214,4.91926202887016,4.08912071403724,3.38505891049458,3.3635062504679,3.25128751538077,1.31723020787387,1.5212169508438,4.11601988033212,3.59996350156836,3.69076007138242,0.420272594404553,5.92903727459153,2.73723612405064,1.14214446075566,4.96091903090238,1.63836319942383,4.53812894853224,0.505447304325,1.12487947589683,2.02707729241458,0.422062717602624,6.50486970803306,4.24947067699536,0.26224048890446,2.00271897365186,3.64660919953892,2.78061111033866,5.61536391751266,-0.160497645930303,-0.160497645930303,1.4926888397431,0.218244590587694,0.953701104352776,0.0312170662002285,1.25642622633509,6.49436828417153,0.292268849164677,0.194583788125872,6.59287802852472,0.439659065956953,4.12926914475146,2.2774545362612,0.351871342570443,3.93951461314703,4.41967387005673,2.9341513334833,0.871453770239893,3.45335891081151,5.0235674381131,2.96515677007017,-0.0555547120283072,0.834383261697017,3.06323680944511,2.67931945472051,0.449187060578447,2.38483208471772,0.0576378535788191,2.28117284628927,"MCI",-0.106762241
"507",-0.0410865366644441,1.8832207912657,0.199540794352049,-0.0397948715140521,1.33566825116198,2.71273167421953,0.775736918482381,3.16995235998891,2.17564080584008,-0.0292072900213437,1.8106715297734,3.00782351356464,1.97238877291055,-0.0784291432093116,-0.034359764888804,3.41004255014557,3.2202072532195,2.64894773246463,3.28693846828773,2.76229276197376,1.75196041697024,-0.00231987600269812,2.04992776454396,3.32041542728736,2.12229248212333,6.12546092874398,1.09217209345262,3.81721750274362,3.91060609579963,3.66439065522735,3.35473361801635,3.8980997717797,3.74674951053593,-0.00775278557321835,1.84291993962564,5.96561973651519,2.65602744486832,0.949240105977668,0.63694139592578,5.32089513682694,1.74377939740713,2.7817877159749,2.63991543827008,1.48971597604597,5.94104849372543,1.64331566166602,1.45912410298643,0.0310974766650542,0.49668658577025,6.63886826072467,4.58992195081184,1.62981851166064,3.66177624016098,2.29738699863989,2.38945368423219,4.82822500817989,0.97475780475339,0.97475780475339,1.11890417581206,0.365892966318565,1.49016544090232,0.637954292399769,2.1397679889531,6.46985546381372,0.927740314932523,0.0058801132102102,6.8533433502256,4.88720028138854,3.4631338203716,2.2313479757944,0.490194669472624,4.13810147619121,4.25920196226978,3.28591936734774,1.02000858647606,3.06133167069277,4.36014683850275,1.63079202396061,2.12075726795698,1.0985227281008,2.9546848575627,2.69854896939547,0.322031251268873,3.208036607904,0.134312760547859,1.24574318012551,"AD",-1.56372465
